#pragma once
// generated by tools/mc_hud_gen.py from 1.21.11.jar, do not edit

namespace n_mc_assets
{
	enum e_sprite : int {
		sprite_hotbar,
		sprite_hotbar_selection,
		sprite_hotbar_offhand_left,
		sprite_heart_container,
		sprite_heart_container_blinking,
		sprite_heart_full,
		sprite_heart_half,
		sprite_heart_full_blinking,
		sprite_heart_half_blinking,
		sprite_armor_full,
		sprite_armor_half,
		sprite_armor_empty,
		sprite_food_empty,
		sprite_food_full,
		sprite_experience_bar_background,
		sprite_experience_bar_progress,
		sprite_crosshair,
		sprite_crossbow_standby,
		sprite_crossbow_arrow,
		sprite_bow,
		sprite_diamond_sword,
		sprite_potion_overlay,
		sprite_splash_potion,
		sprite_arrow,
		sprite_tnt_top,
		sprite_tnt_side,
		sprite_font_ascii,
		sprite_font_accented,
		sprite_font_nonlatin_european,
		sprite_max
	};

	struct sprite_t {
		const unsigned char* m_png;
		unsigned int m_size;
		int m_w, m_h;
	};

	inline constexpr unsigned char k_png_hotbar[] = {
		0x89, 0x50, 0x4e, 0x47, 0x0d, 0x0a, 0x1a, 0x0a, 0x00, 0x00, 0x00, 0x0d, 0x49, 0x48, 0x44, 0x52, 0x00, 0x00, 0x00, 0xb6, 0x00, 0x00, 0x00, 0x16,
		0x08, 0x03, 0x00, 0x00, 0x00, 0x5a, 0x32, 0x96, 0xd8, 0x00, 0x00, 0x00, 0xa5, 0x50, 0x4c, 0x54, 0x45, 0x04, 0x04, 0x04, 0x27, 0x25, 0x05, 0x20,
		0x22, 0x05, 0x22, 0x22, 0x05, 0x25, 0x24, 0x04, 0x27, 0x24, 0x06, 0x1b, 0x1d, 0x04, 0x2a, 0x26, 0x07, 0x2e, 0x2b, 0x0a, 0x2a, 0x25, 0x07, 0x1d,
		0x20, 0x04, 0x2c, 0x28, 0x08, 0x19, 0x1a, 0x04, 0x06, 0x06, 0x04, 0x2e, 0x2a, 0x0b, 0x16, 0x18, 0x04, 0x30, 0x2c, 0x0e, 0x33, 0x2e, 0x10, 0x30,
		0x2d, 0x0e, 0x08, 0x09, 0x04, 0x33, 0x2f, 0x11, 0x0f, 0x10, 0x04, 0x0d, 0x0e, 0x04, 0x33, 0x2e, 0x11, 0x0b, 0x0b, 0x04, 0x14, 0x15, 0x04, 0x12,
		0x13, 0x04, 0x5d, 0x5d, 0x5d, 0x7e, 0x7e, 0x7e, 0x60, 0x60, 0x60, 0x62, 0x62, 0x62, 0x7a, 0x7a, 0x7a, 0x5a, 0x5a, 0x5a, 0x80, 0x80, 0x80, 0x73,
		0x73, 0x73, 0x77, 0x77, 0x77, 0x66, 0x66, 0x66, 0x7c, 0x7c, 0x7c, 0x67, 0x67, 0x67, 0x84, 0x84, 0x84, 0x70, 0x70, 0x70, 0x85, 0x85, 0x85, 0x56,
		0x56, 0x56, 0x6b, 0x6b, 0x6b, 0x6d, 0x6d, 0x6d, 0x89, 0x89, 0x89, 0x93, 0x93, 0x93, 0xab, 0xab, 0xab, 0x8b, 0x8b, 0x8b, 0x90, 0x90, 0x90, 0x4d,
		0x4d, 0x4d, 0x00, 0x00, 0x00, 0xce, 0xce, 0xce, 0x47, 0x47, 0x47, 0x54, 0x54, 0x54, 0x42, 0x15, 0xe6, 0xe5, 0x00, 0x00, 0x00, 0x1b, 0x74, 0x52,
		0x4e, 0x53, 0xba, 0xba, 0xba, 0xba, 0xba, 0xba, 0xba, 0xba, 0xba, 0xba, 0xba, 0xba, 0xba, 0xba, 0xba, 0xba, 0xba, 0xba, 0xba, 0xba, 0xba, 0xba,
		0xba, 0xba, 0xba, 0xba, 0xba, 0xbb, 0x21, 0x74, 0xd7, 0x00, 0x00, 0x06, 0x3f, 0x49, 0x44, 0x41, 0x54, 0x78, 0x5e, 0xd5, 0x57, 0x07, 0x76, 0xe3,
		0x3a, 0x12, 0x64, 0x21, 0x33, 0x49, 0xb2, 0x3d, 0xe1, 0xef, 0x02, 0x4c, 0xca, 0xb6, 0x27, 0xfd, 0xb4, 0xf7, 0x3f, 0xda, 0x76, 0xd7, 0x83, 0xfd,
		0x7c, 0x85, 0x69, 0x5b, 0xa4, 0x50, 0xac, 0xce, 0x0d, 0xf0, 0xa9, 0xf9, 0xfb, 0xb7, 0x94, 0xe6, 0xef, 0x7f, 0xfe, 0xf9, 0xf9, 0xf3, 0xc7, 0x0f,
		0xf9, 0xff, 0x7d, 0xe4, 0x9b, 0x84, 0xfd, 0x33, 0xe7, 0x7c, 0xcd, 0x79, 0x5e, 0xb3, 0xfe, 0x5d, 0xe5, 0x7e, 0xcf, 0x25, 0xaf, 0x82, 0x9e, 0xb3,
		0x00, 0x93, 0x7c, 0x79, 0xcd, 0xf9, 0x34, 0x17, 0xe1, 0xe4, 0xf3, 0x3c, 0xe7, 0xf9, 0x3a, 0xe5, 0x59, 0x50, 0xf2, 0x32, 0x99, 0x64, 0xbd, 0x08,
		0x2a, 0xd8, 0xb6, 0x12, 0x7a, 0x5d, 0xeb, 0xb3, 0xb9, 0xf2, 0x26, 0x55, 0x20, 0xa6, 0x72, 0x3d, 0x5f, 0x84, 0xc0, 0x25, 0x6d, 0xbd, 0xdb, 0x7b,
		0x67, 0x9c, 0x45, 0x73, 0x9d, 0xce, 0x79, 0x39, 0x13, 0x9c, 0xae, 0x12, 0x64, 0xf5, 0xfb, 0xaf, 0x86, 0x7d, 0x6e, 0xaa, 0xfc, 0xd1, 0x3c, 0xf1,
		0x7e, 0x9c, 0xca, 0xda, 0x7c, 0x21, 0x44, 0x11, 0x78, 0xdc, 0xc4, 0x64, 0x33, 0x36, 0xca, 0xe0, 0x4d, 0x3e, 0x63, 0xb9, 0x0a, 0x26, 0x42, 0xa8,
		0x4a, 0xc9, 0x65, 0xae, 0xd8, 0x67, 0x82, 0xca, 0x7b, 0x2d, 0xd4, 0x1d, 0x3f, 0x57, 0x6b, 0xca, 0x5b, 0x89, 0x89, 0xcf, 0x4a, 0xa2, 0x2e, 0xed,
		0x8d, 0x95, 0x43, 0x6e, 0xc9, 0x1b, 0xed, 0x8d, 0x0c, 0xf0, 0x89, 0xb7, 0xa2, 0x61, 0xff, 0x98, 0x9a, 0x00, 0x0c, 0xf0, 0x3b, 0x0f, 0xbf, 0x87,
		0x48, 0x79, 0x11, 0xd7, 0x3b, 0x50, 0xe0, 0xfa, 0x18, 0x60, 0xe2, 0x4d, 0x4d, 0x12, 0x68, 0xe1, 0x15, 0x0e, 0xd6, 0x6c, 0xf9, 0x22, 0x98, 0x43,
		0x42, 0xb0, 0x50, 0x13, 0x80, 0x17, 0xd7, 0xab, 0x62, 0xd6, 0x05, 0xf9, 0x08, 0xf6, 0x68, 0x5d, 0xc9, 0xcb, 0xdc, 0xa0, 0x03, 0x22, 0x94, 0x66,
		0x90, 0x02, 0x8e, 0x6a, 0xaf, 0x03, 0xc5, 0xf7, 0x06, 0xc6, 0x47, 0x94, 0xa9, 0xe4, 0x11, 0x70, 0x0e, 0x8e, 0xb8, 0x73, 0x09, 0x27, 0xe5, 0x59,
		0x38, 0xab, 0xda, 0xc2, 0x79, 0xc4, 0x01, 0x85, 0xd5, 0x66, 0x38, 0x70, 0xe4, 0xc5, 0xea, 0x9a, 0xe1, 0x10, 0xc3, 0xa1, 0xf5, 0x48, 0x41, 0xb1,
		0x51, 0x03, 0x33, 0x50, 0xa1, 0x9d, 0xd3, 0xac, 0x21, 0x02, 0x3d, 0xe1, 0x44, 0xfc, 0x59, 0x78, 0x5f, 0x10, 0xdc, 0x01, 0xf0, 0x20, 0xb6, 0x07,
		0x3b, 0x25, 0xb4, 0x07, 0x8b, 0xea, 0x29, 0x0c, 0xcb, 0x74, 0x9b, 0x1a, 0xf4, 0x91, 0x75, 0x40, 0xa7, 0x4c, 0x86, 0xdd, 0x90, 0x10, 0x1e, 0xe0,
		0x03, 0xd9, 0xd2, 0x15, 0xe1, 0x39, 0x0b, 0xdf, 0x07, 0x65, 0x1b, 0xb9, 0x14, 0x56, 0xfb, 0x2a, 0xea, 0x18, 0x34, 0xc9, 0xd8, 0x33, 0x08, 0x6d,
		0xe0, 0x53, 0xad, 0x0d, 0x3c, 0x28, 0x6c, 0x2a, 0xbc, 0x82, 0x2d, 0x22, 0x02, 0xc2, 0xce, 0x6b, 0x38, 0x23, 0x19, 0xa2, 0x4b, 0xc7, 0xb0, 0x25,
		0x3f, 0xcf, 0x8d, 0xf3, 0x49, 0xd0, 0x0e, 0x40, 0x50, 0x7b, 0xc7, 0xb3, 0xe8, 0x06, 0xa8, 0xd0, 0xea, 0x01, 0xc0, 0x32, 0x3f, 0x8b, 0x3d, 0xcb,
		0x75, 0x87, 0xc1, 0xb7, 0xde, 0xe0, 0x92, 0x2b, 0x6f, 0xd7, 0x92, 0x1a, 0x52, 0x02, 0x4b, 0x28, 0x0c, 0x1f, 0x91, 0x8c, 0x41, 0x80, 0xf1, 0x6d,
		0x61, 0xd8, 0xb9, 0xe9, 0x13, 0x68, 0xd5, 0xec, 0x00, 0x90, 0x3a, 0x35, 0x4c, 0xb7, 0x65, 0x6b, 0x00, 0x38, 0xce, 0xac, 0xae, 0xc1, 0xda, 0x04,
		0xcd, 0x9b, 0x55, 0x74, 0x0e, 0x7b, 0x24, 0xcf, 0x2e, 0x84, 0x8e, 0xba, 0x23, 0x60, 0x60, 0x2c, 0xb9, 0xc1, 0x01, 0x74, 0x1d, 0xf6, 0xce, 0x23,
		0x7c, 0xf5, 0x80, 0x69, 0x5b, 0x83, 0x9b, 0xa6, 0xec, 0x10, 0x1d, 0xe0, 0x69, 0xf6, 0x93, 0x17, 0xec, 0xf8, 0x6d, 0xc4, 0x63, 0x07, 0xa4, 0x64,
		0x1d, 0x28, 0x65, 0x16, 0xdd, 0x03, 0xf6, 0x9e, 0xab, 0x9e, 0xdd, 0xde, 0x6a, 0xd8, 0x88, 0xd8, 0xe1, 0x5d, 0x3a, 0xba, 0x79, 0x9f, 0x87, 0x98,
		0x80, 0x04, 0x86, 0xa8, 0xe6, 0x5d, 0xed, 0xbd, 0x28, 0x94, 0xb3, 0xb8, 0xe6, 0x2a, 0x90, 0xb9, 0xef, 0x6d, 0x3c, 0x31, 0x3d, 0x13, 0x90, 0x7a,
		0x00, 0x9e, 0xb5, 0xbb, 0x69, 0xb5, 0x95, 0xe7, 0xb8, 0x01, 0x14, 0x1f, 0x96, 0xfc, 0x8b, 0x73, 0x6c, 0x54, 0xd7, 0xc1, 0x23, 0x21, 0x32, 0x44,
		0x3e, 0xc6, 0x9e, 0x26, 0xdf, 0x52, 0xc6, 0x30, 0xd0, 0x63, 0x95, 0xb7, 0x6a, 0x2b, 0x11, 0x1d, 0x99, 0xad, 0x68, 0x94, 0x69, 0xc9, 0xa3, 0x42,
		0x87, 0x20, 0x74, 0xcb, 0x27, 0x35, 0x15, 0x78, 0x93, 0xe8, 0xe5, 0xf0, 0x36, 0x38, 0x3d, 0x5a, 0x13, 0x7d, 0xec, 0xa3, 0x0d, 0x16, 0xe6, 0xa1,
		0xfc, 0x55, 0xd6, 0xb1, 0x6e, 0x5d, 0x9a, 0x85, 0xc1, 0x32, 0xe9, 0x40, 0x50, 0x8c, 0x01, 0x6c, 0x40, 0x2b, 0x29, 0xdf, 0x89, 0x39, 0xef, 0x7b,
		0x81, 0x5a, 0xb9, 0xa4, 0x92, 0x8f, 0x73, 0x13, 0x60, 0xf0, 0xe8, 0x90, 0x5c, 0xb0, 0x08, 0x3b, 0x2c, 0x79, 0xcb, 0x4f, 0xfa, 0x70, 0x60, 0xe3,
		0x58, 0xf0, 0x53, 0x3d, 0x49, 0x10, 0x83, 0x06, 0x84, 0x9d, 0x05, 0xdc, 0x8e, 0x8d, 0x79, 0x32, 0x95, 0x16, 0x94, 0xe8, 0x1e, 0x4a, 0x26, 0x66,
		0x1d, 0xba, 0x1a, 0x4e, 0xad, 0x84, 0x71, 0xd6, 0x04, 0x50, 0x5a, 0x6e, 0xe7, 0x6d, 0x6a, 0x3a, 0x8f, 0xba, 0x35, 0x1e, 0xe0, 0x13, 0x2e, 0x79,
		0x5b, 0xff, 0xa8, 0x13, 0xc8, 0xfa, 0x60, 0xff, 0xa9, 0x68, 0x07, 0x68, 0x5e, 0x90, 0x2a, 0x4b, 0x26, 0xd6, 0x99, 0x8a, 0x79, 0x97, 0x58, 0x9a,
		0x11, 0xbe, 0x75, 0x51, 0xf3, 0x69, 0xfb, 0x8f, 0xd5, 0xee, 0xbc, 0x00, 0xce, 0xd1, 0x0a, 0x1c, 0x7e, 0xe5, 0x63, 0x3d, 0x5d, 0xd0, 0x39, 0xf5,
		0x3b, 0xe8, 0x6c, 0x7f, 0xcf, 0x4d, 0xf0, 0xca, 0x89, 0x8f, 0x4a, 0x02, 0x2c, 0xb7, 0x90, 0x8b, 0x5f, 0x11, 0x22, 0x50, 0x47, 0x62, 0xb9, 0x5e,
		0xfe, 0xd2, 0xe6, 0x07, 0x52, 0x7a, 0x67, 0x60, 0xda, 0xdb, 0x87, 0x2d, 0xd9, 0x03, 0xad, 0xb7, 0xe8, 0x4b, 0xbe, 0xe4, 0xd1, 0xe3, 0xd3, 0x43,
		0x80, 0x15, 0xac, 0x6e, 0xe7, 0x45, 0xb7, 0xbd, 0xf3, 0xe8, 0x02, 0xe2, 0x9e, 0x95, 0x28, 0xb9, 0xbc, 0x30, 0x96, 0x8e, 0x1c, 0xe7, 0x31, 0xbc,
		0x87, 0xdd, 0x32, 0xe0, 0x44, 0x47, 0x1e, 0xe9, 0x28, 0xea, 0x9f, 0x39, 0xda, 0x3b, 0xf1, 0x11, 0x5c, 0x02, 0x2b, 0xfb, 0xaa, 0xae, 0x9d, 0x0d,
		0xc1, 0x90, 0xee, 0x50, 0xb4, 0x81, 0x1d, 0x73, 0xf5, 0x2d, 0x94, 0xed, 0xcc, 0x4d, 0x4f, 0x12, 0x78, 0x38, 0x5d, 0xc2, 0xb6, 0xce, 0x5a, 0xe1,
		0xdd, 0x72, 0x93, 0xe2, 0x7f, 0x3c, 0x07, 0x3b, 0xa4, 0xce, 0xc4, 0xb4, 0xbd, 0xca, 0xe0, 0x98, 0xc0, 0xd4, 0xea, 0x79, 0x6a, 0x8a, 0x94, 0x6b,
		0x6c, 0x59, 0xb9, 0x03, 0x2c, 0xf6, 0x30, 0xec, 0xc0, 0xca, 0x94, 0x0d, 0xdc, 0x80, 0x8f, 0xb3, 0x7d, 0x1e, 0x81, 0xd0, 0xa2, 0xf6, 0x75, 0x80,
		0xe7, 0xcc, 0x82, 0x00, 0x0c, 0xbc, 0xef, 0x3b, 0x63, 0x6b, 0x03, 0x87, 0x68, 0x60, 0x13, 0xd8, 0x18, 0x2c, 0xeb, 0x85, 0x73, 0xcc, 0x37, 0x4e,
		0x15, 0xea, 0xc2, 0xb8, 0x16, 0x1d, 0x7a, 0x2d, 0xb5, 0x64, 0x5e, 0xa6, 0x32, 0x3d, 0x21, 0x59, 0x54, 0x41, 0xa8, 0x03, 0xc6, 0xa8, 0x41, 0x31,
		0x00, 0x38, 0x38, 0xf0, 0x44, 0x22, 0x3f, 0xb4, 0x37, 0x8d, 0x5c, 0xd9, 0x9d, 0xe7, 0xce, 0x35, 0x35, 0xec, 0xeb, 0xa8, 0x14, 0x1d, 0x4c, 0x04,
		0x51, 0x1a, 0xc0, 0xac, 0xc1, 0x44, 0xfe, 0xeb, 0x10, 0xe1, 0xdb, 0x3d, 0xee, 0x1c, 0x08, 0x58, 0xc4, 0x00, 0x8a, 0x53, 0x93, 0x3c, 0x14, 0x55,
		0x35, 0x76, 0x74, 0x5d, 0xdf, 0x92, 0x9a, 0xbd, 0x0d, 0xee, 0xc3, 0x1e, 0xf8, 0x5f, 0x03, 0x07, 0xaf, 0x7e, 0x39, 0x65, 0xce, 0xf1, 0xf5, 0xf5,
		0x9e, 0x45, 0x0b, 0x6f, 0xea, 0x61, 0x87, 0x1d, 0x9b, 0x4e, 0xef, 0x68, 0xeb, 0x81, 0x1a, 0x13, 0xd7, 0x60, 0x8c, 0xfd, 0xdb, 0x90, 0x24, 0x74,
		0xec, 0x3a, 0x4c, 0x74, 0xc1, 0x60, 0x59, 0x39, 0xdb, 0x3e, 0x0a, 0x58, 0x05, 0x6c, 0x74, 0x3d, 0xbc, 0x00, 0x43, 0xef, 0xb5, 0x2b, 0xfd, 0xb0,
		0x83, 0x07, 0x5a, 0x9e, 0xb8, 0x3a, 0xb3, 0x4d, 0xcf, 0x4a, 0x55, 0x9a, 0xf3, 0x4b, 0x96, 0x81, 0x60, 0x83, 0x14, 0x7b, 0xe4, 0x38, 0xd5, 0x37,
		0x67, 0x0a, 0x84, 0x29, 0x78, 0x56, 0xdd, 0xd6, 0xe9, 0x34, 0x78, 0x0b, 0x5f, 0xc3, 0x66, 0xf7, 0x10, 0x3c, 0xe0, 0x88, 0x38, 0xf7, 0x16, 0x36,
		0x12, 0xa2, 0x82, 0x11, 0x94, 0x72, 0x95, 0xf9, 0xf4, 0x5c, 0x86, 0x1d, 0x06, 0x38, 0x70, 0x4b, 0xde, 0x1b, 0xae, 0xbd, 0x05, 0x4c, 0xe7, 0x82,
		0x07, 0xb7, 0x1a, 0x8c, 0x87, 0xd6, 0xc2, 0x3b, 0xe7, 0x99, 0xde, 0xa9, 0x6e, 0xe7, 0x88, 0x9e, 0x11, 0x25, 0x5b, 0xf2, 0xa6, 0x61, 0xfb, 0x08,
		0xe7, 0xc3, 0x81, 0x4e, 0xfc, 0x49, 0x53, 0x19, 0xdc, 0x27, 0x90, 0x6b, 0x78, 0xce, 0xbc, 0xbf, 0x2f, 0x44, 0xb7, 0x6e, 0x17, 0x94, 0x79, 0x53,
		0x8c, 0xd2, 0xf3, 0x12, 0x3e, 0x9c, 0xdb, 0x55, 0x0e, 0x34, 0x49, 0x75, 0x03, 0x98, 0x50, 0xdf, 0x60, 0x0e, 0xd8, 0xf2, 0xf3, 0x55, 0x2b, 0x96,
		0x6a, 0x75, 0x52, 0xec, 0x2c, 0x2b, 0xc6, 0xa4, 0x1c, 0x1e, 0x00, 0xdf, 0x01, 0xb8, 0x4c, 0xf7, 0xf5, 0xcb, 0x57, 0x76, 0xd3, 0x75, 0xc6, 0x04,
		0x6d, 0x20, 0x79, 0x80, 0x65, 0xfd, 0xc1, 0x2f, 0x2d, 0xbb, 0x82, 0xae, 0x67, 0x34, 0x8c, 0xf0, 0xc3, 0xbc, 0x5b, 0x4b, 0xfd, 0x03, 0xd0, 0x13,
		0x03, 0xdc, 0xe0, 0x2d, 0x42, 0xef, 0x81, 0x2e, 0x7d, 0x08, 0x7b, 0x70, 0x3c, 0x41, 0xf9, 0x12, 0x65, 0x03, 0x47, 0xda, 0x87, 0x03, 0x89, 0xd5,
		0xe4, 0x43, 0x62, 0xab, 0x6a, 0x57, 0xcd, 0xa6, 0x43, 0x62, 0x43, 0x1f, 0x22, 0x12, 0x30, 0x20, 0x3c, 0x58, 0x1c, 0x27, 0x19, 0xb0, 0x0e, 0x4c,
		0xb0, 0xad, 0xa7, 0xfe, 0x89, 0x07, 0x6a, 0xb0, 0xd0, 0x72, 0xb7, 0xb0, 0x2e, 0x26, 0x5f, 0xa6, 0x8d, 0x7b, 0x60, 0x17, 0x80, 0xc1, 0x1a, 0x00,
		0x8f, 0x6d, 0x9d, 0x77, 0x59, 0x39, 0xe3, 0x3d, 0xd3, 0x0b, 0x97, 0xbc, 0x9c, 0xb9, 0x4d, 0x43, 0x52, 0xb7, 0xd1, 0xb4, 0x30, 0x85, 0x61, 0xdf,
		0xcb, 0x9b, 0x7c, 0xbf, 0x95, 0x72, 0xff, 0xbe, 0xe9, 0x61, 0x57, 0x96, 0x72, 0x5b, 0xe4, 0x72, 0x29, 0xe5, 0xb9, 0x94, 0x6d, 0x2b, 0x73, 0xb9,
		0x17, 0x79, 0x7c, 0x93, 0xa5, 0x60, 0xe5, 0xb8, 0x3d, 0x5f, 0x24, 0x9c, 0xd7, 0xcb, 0xa9, 0xea, 0x6e, 0xe5, 0x76, 0xdb, 0xb6, 0x8b, 0xe8, 0x1e,
		0xb9, 0x5a, 0x96, 0x22, 0xaa, 0x4a, 0x5d, 0x88, 0x2d, 0x24, 0x89, 0xe2, 0x49, 0x8c, 0x6d, 0xb7, 0xb2, 0x9e, 0xee, 0x85, 0x96, 0xca, 0x9f, 0x85,
		0x2a, 0xe5, 0x22, 0x21, 0x2e, 0x7f, 0x2e, 0x85, 0xa2, 0xd8, 0x4d, 0xf9, 0xf9, 0x72, 0x27, 0x70, 0xd1, 0xbf, 0x13, 0x6d, 0xd7, 0x93, 0x84, 0xbf,
		0x3c, 0xe6, 0x39, 0xaf, 0x59, 0xbe, 0xf2, 0xb7, 0xc4, 0xb7, 0xe9, 0x2c, 0xab, 0x59, 0x70, 0x01, 0x55, 0x5e, 0xf8, 0xd3, 0x44, 0x59, 0x02, 0x29,
		0xcc, 0x07, 0xc4, 0xa8, 0x4a, 0xbd, 0x75, 0x9e, 0xc9, 0xd3, 0xe5, 0xb4, 0xae, 0x04, 0x85, 0x3b, 0x29, 0x76, 0x9e, 0x04, 0x56, 0x11, 0x0a, 0xb1,
		0xe9, 0x2a, 0x97, 0x97, 0x89, 0x66, 0xaa, 0x9f, 0x75, 0x7d, 0xd5, 0x4b, 0x26, 0x42, 0x9f, 0xaa, 0xf3, 0x8d, 0xab, 0xea, 0x91, 0x32, 0x69, 0xd8,
		0xbf, 0xa5, 0xfc, 0x1f, 0x60, 0x8e, 0x16, 0x48, 0x06, 0x6d, 0x2d, 0x72, 0x00, 0x00, 0x00, 0x00, 0x49, 0x45, 0x4e, 0x44, 0xae, 0x42, 0x60, 0x82,
	};
	inline constexpr unsigned char k_png_hotbar_selection[] = {
		0x89, 0x50, 0x4e, 0x47, 0x0d, 0x0a, 0x1a, 0x0a, 0x00, 0x00, 0x00, 0x0d, 0x49, 0x48, 0x44, 0x52, 0x00, 0x00, 0x00, 0x18, 0x00, 0x00, 0x00, 0x17,
		0x08, 0x03, 0x00, 0x00, 0x00, 0x26, 0xff, 0x7f, 0x1f, 0x00, 0x00, 0x00, 0xd2, 0x50, 0x4c, 0x54, 0x45, 0x00, 0x00, 0x00, 0x04, 0x04, 0x04, 0x5f,
		0x6d, 0x5c, 0xa1, 0xb2, 0x9d, 0xd5, 0xe8, 0xd0, 0x60, 0x6e, 0x5d, 0x66, 0x74, 0x63, 0x9a, 0xab, 0x96, 0x9f, 0xb0, 0x9b, 0x5e, 0x6c, 0x5b, 0xd8,
		0xeb, 0xd3, 0xda, 0xed, 0xd5, 0xf7, 0xf9, 0xf7, 0x5b, 0x69, 0x58, 0x5c, 0x6a, 0x59, 0x55, 0x63, 0x52, 0x9d, 0xae, 0x99, 0xd3, 0xe6, 0xce, 0x56,
		0x64, 0x53, 0xa0, 0xb1, 0x9c, 0x58, 0x66, 0x55, 0xa2, 0xb3, 0x9e, 0xa9, 0xba, 0xa5, 0xab, 0xbc, 0xa7, 0xcf, 0xe2, 0xca, 0xd1, 0xe4, 0xcc, 0x59,
		0x67, 0x56, 0x61, 0x6f, 0x5e, 0x64, 0x72, 0x61, 0x5a, 0x68, 0x57, 0x67, 0x75, 0x64, 0xff, 0xff, 0xff, 0xd6, 0xe9, 0xd1, 0x65, 0x73, 0x62, 0x9e,
		0xaf, 0x9a, 0x6d, 0x7b, 0x6a, 0xa3, 0xb4, 0x9f, 0xa4, 0xb5, 0xa0, 0xa5, 0xb6, 0xa1, 0xa8, 0xb9, 0xa4, 0x6e, 0x7c, 0x6b, 0xaa, 0xbb, 0xa6, 0x90,
		0xa1, 0x8c, 0x95, 0xa6, 0x91, 0xae, 0xbf, 0xaa, 0xca, 0xdd, 0xc5, 0xcd, 0xe0, 0xc8, 0xce, 0xe1, 0xc9, 0x99, 0xaa, 0x95, 0xd0, 0xe3, 0xcb, 0x00,
		0x00, 0x00, 0xd2, 0xe5, 0xcd, 0x9b, 0xac, 0x97, 0xd4, 0xe7, 0xcf, 0x9c, 0xad, 0x98, 0xdc, 0xef, 0xd7, 0xd7, 0xea, 0xd2, 0x68, 0x76, 0x65, 0xac,
		0xbd, 0xa8, 0x5d, 0x6b, 0x5a, 0xdd, 0xf0, 0xd8, 0xde, 0xf1, 0xd9, 0xe2, 0xf5, 0xdd, 0xf6, 0xf6, 0xf6, 0x54, 0x62, 0x51, 0xf8, 0xfa, 0xf8, 0xfc,
		0xfc, 0xfc, 0xfc, 0xfe, 0xfc, 0xfd, 0xfd, 0xfd, 0x62, 0x70, 0x5f, 0xdc, 0x0f, 0x3f, 0x40, 0x00, 0x00, 0x00, 0x02, 0x74, 0x52, 0x4e, 0x53, 0x00,
		0xae, 0x47, 0xfd, 0x43, 0xd7, 0x00, 0x00, 0x00, 0xd3, 0x49, 0x44, 0x41, 0x54, 0x78, 0x5e, 0x75, 0xcf, 0x45, 0xb2, 0xc4, 0x40, 0x0c, 0x03, 0xd0,
		0x44, 0x72, 0x18, 0x86, 0x99, 0xe7, 0x33, 0x33, 0x33, 0xdd, 0xff, 0x4a, 0xdf, 0x3d, 0xb3, 0xeb, 0x4e, 0xe4, 0xe5, 0x2b, 0x95, 0xca, 0xde, 0x75,
		0x4d, 0x3c, 0x7f, 0xf1, 0xfb, 0x91, 0xbf, 0xfe, 0x88, 0x5c, 0xdc, 0x49, 0x26, 0x92, 0xca, 0xb9, 0x68, 0xe8, 0x7b, 0xfe, 0x37, 0xc9, 0x5b, 0x92,
		0x9d, 0xd3, 0x88, 0xc7, 0xbd, 0x88, 0x11, 0x79, 0xc4, 0x44, 0x21, 0xe7, 0x04, 0x5d, 0x8c, 0x13, 0x00, 0x7f, 0x08, 0x0a, 0xbc, 0x00, 0x07, 0xfb,
		0x50, 0x58, 0x10, 0x9e, 0x95, 0x11, 0x0d, 0xc8, 0xb3, 0x03, 0xef, 0x0c, 0x0d, 0xb8, 0x0d, 0xe1, 0xaa, 0x0e, 0xa0, 0x70, 0x56, 0x09, 0x35, 0x8d,
		0xbe, 0x81, 0x65, 0xdf, 0x81, 0x94, 0xed, 0xea, 0xc6, 0x1b, 0x9f, 0x14, 0x32, 0x16, 0xee, 0xc6, 0x4c, 0x41, 0x76, 0x1b, 0xd5, 0xe3, 0x0f, 0x9c,
		0x57, 0x83, 0x70, 0xc7, 0x81, 0xfb, 0xae, 0x69, 0x34, 0x27, 0x0e, 0x30, 0xd8, 0x3c, 0xf8, 0x69, 0xc3, 0x70, 0x6f, 0xa5, 0xd0, 0x3a, 0x99, 0xd9,
		0xf0, 0xb8, 0xdd, 0x88, 0x4b, 0x1b, 0xbe, 0xe2, 0x86, 0xc2, 0x92, 0x57, 0x2d, 0x91, 0x74, 0x38, 0x92, 0x1b, 0xd9, 0x24, 0xcb, 0xf3, 0x6d, 0x83,
		0x1c, 0x44, 0x3d, 0xf2, 0x72, 0xc0, 0x26, 0xc9, 0xb5, 0x5e, 0xdc, 0x31, 0x40, 0x60, 0x3a, 0x1d, 0x97, 0x40, 0x38, 0x87, 0x26, 0x09, 0x71, 0x88,
		0x76, 0xe0, 0xff, 0x03, 0x02, 0x38, 0x12, 0x82, 0x6e, 0x5c, 0xf2, 0x03, 0x00, 0x00, 0x00, 0x00, 0x49, 0x45, 0x4e, 0x44, 0xae, 0x42, 0x60, 0x82,
	};
	inline constexpr unsigned char k_png_hotbar_offhand_left[] = {
		0x89, 0x50, 0x4e, 0x47, 0x0d, 0x0a, 0x1a, 0x0a, 0x00, 0x00, 0x00, 0x0d, 0x49, 0x48, 0x44, 0x52, 0x00, 0x00, 0x00, 0x1d, 0x00, 0x00, 0x00, 0x18,
		0x08, 0x06, 0x00, 0x00, 0x00, 0x06, 0x5e, 0xf6, 0xbc, 0x00, 0x00, 0x03, 0x19, 0x49, 0x44, 0x41, 0x54, 0x78, 0x5e, 0xcd, 0x96, 0xcb, 0x4e, 0xdb,
		0x40, 0x14, 0x86, 0x0b, 0xc4, 0x36, 0x36, 0xb0, 0xad, 0x28, 0x2d, 0x55, 0x4b, 0x12, 0x27, 0x21, 0x42, 0x7d, 0x18, 0x36, 0xdc, 0xaf, 0x02, 0x96,
		0x20, 0xd8, 0x14, 0x1a, 0x60, 0x81, 0x84, 0x40, 0x08, 0xc4, 0xe5, 0x09, 0x58, 0x20, 0x78, 0x06, 0x27, 0x5b, 0x1e, 0x08, 0xca, 0x32, 0xce, 0xf4,
		0x7c, 0xe3, 0x7a, 0x2c, 0x67, 0x81, 0x9d, 0x55, 0x1b, 0xe9, 0xd7, 0x24, 0x19, 0x7b, 0x3e, 0x9f, 0xff, 0x9c, 0x39, 0xe3, 0x0f, 0xff, 0xf2, 0x33,
		0x22, 0x52, 0x79, 0xd5, 0xd7, 0xd7, 0xa7, 0xfa, 0xfb, 0xfb, 0xb5, 0x06, 0x06, 0x06, 0x54, 0xa1, 0x50, 0x50, 0x96, 0x65, 0x29, 0xdb, 0xb6, 0x5f,
		0x04, 0x30, 0x94, 0x07, 0x38, 0xe4, 0xba, 0xee, 0xdb, 0xf3, 0xf3, 0xb3, 0x7a, 0x78, 0x78, 0xd0, 0xba, 0xbe, 0xbe, 0x56, 0x37, 0x37, 0x37, 0xea,
		0xf1, 0xf1, 0x51, 0x8f, 0x77, 0x77, 0x77, 0x46, 0xb7, 0xb7, 0xb7, 0x29, 0x31, 0x1f, 0xeb, 0xe2, 0xe2, 0x82, 0x07, 0xf8, 0x4d, 0x10, 0xef, 0x12,
		0x1d, 0xc7, 0x79, 0xbd, 0xbf, 0xbf, 0x57, 0xab, 0xab, 0xab, 0x6a, 0x79, 0x79, 0x59, 0x6b, 0x6b, 0x6b, 0x4b, 0x2d, 0x2e, 0x2e, 0xaa, 0xa5, 0xa5,
		0x25, 0xb5, 0xb6, 0xb6, 0xa6, 0xe6, 0xe6, 0xe6, 0xd4, 0xc2, 0xc2, 0x42, 0x3c, 0x76, 0x66, 0x67, 0x67, 0x3b, 0x32, 0x86, 0x1b, 0x1b, 0x1b, 0xe1,
		0xca, 0xca, 0x4a, 0x38, 0x33, 0x33, 0xd3, 0x9e, 0x9f, 0x9f, 0x6f, 0x6f, 0x6f, 0x6f, 0x2b, 0x99, 0xd3, 0x6e, 0xbc, 0x0b, 0x15, 0x4b, 0xd4, 0xd3,
		0xd3, 0x93, 0x5a, 0x5f, 0x5f, 0x6f, 0xcb, 0x03, 0xb4, 0x44, 0x4d, 0xf9, 0xaf, 0x29, 0x76, 0xa1, 0x00, 0x89, 0x7d, 0x5a, 0x9e, 0x17, 0x8d, 0x83,
		0x2e, 0x63, 0x22, 0xcb, 0x62, 0xce, 0x6d, 0xed, 0xee, 0xee, 0xf2, 0x50, 0xd9, 0x50, 0xb9, 0x09, 0x9b, 0x88, 0xaa, 0xcd, 0x02, 0x63, 0x5f, 0x0a,
		0x81, 0x5f, 0x8a, 0xf4, 0x69, 0x8c, 0xd1, 0x0a, 0x2a, 0x25, 0x3b, 0x98, 0xaa, 0x79, 0x32, 0x5a, 0x81, 0x8f, 0x8a, 0x56, 0xf0, 0x71, 0xb4, 0x10,
		0x54, 0xca, 0x96, 0xd1, 0x64, 0xd5, 0x6b, 0x35, 0x1a, 0x0d, 0x35, 0x3d, 0x3d, 0x9d, 0x0f, 0x4a, 0xa4, 0x62, 0x4f, 0x08, 0x14, 0x58, 0xbc, 0x10,
		0xe0, 0x72, 0xf7, 0xef, 0xbf, 0xaa, 0x95, 0xed, 0x14, 0xb4, 0xe6, 0xbb, 0xcd, 0xc3, 0xc3, 0x43, 0x52, 0x90, 0x0d, 0xa5, 0x02, 0x29, 0x10, 0xf2,
		0x03, 0x14, 0x40, 0xbd, 0xe2, 0x24, 0x91, 0x26, 0xa0, 0x28, 0x22, 0xdf, 0x61, 0x3e, 0x05, 0xac, 0x57, 0x07, 0x83, 0x5a, 0x65, 0x50, 0x43, 0x25,
		0xbf, 0xf9, 0xa0, 0xd8, 0x4b, 0x61, 0x00, 0x05, 0x38, 0x35, 0xe9, 0x6a, 0xd8, 0xe7, 0xf1, 0xb4, 0x85, 0x58, 0xfb, 0x6d, 0xc2, 0xc2, 0xea, 0x14,
		0x94, 0xeb, 0xab, 0xbe, 0x03, 0x14, 0xc7, 0xb2, 0xa1, 0xb2, 0xe7, 0x62, 0x68, 0x07, 0x68, 0x1c, 0x0d, 0xa3, 0x59, 0x3c, 0x43, 0xb8, 0xf1, 0xf5,
		0xbb, 0x1d, 0x00, 0xcd, 0x53, 0x48, 0xa8, 0x1b, 0x1a, 0xa9, 0x94, 0x2c, 0x38, 0xfe, 0xad, 0x90, 0x8a, 0xdc, 0x8f, 0xe6, 0xc8, 0x2b, 0x40, 0x53,
		0x54, 0x40, 0xd9, 0x72, 0xb9, 0xa0, 0xe4, 0x94, 0x8b, 0x81, 0xc6, 0x8b, 0xa5, 0xac, 0x2d, 0xd9, 0xd8, 0x6a, 0xa2, 0x9f, 0x98, 0x00, 0xac, 0x41,
		0xe4, 0xda, 0x38, 0x72, 0x74, 0x74, 0xc4, 0x7e, 0xcf, 0x0d, 0xa5, 0x19, 0x00, 0x25, 0x2a, 0x20, 0x2c, 0x0a, 0x9c, 0x1c, 0xb3, 0x30, 0x32, 0x20,
		0x64, 0xf2, 0x5d, 0x8a, 0xc0, 0x40, 0xcf, 0xcf, 0xcf, 0x59, 0xa7, 0x77, 0x68, 0x4d, 0x80, 0x2c, 0xd4, 0xb5, 0x38, 0xc5, 0x92, 0xda, 0x3e, 0xa6,
		0xca, 0x8b, 0x49, 0x31, 0xed, 0xed, 0xed, 0xe5, 0xcf, 0x29, 0x7d, 0x73, 0x73, 0x73, 0x53, 0xd9, 0x36, 0xb6, 0x19, 0x18, 0x0f, 0x60, 0x7e, 0xa3,
		0x24, 0x8f, 0x26, 0xef, 0xf1, 0xb6, 0xe2, 0x3b, 0x39, 0xed, 0xb0, 0x4f, 0x73, 0x43, 0xe9, 0xb7, 0x8e, 0x63, 0x72, 0x65, 0xec, 0x45, 0x49, 0x6e,
		0x91, 0x8e, 0x1e, 0x30, 0x22, 0xda, 0x18, 0x2c, 0xd0, 0x46, 0x07, 0xc7, 0xd8, 0x11, 0x99, 0x50, 0x4e, 0x15, 0x9a, 0x3b, 0xfd, 0x16, 0x9b, 0x00,
		0xe8, 0x8a, 0x35, 0x80, 0x54, 0x4e, 0x29, 0x2a, 0x22, 0xe6, 0x3f, 0xe6, 0xe5, 0x77, 0x74, 0xed, 0xfe, 0xfe, 0xcf, 0x90, 0x7d, 0xda, 0x13, 0x94,
		0x46, 0x0f, 0x08, 0xb0, 0x9f, 0x58, 0x99, 0x02, 0x9a, 0xc8, 0xbb, 0x25, 0x50, 0xe9, 0xbd, 0x21, 0x8e, 0xd1, 0x70, 0x32, 0xa1, 0x57, 0x57, 0x57,
		0x1a, 0xca, 0x09, 0x13, 0x2f, 0xfe, 0x9e, 0x7e, 0xd4, 0x47, 0x88, 0x0c, 0x50, 0x17, 0xf4, 0x57, 0x88, 0xbd, 0xbd, 0x42, 0x5b, 0xe5, 0x62, 0x04,
		0x25, 0x4f, 0xa5, 0xa2, 0x69, 0x0a, 0x8c, 0x31, 0x84, 0x96, 0x17, 0x8c, 0x8e, 0xd9, 0xcd, 0xaa, 0x34, 0x79, 0x7a, 0x6e, 0xbd, 0xe6, 0xb5, 0x90,
		0x14, 0x52, 0x9b, 0x75, 0x72, 0x41, 0x2f, 0x2f, 0x2f, 0xd5, 0xce, 0xce, 0x8e, 0x3a, 0x38, 0x38, 0x68, 0xf3, 0xb4, 0xd8, 0x84, 0x28, 0x0c, 0x2a,
		0x92, 0x4d, 0x1f, 0xeb, 0xec, 0xec, 0x4c, 0x9d, 0x9c, 0x9c, 0x28, 0x01, 0x20, 0x7d, 0xdf, 0xe9, 0xe9, 0xa9, 0x3a, 0x3e, 0x3e, 0x56, 0x72, 0x0f,
		0xa7, 0x0c, 0xaf, 0x30, 0x2f, 0x59, 0xd0, 0x61, 0xc9, 0xe5, 0x9b, 0x1c, 0xe2, 0x3a, 0x5a, 0xec, 0x91, 0xb7, 0x01, 0x46, 0xc4, 0x9b, 0x03, 0xe2,
		0x7b, 0xfc, 0xe6, 0xc0, 0x89, 0x44, 0x63, 0x47, 0x1c, 0xfe, 0x80, 0x78, 0x63, 0x40, 0x00, 0x79, 0x5d, 0xf1, 0x00, 0x64, 0xc9, 0x93, 0x8b, 0x5f,
		0xb1, 0x05, 0x51, 0x7d, 0xb1, 0x64, 0xae, 0x57, 0x0d, 0x8b, 0xfe, 0xbf, 0xcf, 0x1f, 0x55, 0x73, 0x97, 0xb9, 0xc0, 0x93, 0xcc, 0x2c, 0x00, 0x00,
		0x00, 0x00, 0x49, 0x45, 0x4e, 0x44, 0xae, 0x42, 0x60, 0x82,
	};
	inline constexpr unsigned char k_png_heart_container[] = {
		0x89, 0x50, 0x4e, 0x47, 0x0d, 0x0a, 0x1a, 0x0a, 0x00, 0x00, 0x00, 0x0d, 0x49, 0x48, 0x44, 0x52, 0x00, 0x00, 0x00, 0x09, 0x00, 0x00, 0x00, 0x09,
		0x08, 0x04, 0x00, 0x00, 0x00, 0x4a, 0x98, 0xce, 0x9b, 0x00, 0x00, 0x00, 0x29, 0x49, 0x44, 0x41, 0x54, 0x78, 0xda, 0x63, 0x00, 0x83, 0xff, 0x40,
		0x08, 0x25, 0xa1, 0x02, 0x1a, 0x40, 0x08, 0x23, 0x21, 0x02, 0x30, 0x08, 0x15, 0x24, 0x2c, 0x84, 0xa9, 0x15, 0xd9, 0x02, 0x84, 0x00, 0x02, 0x20,
		0x04, 0x10, 0x00, 0x21, 0x00, 0x00, 0x62, 0xc9, 0x3b, 0x1b, 0x97, 0xfb, 0x68, 0x00, 0x00, 0x00, 0x00, 0x00, 0x49, 0x45, 0x4e, 0x44, 0xae, 0x42,
		0x60, 0x82,
	};
	inline constexpr unsigned char k_png_heart_container_blinking[] = {
		0x89, 0x50, 0x4e, 0x47, 0x0d, 0x0a, 0x1a, 0x0a, 0x00, 0x00, 0x00, 0x0d, 0x49, 0x48, 0x44, 0x52, 0x00, 0x00, 0x00, 0x09, 0x00, 0x00, 0x00, 0x09,
		0x08, 0x04, 0x00, 0x00, 0x00, 0x4a, 0x98, 0xce, 0x9b, 0x00, 0x00, 0x00, 0x29, 0x49, 0x44, 0x41, 0x54, 0x78, 0xda, 0x63, 0x00, 0x81, 0xff, 0x40,
		0x00, 0x23, 0xa1, 0x02, 0x1a, 0x40, 0x08, 0x23, 0x21, 0x02, 0x30, 0x08, 0x15, 0x24, 0x2c, 0x84, 0xa9, 0x15, 0xd5, 0x02, 0x84, 0x00, 0x4c, 0x10,
		0x21, 0x80, 0x00, 0x08, 0x01, 0x00, 0x30, 0x6c, 0x4f, 0x07, 0x41, 0x41, 0xcc, 0xc1, 0x00, 0x00, 0x00, 0x00, 0x49, 0x45, 0x4e, 0x44, 0xae, 0x42,
		0x60, 0x82,
	};
	inline constexpr unsigned char k_png_heart_full[] = {
		0x89, 0x50, 0x4e, 0x47, 0x0d, 0x0a, 0x1a, 0x0a, 0x00, 0x00, 0x00, 0x0d, 0x49, 0x48, 0x44, 0x52, 0x00, 0x00, 0x00, 0x09, 0x00, 0x00, 0x00, 0x09,
		0x08, 0x06, 0x00, 0x00, 0x00, 0xe0, 0x91, 0x06, 0x10, 0x00, 0x00, 0x00, 0x32, 0x49, 0x44, 0x41, 0x54, 0x78, 0xda, 0x63, 0x20, 0x09, 0xfc, 0x17,
		0x16, 0xfe, 0x0f, 0xc2, 0xc8, 0x6c, 0x4c, 0x05, 0x27, 0x4e, 0x80, 0x24, 0x30, 0x30, 0xba, 0x29, 0xf8, 0x15, 0xed, 0xc6, 0xa1, 0x60, 0x37, 0xba,
		0x95, 0xbb, 0x09, 0x28, 0x40, 0x28, 0xc4, 0xad, 0x00, 0x53, 0x21, 0x03, 0x39, 0x00, 0x00, 0xba, 0xd1, 0x48, 0x57, 0x32, 0x44, 0x93, 0x7a, 0x00,
		0x00, 0x00, 0x00, 0x49, 0x45, 0x4e, 0x44, 0xae, 0x42, 0x60, 0x82,
	};
	inline constexpr unsigned char k_png_heart_half[] = {
		0x89, 0x50, 0x4e, 0x47, 0x0d, 0x0a, 0x1a, 0x0a, 0x00, 0x00, 0x00, 0x0d, 0x49, 0x48, 0x44, 0x52, 0x00, 0x00, 0x00, 0x09, 0x00, 0x00, 0x00, 0x09,
		0x08, 0x06, 0x00, 0x00, 0x00, 0xe0, 0x91, 0x06, 0x10, 0x00, 0x00, 0x00, 0x2d, 0x49, 0x44, 0x41, 0x54, 0x78, 0xda, 0x63, 0x20, 0x09, 0xfc, 0x17,
		0x16, 0xfe, 0x0f, 0xc2, 0xf8, 0x15, 0x9c, 0x38, 0xf1, 0x1f, 0xaf, 0x42, 0xa8, 0x24, 0x7e, 0x45, 0xbb, 0x09, 0x2b, 0xc2, 0x54, 0x88, 0xd7, 0xf1,
		0xbb, 0x09, 0x2b, 0x42, 0x28, 0x64, 0x20, 0x07, 0x00, 0x00, 0x0c, 0xa2, 0x2b, 0x2b, 0x9f, 0x2c, 0x87, 0xed, 0x00, 0x00, 0x00, 0x00, 0x49, 0x45,
		0x4e, 0x44, 0xae, 0x42, 0x60, 0x82,
	};
	inline constexpr unsigned char k_png_heart_full_blinking[] = {
		0x89, 0x50, 0x4e, 0x47, 0x0d, 0x0a, 0x1a, 0x0a, 0x00, 0x00, 0x00, 0x0d, 0x49, 0x48, 0x44, 0x52, 0x00, 0x00, 0x00, 0x09, 0x00, 0x00, 0x00, 0x09,
		0x08, 0x06, 0x00, 0x00, 0x00, 0xe0, 0x91, 0x06, 0x10, 0x00, 0x00, 0x00, 0x32, 0x49, 0x44, 0x41, 0x54, 0x78, 0xda, 0x63, 0x20, 0x09, 0xfc, 0x5f,
		0xb8, 0xf0, 0x3f, 0x08, 0x23, 0xb3, 0x31, 0x15, 0x3c, 0x7e, 0x0c, 0x92, 0xc0, 0xc0, 0xe8, 0xa6, 0xe0, 0x57, 0x74, 0x0f, 0x87, 0x82, 0x7b, 0xe8,
		0x56, 0xde, 0x23, 0xa0, 0x00, 0xa1, 0x10, 0xb7, 0x02, 0x4c, 0x85, 0x0c, 0xe4, 0x00, 0x00, 0xe4, 0x74, 0x6e, 0x1e, 0x91, 0xa3, 0x3c, 0xb7, 0x00,
		0x00, 0x00, 0x00, 0x49, 0x45, 0x4e, 0x44, 0xae, 0x42, 0x60, 0x82,
	};
	inline constexpr unsigned char k_png_heart_half_blinking[] = {
		0x89, 0x50, 0x4e, 0x47, 0x0d, 0x0a, 0x1a, 0x0a, 0x00, 0x00, 0x00, 0x0d, 0x49, 0x48, 0x44, 0x52, 0x00, 0x00, 0x00, 0x09, 0x00, 0x00, 0x00, 0x09,
		0x08, 0x06, 0x00, 0x00, 0x00, 0xe0, 0x91, 0x06, 0x10, 0x00, 0x00, 0x00, 0x2d, 0x49, 0x44, 0x41, 0x54, 0x78, 0xda, 0x63, 0x20, 0x09, 0xfc, 0x5f,
		0xb8, 0xf0, 0x3f, 0x08, 0xe3, 0x57, 0xf0, 0xf8, 0xf1, 0x7f, 0xbc, 0x0a, 0xa1, 0x92, 0xf8, 0x15, 0xdd, 0x23, 0xac, 0x08, 0x53, 0x21, 0x5e, 0xc7,
		0xdf, 0x23, 0xac, 0x08, 0xa1, 0x90, 0x81, 0x1c, 0x00, 0x00, 0x94, 0x96, 0x41, 0x01, 0x26, 0x8f, 0x26, 0x9b, 0x00, 0x00, 0x00, 0x00, 0x49, 0x45,
		0x4e, 0x44, 0xae, 0x42, 0x60, 0x82,
	};
	inline constexpr unsigned char k_png_armor_full[] = {
		0x89, 0x50, 0x4e, 0x47, 0x0d, 0x0a, 0x1a, 0x0a, 0x00, 0x00, 0x00, 0x0d, 0x49, 0x48, 0x44, 0x52, 0x00, 0x00, 0x00, 0x09, 0x00, 0x00, 0x00, 0x09,
		0x08, 0x06, 0x00, 0x00, 0x00, 0xe0, 0x91, 0x06, 0x10, 0x00, 0x00, 0x00, 0x41, 0x49, 0x44, 0x41, 0x54, 0x78, 0xda, 0x63, 0x80, 0x82, 0xff, 0x60,
		0x0c, 0x07, 0x98, 0x62, 0xff, 0x9f, 0x3d, 0xff, 0xf4, 0x7f, 0xc7, 0xce, 0x23, 0x60, 0x41, 0x5c, 0x62, 0x20, 0x0e, 0x1c, 0xa3, 0xf1, 0x11, 0x8a,
		0x32, 0xb3, 0x0a, 0x10, 0x12, 0x08, 0x0c, 0x12, 0x47, 0xb5, 0x12, 0x21, 0x89, 0x69, 0x0a, 0xf5, 0x15, 0x81, 0xec, 0x47, 0xc7, 0x70, 0x45, 0x28,
		0x0a, 0x61, 0x18, 0x3d, 0x8c, 0x00, 0x6a, 0x3b, 0x8a, 0xe1, 0xe5, 0x7b, 0x12, 0xe4, 0x00, 0x00, 0x00, 0x00, 0x49, 0x45, 0x4e, 0x44, 0xae, 0x42,
		0x60, 0x82,
	};
	inline constexpr unsigned char k_png_armor_half[] = {
		0x89, 0x50, 0x4e, 0x47, 0x0d, 0x0a, 0x1a, 0x0a, 0x00, 0x00, 0x00, 0x0d, 0x49, 0x48, 0x44, 0x52, 0x00, 0x00, 0x00, 0x09, 0x00, 0x00, 0x00, 0x09,
		0x08, 0x06, 0x00, 0x00, 0x00, 0xe0, 0x91, 0x06, 0x10, 0x00, 0x00, 0x00, 0x43, 0x49, 0x44, 0x41, 0x54, 0x78, 0x5e, 0x63, 0x60, 0x80, 0x80, 0xff,
		0x50, 0x8c, 0x0c, 0x50, 0xc4, 0xfe, 0x3f, 0x7b, 0xfe, 0xe9, 0xff, 0x8e, 0x9d, 0x47, 0x90, 0x05, 0xff, 0xdb, 0xda, 0xda, 0x82, 0x31, 0x4c, 0x0c,
		0xac, 0x00, 0x86, 0x91, 0x15, 0xa0, 0x28, 0xca, 0xcc, 0x2a, 0x20, 0xa8, 0x08, 0xc5, 0x34, 0x6c, 0x56, 0xd1, 0x40, 0x11, 0xc8, 0x5d, 0x20, 0x8c,
		0x4f, 0x11, 0x58, 0x21, 0x16, 0x0c, 0x06, 0x00, 0xfb, 0x18, 0x6b, 0x36, 0x17, 0xce, 0xe8, 0x0c, 0x00, 0x00, 0x00, 0x00, 0x49, 0x45, 0x4e, 0x44,
		0xae, 0x42, 0x60, 0x82,
	};
	inline constexpr unsigned char k_png_armor_empty[] = {
		0x89, 0x50, 0x4e, 0x47, 0x0d, 0x0a, 0x1a, 0x0a, 0x00, 0x00, 0x00, 0x0d, 0x49, 0x48, 0x44, 0x52, 0x00, 0x00, 0x00, 0x09, 0x00, 0x00, 0x00, 0x09,
		0x08, 0x04, 0x00, 0x00, 0x00, 0x4a, 0x98, 0xce, 0x9b, 0x00, 0x00, 0x00, 0x2b, 0x49, 0x44, 0x41, 0x54, 0x78, 0xda, 0x63, 0x00, 0x82, 0xff, 0x40,
		0x08, 0x04, 0x08, 0xd6, 0x7f, 0x5b, 0x20, 0x04, 0x31, 0x11, 0x2c, 0x20, 0x05, 0x61, 0xda, 0xa2, 0x08, 0x21, 0x20, 0x54, 0x2b, 0x9a, 0x00, 0xd9,
		0x42, 0x50, 0x41, 0x10, 0x84, 0xb9, 0x0a, 0x00, 0x31, 0x86, 0x47, 0x93, 0x81, 0xdd, 0x3a, 0x5d, 0x00, 0x00, 0x00, 0x00, 0x49, 0x45, 0x4e, 0x44,
		0xae, 0x42, 0x60, 0x82,
	};
	inline constexpr unsigned char k_png_food_empty[] = {
		0x89, 0x50, 0x4e, 0x47, 0x0d, 0x0a, 0x1a, 0x0a, 0x00, 0x00, 0x00, 0x0d, 0x49, 0x48, 0x44, 0x52, 0x00, 0x00, 0x00, 0x09, 0x00, 0x00, 0x00, 0x09,
		0x08, 0x04, 0x00, 0x00, 0x00, 0x4a, 0x98, 0xce, 0x9b, 0x00, 0x00, 0x00, 0x2a, 0x49, 0x44, 0x41, 0x54, 0x78, 0xda, 0x63, 0x00, 0x83, 0xff, 0x40,
		0x88, 0x02, 0xfe, 0x6b, 0x00, 0x21, 0x44, 0x10, 0x21, 0x00, 0x15, 0x44, 0x08, 0xe1, 0x11, 0xc4, 0xd4, 0x8c, 0x10, 0x42, 0xd8, 0x09, 0x11, 0xc4,
		0xb4, 0x1b, 0x21, 0x84, 0xe4, 0x3e, 0x00, 0x2a, 0x5e, 0x2b, 0xf8, 0xfb, 0x08, 0x1d, 0xdb, 0x00, 0x00, 0x00, 0x00, 0x49, 0x45, 0x4e, 0x44, 0xae,
		0x42, 0x60, 0x82,
	};
	inline constexpr unsigned char k_png_food_full[] = {
		0x89, 0x50, 0x4e, 0x47, 0x0d, 0x0a, 0x1a, 0x0a, 0x00, 0x00, 0x00, 0x0d, 0x49, 0x48, 0x44, 0x52, 0x00, 0x00, 0x00, 0x09, 0x00, 0x00, 0x00, 0x09,
		0x08, 0x06, 0x00, 0x00, 0x00, 0xe0, 0x91, 0x06, 0x10, 0x00, 0x00, 0x00, 0x4a, 0x49, 0x44, 0x41, 0x54, 0x78, 0xda, 0x63, 0x20, 0x09, 0x5c, 0xd1,
		0xd2, 0xfa, 0xbf, 0x49, 0x42, 0xe2, 0x3f, 0x5e, 0x05, 0xf7, 0x37, 0xf6, 0xff, 0x07, 0xd1, 0x3b, 0x5a, 0x22, 0xb0, 0x2b, 0x04, 0x9a, 0x00, 0x57,
		0x30, 0x37, 0xd7, 0x19, 0xb7, 0xc2, 0x44, 0x1b, 0xe9, 0xff, 0xd5, 0x81, 0xba, 0x20, 0x45, 0x60, 0x0c, 0x12, 0xc3, 0xa7, 0x10, 0x8c, 0x89, 0xf2,
		0xc8, 0xa3, 0xab, 0xab, 0x88, 0x53, 0xf8, 0xff, 0xfb, 0x9d, 0xff, 0x44, 0x07, 0x0f, 0x00, 0x65, 0xb5, 0x2e, 0xa1, 0x58, 0x7e, 0x4d, 0x71, 0x00,
		0x00, 0x00, 0x00, 0x49, 0x45, 0x4e, 0x44, 0xae, 0x42, 0x60, 0x82,
	};
	inline constexpr unsigned char k_png_experience_bar_background[] = {
		0x89, 0x50, 0x4e, 0x47, 0x0d, 0x0a, 0x1a, 0x0a, 0x00, 0x00, 0x00, 0x0d, 0x49, 0x48, 0x44, 0x52, 0x00, 0x00, 0x00, 0xb6, 0x00, 0x00, 0x00, 0x05,
		0x08, 0x03, 0x00, 0x00, 0x00, 0xdf, 0x70, 0xe6, 0xed, 0x00, 0x00, 0x00, 0x1e, 0x50, 0x4c, 0x54, 0x45, 0x00, 0x00, 0x00, 0x36, 0x43, 0x3c, 0x2e,
		0x3a, 0x33, 0x29, 0x35, 0x2f, 0x28, 0x33, 0x2d, 0x20, 0x2c, 0x25, 0x20, 0x2b, 0x25, 0x19, 0x24, 0x1e, 0x14, 0x1f, 0x19, 0x09, 0x10, 0x0c, 0xa9,
		0xe1, 0xc7, 0xa3, 0x00, 0x00, 0x00, 0x01, 0x74, 0x52, 0x4e, 0x53, 0x00, 0x40, 0xe6, 0xd8, 0x66, 0x00, 0x00, 0x00, 0x35, 0x49, 0x44, 0x41, 0x54,
		0x78, 0xda, 0x63, 0x60, 0xe0, 0x1c, 0x82, 0x80, 0x81, 0x81, 0x93, 0x91, 0x89, 0x19, 0x04, 0x98, 0x18, 0x39, 0xa8, 0xcc, 0x62, 0x63, 0xa3, 0x99,
		0xd1, 0x9c, 0x4c, 0x0c, 0x4c, 0xcc, 0x2c, 0x20, 0xc0, 0x4c, 0x75, 0xd6, 0xbf, 0x7f, 0x34, 0x33, 0x7a, 0xa8, 0x86, 0x36, 0xc3, 0xd0, 0x4c, 0xdb,
		0x00, 0x74, 0xf0, 0x14, 0xf3, 0xb3, 0x73, 0x90, 0xe4, 0x00, 0x00, 0x00, 0x00, 0x49, 0x45, 0x4e, 0x44, 0xae, 0x42, 0x60, 0x82,
	};
	inline constexpr unsigned char k_png_experience_bar_progress[] = {
		0x89, 0x50, 0x4e, 0x47, 0x0d, 0x0a, 0x1a, 0x0a, 0x00, 0x00, 0x00, 0x0d, 0x49, 0x48, 0x44, 0x52, 0x00, 0x00, 0x00, 0xb6, 0x00, 0x00, 0x00, 0x05,
		0x08, 0x03, 0x00, 0x00, 0x00, 0xdf, 0x70, 0xe6, 0xed, 0x00, 0x00, 0x02, 0x37, 0x50, 0x4c, 0x54, 0x45, 0x00, 0x00, 0x00, 0x5c, 0x85, 0x3b, 0x43,
		0x69, 0x24, 0x4c, 0x77, 0x29, 0x2c, 0x49, 0x15, 0x6b, 0x9b, 0x45, 0x63, 0x90, 0x40, 0x4e, 0x7a, 0x2a, 0x69, 0x98, 0x43, 0x08, 0x1c, 0x11, 0x71,
		0x9a, 0x50, 0x7a, 0xb1, 0x4e, 0x81, 0xb0, 0x5b, 0x84, 0xb4, 0x5d, 0x32, 0x53, 0x17, 0x16, 0x2d, 0x1a, 0x45, 0x6c, 0x25, 0x57, 0x88, 0x2f, 0x77,
		0xad, 0x4c, 0x7d, 0xb5, 0x50, 0x48, 0x71, 0x27, 0x4b, 0x75, 0x28, 0x86, 0xc4, 0x57, 0x8b, 0xbe, 0x62, 0x93, 0xc9, 0x68, 0x9a, 0xd2, 0x6c, 0x65,
		0x91, 0x40, 0x2d, 0x4b, 0x29, 0x6a, 0x99, 0x44, 0x46, 0x6d, 0x25, 0x5e, 0x89, 0x3d, 0x62, 0x8d, 0x40, 0x47, 0x6f, 0x26, 0x8e, 0xc2, 0x65, 0x65,
		0x92, 0x41, 0x67, 0x95, 0x42, 0x68, 0x96, 0x43, 0x58, 0x8a, 0x30, 0x69, 0x98, 0x44, 0x49, 0x72, 0x27, 0x6a, 0x9a, 0x45, 0x2e, 0x4b, 0x15, 0x6c,
		0x9d, 0x46, 0x4c, 0x76, 0x29, 0x71, 0xa4, 0x48, 0x71, 0xa5, 0x49, 0x75, 0xaa, 0x4b, 0x76, 0xa1, 0x53, 0x77, 0xac, 0x4c, 0x20, 0x38, 0x0d, 0x78,
		0xae, 0x4d, 0x7a, 0xa6, 0x57, 0x4d, 0x78, 0x29, 0x4d, 0x79, 0x2a, 0x80, 0xae, 0x5a, 0x38, 0x5e, 0x1a, 0x82, 0xb0, 0x5b, 0x83, 0xb3, 0x5c, 0x83,
		0xb3, 0x5d, 0x53, 0x83, 0x2d, 0x55, 0x86, 0x2e, 0x8a, 0xbc, 0x62, 0x56, 0x87, 0x2f, 0x8b, 0xbe, 0x63, 0x8b, 0xca, 0x59, 0x22, 0x3d, 0x22, 0x8f,
		0xc3, 0x64, 0x91, 0xc6, 0x66, 0x16, 0x35, 0x24, 0x96, 0xcd, 0x6a, 0x98, 0xd0, 0x6b, 0x5a, 0x8d, 0x31, 0x65, 0x95, 0x3f, 0x66, 0x93, 0x41, 0x66,
		0x94, 0x42, 0x50, 0x7e, 0x2c, 0x51, 0x7f, 0x2c, 0x52, 0x7f, 0x2c, 0x52, 0x81, 0x2c, 0x53, 0x7f, 0x2f, 0x53, 0x81, 0x2c, 0x53, 0x81, 0x2d, 0x6b,
		0x9c, 0x45, 0x53, 0x82, 0x2c, 0x6d, 0x9d, 0x45, 0x6e, 0xa0, 0x47, 0x6f, 0xa0, 0x46, 0x6f, 0xa1, 0x49, 0x6f, 0xa2, 0x48, 0x70, 0xa3, 0x48, 0x53,
		0x82, 0x2d, 0x33, 0x55, 0x19, 0x54, 0x82, 0x2d, 0x72, 0xa5, 0x48, 0x72, 0xa6, 0x49, 0x72, 0xa7, 0x4b, 0x73, 0xa6, 0x4a, 0x73, 0xa7, 0x49, 0x73,
		0xa7, 0x4a, 0x73, 0xa8, 0x4b, 0x74, 0xa7, 0x4a, 0x74, 0xaa, 0x48, 0x75, 0xa9, 0x4c, 0x54, 0x83, 0x2c, 0x54, 0x83, 0x2d, 0x76, 0xa9, 0x4b, 0x76,
		0xaa, 0x4b, 0x76, 0xaa, 0x4c, 0x77, 0xa2, 0x54, 0x54, 0x84, 0x2e, 0x20, 0x3a, 0x0d, 0x78, 0xa3, 0x55, 0x78, 0xae, 0x4c, 0x4a, 0x74, 0x28, 0x79,
		0xaf, 0x4e, 0x79, 0xb0, 0x4d, 0x79, 0xb0, 0x4e, 0x56, 0x88, 0x2f, 0x2e, 0x4c, 0x15, 0x7a, 0xb1, 0x4f, 0x7b, 0xb3, 0x50, 0x7c, 0xa9, 0x58, 0x7c,
		0xb4, 0x50, 0x7d, 0xb4, 0x50, 0x7d, 0xb5, 0x4f, 0x2f, 0x4f, 0x16, 0x7e, 0xac, 0x58, 0x7f, 0xad, 0x59, 0x59, 0x8b, 0x30, 0x1a, 0x3e, 0x2a, 0x81,
		0xbc, 0x53, 0x5b, 0x90, 0x31, 0x82, 0xb1, 0x5c, 0x82, 0xb1, 0x5d, 0x82, 0xb2, 0x5c, 0x82, 0xbd, 0x54, 0x83, 0xb2, 0x5c, 0x47, 0x6e, 0x25, 0x5d,
		0x8f, 0x35, 0x33, 0x55, 0x18, 0x84, 0xc0, 0x55, 0x86, 0xb7, 0x5d, 0x5e, 0x8a, 0x3b, 0x87, 0xc3, 0x56, 0x87, 0xc4, 0x57, 0x88, 0xb9, 0x60, 0x88,
		0xb9, 0x61, 0x88, 0xc6, 0x57, 0x88, 0xc6, 0x58, 0x89, 0xbc, 0x61, 0x89, 0xc7, 0x58, 0x5e, 0x94, 0x33, 0x8a, 0xc9, 0x59, 0x8b, 0xbd, 0x62, 0x8b,
		0xbd, 0x63, 0x5f, 0x89, 0x3d, 0x5f, 0x89, 0x3e, 0x8b, 0xc9, 0x59, 0x5f, 0x8b, 0x3e, 0x8c, 0xbe, 0x63, 0x8d, 0xc0, 0x64, 0x8d, 0xc2, 0x63, 0x60,
		0x97, 0x34, 0x48, 0x70, 0x26, 0x8f, 0xce, 0x5c, 0x8f, 0xd1, 0x5d, 0x90, 0xc4, 0x66, 0x91, 0xc5, 0x67, 0x63, 0x8e, 0x3f, 0x91, 0xc7, 0x67, 0x63,
		0x8f, 0x3f, 0x94, 0xcb, 0x69, 0x95, 0xcb, 0x69, 0x95, 0xcc, 0x69, 0x4e, 0x7b, 0x2b, 0x97, 0xce, 0x6a, 0x4f, 0x7c, 0x2b, 0x4f, 0x7d, 0x2b, 0x9b,
		0xd5, 0x6d, 0x9f, 0xda, 0x70, 0x9f, 0xda, 0x71, 0xa3, 0xde, 0x73, 0xa8, 0xe6, 0x77, 0xa9, 0xe6, 0x76, 0xae, 0xee, 0x7a, 0xb3, 0xf3, 0x7d, 0xb4,
		0xf5, 0x7e, 0x35, 0x56, 0x17, 0x4e, 0x79, 0x2a, 0x73, 0xf0, 0x05, 0xb0, 0x00, 0x00, 0x00, 0x01, 0x74, 0x52, 0x4e, 0x53, 0x00, 0x40, 0xe6, 0xd8,
		0x66, 0x00, 0x00, 0x02, 0x50, 0x49, 0x44, 0x41, 0x54, 0x78, 0x5e, 0x5d, 0x93, 0x63, 0xd3, 0x25, 0x31, 0x10, 0x46, 0x6f, 0x47, 0xe3, 0x6b, 0xbf,
		0xb6, 0x6d, 0x1b, 0x6b, 0xdb, 0xb6, 0x6d, 0xdb, 0xb6, 0x6d, 0x7b, 0x7f, 0xdc, 0x76, 0xa6, 0xb2, 0xb7, 0xb6, 0xb6, 0x3f, 0x9d, 0x3a, 0x79, 0xf2,
		0x24, 0x35, 0x95, 0xf1, 0x78, 0x0c, 0x9f, 0xaf, 0x07, 0xc7, 0x87, 0x63, 0x48, 0xf2, 0x19, 0x72, 0x94, 0xc2, 0x71, 0x41, 0x4a, 0x89, 0x6a, 0x59,
		0x52, 0x1a, 0x6a, 0x74, 0x2a, 0xa7, 0x76, 0xa8, 0xad, 0x4a, 0xa1, 0x97, 0xb9, 0x1e, 0xb5, 0x43, 0x6a, 0x24, 0x9c, 0xd4, 0x19, 0x8a, 0x55, 0x0b,
		0xc2, 0xdf, 0x43, 0x14, 0x4a, 0xe7, 0x96, 0xa4, 0xa5, 0x6e, 0x23, 0xdb, 0xf0, 0xd6, 0x84, 0x88, 0xee, 0x4b, 0xd1, 0xe8, 0xc3, 0xa1, 0xa6, 0xb1,
		0xb4, 0xbc, 0x36, 0x3a, 0x8f, 0x13, 0xc2, 0x48, 0xc6, 0xae, 0xc7, 0xd1, 0xf5, 0xbc, 0x60, 0xd4, 0xa9, 0x88, 0x1f, 0x78, 0xd4, 0xe2, 0x93, 0x4e,
		0x30, 0x42, 0x60, 0x62, 0xd0, 0xb2, 0xda, 0x03, 0xbf, 0x28, 0xad, 0x08, 0xad, 0xe2, 0xfc, 0x77, 0x43, 0x49, 0x06, 0x0d, 0x2d, 0xde, 0x5e, 0x59,
		0x1d, 0x68, 0xf3, 0xd2, 0xfd, 0x57, 0x4f, 0x07, 0xad, 0xe0, 0xf8, 0x80, 0xb7, 0xed, 0x50, 0xf4, 0x60, 0x77, 0xe5, 0xe4, 0xc8, 0x9a, 0xb5, 0x35,
		0x84, 0x2e, 0x19, 0x3e, 0x0b, 0x40, 0xb5, 0x03, 0x65, 0x1a, 0x70, 0x5d, 0x40, 0x99, 0x9f, 0x85, 0x09, 0x0f, 0x85, 0x16, 0x4e, 0x1b, 0x57, 0x26,
		0x0b, 0xb7, 0x6d, 0x14, 0xd0, 0x80, 0x34, 0x61, 0xce, 0xf9, 0x6e, 0x6b, 0x77, 0x27, 0xf5, 0x46, 0xc2, 0xba, 0xb5, 0x62, 0xaa, 0x20, 0xf5, 0x5e,
		0x42, 0xd2, 0x43, 0x2b, 0x41, 0x14, 0x6c, 0x60, 0x61, 0xaa, 0x9f, 0x7b, 0x52, 0x51, 0x5e, 0xb0, 0x9c, 0x3d, 0x2a, 0x2a, 0xdd, 0x19, 0xdc, 0x7c,
		0x79, 0xa6, 0x66, 0x78, 0x0c, 0xb8, 0xff, 0xf3, 0x73, 0xbc, 0xae, 0x2e, 0x07, 0x58, 0xe6, 0x8b, 0x44, 0x8e, 0xb3, 0xce, 0x74, 0x0a, 0x19, 0xc4,
		0x07, 0x9b, 0x9d, 0x58, 0x57, 0xc7, 0xc8, 0x3d, 0x79, 0x67, 0x9a, 0x07, 0x4d, 0xb3, 0x4e, 0xba, 0xaa, 0x44, 0x22, 0x1e, 0xfb, 0xf4, 0xf5, 0x4e,
		0xd3, 0x94, 0x37, 0xdf, 0xbf, 0xf4, 0xc6, 0x62, 0x7d, 0xc7, 0x66, 0xe5, 0xc7, 0x6d, 0xd3, 0xb4, 0x1d, 0x07, 0x58, 0xfa, 0x40, 0x8e, 0x23, 0x59,
		0x67, 0xc9, 0x16, 0x1b, 0x4b, 0x4c, 0xb3, 0xb1, 0x84, 0xb5, 0x24, 0x5e, 0xaf, 0x46, 0xd7, 0xc5, 0xfb, 0x8b, 0x2f, 0xd8, 0x26, 0x52, 0x63, 0x26,
		0x4b, 0x3e, 0xeb, 0x73, 0x10, 0x9d, 0xbb, 0x0c, 0xf6, 0xd9, 0xbd, 0x55, 0xa6, 0x7d, 0x34, 0x9f, 0x8d, 0xf8, 0xf6, 0xb1, 0xab, 0xb5, 0xd5, 0xb6,
		0x2b, 0xbc, 0xa5, 0x0f, 0xde, 0xc9, 0xe0, 0x71, 0xbe, 0x35, 0xe9, 0xbc, 0xda, 0x61, 0x76, 0x24, 0x4c, 0x60, 0x7c, 0xe0, 0xc7, 0xd3, 0x9b, 0x8e,
		0x73, 0xf8, 0x25, 0x7b, 0x7e, 0xe3, 0xca, 0x11, 0xfb, 0xde, 0xc5, 0xbd, 0x80, 0xd7, 0xce, 0x1e, 0x9a, 0x0e, 0xa0, 0xcb, 0x6f, 0xfc, 0xb6, 0x33,
		0x57, 0xe4, 0x71, 0xae, 0xd5, 0x33, 0x4d, 0x83, 0x5b, 0x79, 0x5c, 0x77, 0xbf, 0x7b, 0x6d, 0x75, 0x31, 0xe7, 0x0d, 0x48, 0xa3, 0xe7, 0x0b, 0x74,
		0x61, 0xa4, 0xf7, 0x1c, 0x44, 0xa5, 0x15, 0xf0, 0x33, 0x4a, 0x31, 0xa7, 0x03, 0xe6, 0xea, 0x97, 0x71, 0x81, 0x2d, 0x14, 0x73, 0x9a, 0x0e, 0x00,
		0xe9, 0x94, 0xd4, 0xd4, 0x8c, 0xa1, 0xd8, 0xbc, 0x28, 0xa8, 0x91, 0xfe, 0x22, 0x0d, 0x84, 0xee, 0x16, 0xb6, 0x6d, 0xc9, 0x05, 0x00, 0x9e, 0x4d,
		0x98, 0x5f, 0xe3, 0x08, 0xd2, 0xf9, 0x33, 0xe0, 0x36, 0xe8, 0x85, 0x24, 0xcc, 0x22, 0xb3, 0x05, 0x64, 0x65, 0x2d, 0x3d, 0x49, 0xbd, 0xed, 0xd7,
		0x36, 0x2d, 0xb0, 0xae, 0xcf, 0x88, 0x84, 0x19, 0xf9, 0x30, 0x97, 0x63, 0x39, 0xe6, 0x08, 0x01, 0x51, 0xcc, 0x91, 0x0c, 0xf5, 0xb6, 0x53, 0x8f,
		0x56, 0x3d, 0x3b, 0x54, 0x69, 0x38, 0x3d, 0xae, 0x52, 0x12, 0x51, 0x91, 0xda, 0xa1, 0x82, 0x4a, 0x2a, 0xa7, 0xe0, 0xdf, 0x1c, 0x06, 0x10, 0x53,
		0x3d, 0xae, 0xfb, 0xef, 0x67, 0xc1, 0xd3, 0x24, 0xba, 0xce, 0x0d, 0xaa, 0xd5, 0x14, 0xb9, 0x4e, 0xa2, 0x9b, 0xf7, 0xfc, 0x01, 0x1d, 0xfe, 0x82,
		0xf4, 0xf2, 0x30, 0x0f, 0x67, 0x00, 0x00, 0x00, 0x00, 0x49, 0x45, 0x4e, 0x44, 0xae, 0x42, 0x60, 0x82,
	};
	inline constexpr unsigned char k_png_crosshair[] = {
		0x89, 0x50, 0x4e, 0x47, 0x0d, 0x0a, 0x1a, 0x0a, 0x00, 0x00, 0x00, 0x0d, 0x49, 0x48, 0x44, 0x52, 0x00, 0x00, 0x00, 0x0f, 0x00, 0x00, 0x00, 0x0f,
		0x08, 0x04, 0x00, 0x00, 0x00, 0x91, 0xdf, 0x5d, 0xc1, 0x00, 0x00, 0x00, 0x18, 0x49, 0x44, 0x41, 0x54, 0x78, 0xda, 0x63, 0xa0, 0x23, 0xf8, 0xff,
		0x9f, 0xfe, 0xd2, 0xff, 0x31, 0xc0, 0x40, 0x38, 0x8d, 0x8e, 0x81, 0x0c, 0x00, 0xc5, 0xb2, 0x21, 0xdf, 0xb2, 0x9e, 0xaf, 0x00, 0x00, 0x00, 0x00,
		0x00, 0x49, 0x45, 0x4e, 0x44, 0xae, 0x42, 0x60, 0x82,
	};
	inline constexpr unsigned char k_png_crossbow_standby[] = {
		0x89, 0x50, 0x4e, 0x47, 0x0d, 0x0a, 0x1a, 0x0a, 0x00, 0x00, 0x00, 0x0d, 0x49, 0x48, 0x44, 0x52, 0x00, 0x00, 0x00, 0x10, 0x00, 0x00, 0x00, 0x10,
		0x08, 0x03, 0x00, 0x00, 0x00, 0x28, 0x2d, 0x0f, 0x53, 0x00, 0x00, 0x00, 0x2a, 0x50, 0x4c, 0x54, 0x45, 0x00, 0x00, 0x00, 0x4d, 0x2e, 0x11, 0x6d,
		0x42, 0x18, 0x2a, 0x1a, 0x09, 0x90, 0x58, 0x1f, 0x3b, 0x24, 0x0d, 0xb5, 0x73, 0x2f, 0x48, 0x2b, 0x10, 0x97, 0x97, 0x97, 0x6d, 0x6d, 0x6d, 0x96,
		0x96, 0x96, 0x36, 0x20, 0x0b, 0x44, 0x44, 0x44, 0x1f, 0x12, 0x06, 0xe0, 0xc9, 0x27, 0xb7, 0x00, 0x00, 0x00, 0x01, 0x74, 0x52, 0x4e, 0x53, 0x00,
		0x40, 0xe6, 0xd8, 0x66, 0x00, 0x00, 0x00, 0x68, 0x49, 0x44, 0x41, 0x54, 0x78, 0xda, 0x05, 0xc1, 0x81, 0x01, 0x82, 0x30, 0x10, 0x04, 0xb0, 0xdc,
		0xb7, 0xa8, 0x40, 0x6f, 0xff, 0x75, 0x4d, 0x00, 0x40, 0x00, 0x20, 0xc9, 0x9a, 0x00, 0xbf, 0x5b, 0xf6, 0x9e, 0x99, 0x04, 0xfc, 0x38, 0x9f, 0xeb,
		0xba, 0x96, 0x03, 0xdc, 0xf2, 0xb9, 0x8a, 0x03, 0x70, 0xf6, 0x95, 0xd4, 0x0d, 0x90, 0x7d, 0x25, 0x93, 0x07, 0xc0, 0x7c, 0x9b, 0xc9, 0x93, 0x02,
		0xb2, 0x97, 0xe6, 0xc9, 0xa4, 0x40, 0xf6, 0xe2, 0xc9, 0x64, 0x52, 0x90, 0xe1, 0xd6, 0x4c, 0xe6, 0x05, 0x6b, 0x3b, 0x68, 0x26, 0x53, 0x64, 0x72,
		0x40, 0xdf, 0xc9, 0x5b, 0xac, 0x05, 0xd0, 0x37, 0x53, 0x00, 0xd0, 0x69, 0x01, 0x80, 0xd6, 0x1f, 0x27, 0xd0, 0x02, 0x73, 0xc4, 0xcb, 0xb3, 0x9d,
		0x00, 0x00, 0x00, 0x00, 0x49, 0x45, 0x4e, 0x44, 0xae, 0x42, 0x60, 0x82,
	};
	inline constexpr unsigned char k_png_crossbow_arrow[] = {
		0x89, 0x50, 0x4e, 0x47, 0x0d, 0x0a, 0x1a, 0x0a, 0x00, 0x00, 0x00, 0x0d, 0x49, 0x48, 0x44, 0x52, 0x00, 0x00, 0x00, 0x10, 0x00, 0x00, 0x00, 0x10,
		0x08, 0x03, 0x00, 0x00, 0x00, 0x28, 0x2d, 0x0f, 0x53, 0x00, 0x00, 0x00, 0x39, 0x50, 0x4c, 0x54, 0x45, 0x00, 0x00, 0x00, 0x4d, 0x2e, 0x11, 0x6d,
		0x6d, 0x6d, 0x2a, 0x1a, 0x09, 0x96, 0x96, 0x96, 0x90, 0x58, 0x1f, 0x44, 0x44, 0x44, 0x3b, 0x24, 0x0d, 0xff, 0xff, 0xff, 0xb5, 0x73, 0x2f, 0x48,
		0x2b, 0x10, 0xd8, 0xd8, 0xd8, 0x45, 0x32, 0x0d, 0x36, 0x20, 0x0b, 0x6d, 0x4f, 0x18, 0x89, 0x67, 0x27, 0x54, 0x3d, 0x12, 0x6d, 0x42, 0x18, 0x1f,
		0x12, 0x06, 0xd2, 0x09, 0x86, 0x3e, 0x00, 0x00, 0x00, 0x01, 0x74, 0x52, 0x4e, 0x53, 0x00, 0x40, 0xe6, 0xd8, 0x66, 0x00, 0x00, 0x00, 0x70, 0x49,
		0x44, 0x41, 0x54, 0x78, 0xda, 0x55, 0xcc, 0x59, 0x12, 0x04, 0x21, 0x08, 0x03, 0xd0, 0x20, 0x2e, 0x3d, 0x4b, 0xab, 0xe4, 0xfe, 0x87, 0x1d, 0x47,
		0xe9, 0x2d, 0xfc, 0xc0, 0xab, 0x14, 0xb8, 0x47, 0x1e, 0x87, 0x88, 0xda, 0x92, 0x6d, 0x0b, 0x90, 0x94, 0xcc, 0x4c, 0x1c, 0x3e, 0x31, 0xbf, 0x4a,
		0x29, 0x8a, 0xbc, 0xca, 0x21, 0xb6, 0x2a, 0x1c, 0xcb, 0x01, 0xc8, 0xb5, 0xf5, 0x29, 0xc1, 0xdf, 0x25, 0xe9, 0xad, 0x1b, 0x4f, 0xb0, 0x37, 0x5d,
		0x82, 0x17, 0x14, 0xb4, 0x29, 0x17, 0xb8, 0xc4, 0x05, 0x06, 0x4c, 0xa9, 0x7d, 0x35, 0x34, 0xc1, 0xe5, 0x1b, 0x39, 0x0b, 0x92, 0x73, 0x18, 0x89,
		0x63, 0xf6, 0xbf, 0xa8, 0xc2, 0xc3, 0x5d, 0x8c, 0xb8, 0x87, 0x46, 0xe2, 0x29, 0xc4, 0x0f, 0x52, 0x97, 0x04, 0xc9, 0x9f, 0x19, 0x2c, 0x8c, 0x00,
		0x00, 0x00, 0x00, 0x49, 0x45, 0x4e, 0x44, 0xae, 0x42, 0x60, 0x82,
	};
	inline constexpr unsigned char k_png_bow[] = {
		0x89, 0x50, 0x4e, 0x47, 0x0d, 0x0a, 0x1a, 0x0a, 0x00, 0x00, 0x00, 0x0d, 0x49, 0x48, 0x44, 0x52, 0x00, 0x00, 0x00, 0x10, 0x00, 0x00, 0x00, 0x10,
		0x08, 0x06, 0x00, 0x00, 0x00, 0x1f, 0xf3, 0xff, 0x61, 0x00, 0x00, 0x00, 0x67, 0x49, 0x44, 0x41, 0x54, 0x78, 0xda, 0x63, 0xa0, 0x2b, 0xf0, 0x34,
		0x13, 0xfd, 0x8f, 0x8c, 0x49, 0xd6, 0xd4, 0x99, 0xae, 0xfe, 0x3f, 0xc3, 0x4f, 0x0e, 0x84, 0xc1, 0x6c, 0x0d, 0x39, 0x6e, 0xdc, 0x86, 0xa0, 0x68,
		0x42, 0x68, 0x80, 0x61, 0xc2, 0x9a, 0xb3, 0xb3, 0xb3, 0x41, 0x1a, 0xb1, 0x6a, 0x70, 0x71, 0x71, 0x21, 0xac, 0x79, 0xda, 0xb4, 0x69, 0x60, 0x1a,
		0x26, 0x4e, 0x63, 0xcd, 0x08, 0x03, 0x40, 0xce, 0x26, 0x5b, 0x33, 0x2c, 0xa0, 0xf0, 0x68, 0x26, 0x6c, 0x3b, 0xd8, 0x00, 0x02, 0x9a, 0x09, 0xbb,
		0x80, 0xbe, 0x9a, 0x31, 0x9d, 0x8f, 0xd0, 0x4c, 0x96, 0x01, 0xe8, 0x9a, 0x49, 0xf7, 0x02, 0xb9, 0x80, 0x5c, 0xcd, 0x00, 0xd5, 0x1a, 0x78, 0xb5,
		0x16, 0x5b, 0xce, 0x12, 0x00, 0x00, 0x00, 0x00, 0x49, 0x45, 0x4e, 0x44, 0xae, 0x42, 0x60, 0x82,
	};
	inline constexpr unsigned char k_png_diamond_sword[] = {
		0x89, 0x50, 0x4e, 0x47, 0x0d, 0x0a, 0x1a, 0x0a, 0x00, 0x00, 0x00, 0x0d, 0x49, 0x48, 0x44, 0x52, 0x00, 0x00, 0x00, 0x10, 0x00, 0x00, 0x00, 0x10,
		0x08, 0x03, 0x00, 0x00, 0x00, 0x28, 0x2d, 0x0f, 0x53, 0x00, 0x00, 0x00, 0x24, 0x50, 0x4c, 0x54, 0x45, 0x00, 0x00, 0x00, 0x0e, 0x3f, 0x36, 0x08,
		0x25, 0x20, 0x33, 0xeb, 0xcb, 0xa4, 0xfd, 0xf0, 0x2b, 0xc7, 0xac, 0x1e, 0x8a, 0x77, 0x15, 0x63, 0x55, 0x68, 0x4e, 0x1e, 0x49, 0x36, 0x15, 0x28,
		0x1e, 0x0b, 0x89, 0x67, 0x27, 0x1a, 0xcd, 0x47, 0x4c, 0x00, 0x00, 0x00, 0x01, 0x74, 0x52, 0x4e, 0x53, 0x00, 0x40, 0xe6, 0xd8, 0x66, 0x00, 0x00,
		0x00, 0x4c, 0x49, 0x44, 0x41, 0x54, 0x18, 0xd3, 0x75, 0x8e, 0xc1, 0x0d, 0xc0, 0x30, 0x0c, 0x02, 0x01, 0xa7, 0x76, 0x92, 0xee, 0xbf, 0x6f, 0x7f,
		0x8d, 0x91, 0x5a, 0xff, 0xee, 0x10, 0xc2, 0x40, 0x3f, 0x92, 0xce, 0x63, 0xc8, 0xf9, 0x32, 0xf1, 0xc1, 0xf1, 0xc3, 0x24, 0x00, 0xc6, 0xc9, 0x59,
		0x34, 0x06, 0x98, 0x8a, 0xec, 0x7d, 0x66, 0x56, 0xf8, 0x03, 0x45, 0xe3, 0x35, 0xc5, 0x6e, 0xd6, 0xbd, 0x21, 0xbd, 0x86, 0x9c, 0x1b, 0x00, 0x74,
		0x46, 0xad, 0x0e, 0x48, 0x2e, 0x1e, 0x87, 0x09, 0x01, 0x13, 0x49, 0x72, 0x82, 0x7b, 0x00, 0x00, 0x00, 0x00, 0x49, 0x45, 0x4e, 0x44, 0xae, 0x42,
		0x60, 0x82,
	};
	inline constexpr unsigned char k_png_potion_overlay[] = {
		0x89, 0x50, 0x4e, 0x47, 0x0d, 0x0a, 0x1a, 0x0a, 0x00, 0x00, 0x00, 0x0d, 0x49, 0x48, 0x44, 0x52, 0x00, 0x00, 0x00, 0x10, 0x00, 0x00, 0x00, 0x10,
		0x08, 0x04, 0x00, 0x00, 0x00, 0xb5, 0xfa, 0x37, 0xea, 0x00, 0x00, 0x00, 0x43, 0x49, 0x44, 0x41, 0x54, 0x78, 0xda, 0x63, 0x18, 0x05, 0x98, 0xe0,
		0xff, 0x7f, 0x06, 0x86, 0x59, 0xff, 0x67, 0xfd, 0x4f, 0xfe, 0x8f, 0x55, 0x1a, 0x28, 0x0c, 0x54, 0x72, 0x14, 0x08, 0x71, 0x28, 0x99, 0x05, 0x56,
		0xb0, 0x0a, 0xa2, 0x04, 0xab, 0x02, 0xb0, 0xd4, 0x14, 0x20, 0x66, 0x60, 0x58, 0xf6, 0x1f, 0xab, 0x15, 0x20, 0x25, 0xcb, 0xc0, 0xba, 0x71, 0xba,
		0x62, 0x16, 0x54, 0x9a, 0x9a, 0x5e, 0x07, 0x00, 0xcf, 0xf7, 0x34, 0x49, 0x1c, 0xa4, 0xa9, 0xfc, 0x00, 0x00, 0x00, 0x00, 0x49, 0x45, 0x4e, 0x44,
		0xae, 0x42, 0x60, 0x82,
	};
	inline constexpr unsigned char k_png_splash_potion[] = {
		0x89, 0x50, 0x4e, 0x47, 0x0d, 0x0a, 0x1a, 0x0a, 0x00, 0x00, 0x00, 0x0d, 0x49, 0x48, 0x44, 0x52, 0x00, 0x00, 0x00, 0x10, 0x00, 0x00, 0x00, 0x10,
		0x08, 0x06, 0x00, 0x00, 0x00, 0x1f, 0xf3, 0xff, 0x61, 0x00, 0x00, 0x00, 0x5d, 0x49, 0x44, 0x41, 0x54, 0x78, 0xda, 0x63, 0x18, 0x5a, 0xe0, 0x4a,
		0xae, 0xe7, 0x7f, 0x10, 0xa6, 0x48, 0xf3, 0x4a, 0x77, 0x55, 0xd2, 0x0d, 0x88, 0xed, 0x3f, 0xf4, 0x7f, 0xba, 0xb9, 0x18, 0x48, 0x33, 0xe9, 0x06,
		0x6c, 0x3e, 0xff, 0x06, 0xae, 0x01, 0x64, 0x08, 0x08, 0x93, 0xa6, 0x19, 0xc1, 0x26, 0x4d, 0xf3, 0x95, 0xa7, 0xdf, 0xff, 0xa3, 0x19, 0x46, 0x9a,
		0x66, 0x74, 0x4d, 0x30, 0x3e, 0x19, 0x9a, 0x31, 0x03, 0x94, 0x76, 0x06, 0xe0, 0xd3, 0xd8, 0xbd, 0xf6, 0xc2, 0x7f, 0xfa, 0x18, 0x00, 0x53, 0x44,
		0x86, 0x66, 0x4c, 0x43, 0xd0, 0x31, 0x4d, 0x32, 0x18, 0x00, 0x08, 0xbb, 0x72, 0x1c, 0x85, 0x2c, 0x12, 0x51, 0x00, 0x00, 0x00, 0x00, 0x49, 0x45,
		0x4e, 0x44, 0xae, 0x42, 0x60, 0x82,
	};
	inline constexpr unsigned char k_png_arrow[] = {
		0x89, 0x50, 0x4e, 0x47, 0x0d, 0x0a, 0x1a, 0x0a, 0x00, 0x00, 0x00, 0x0d, 0x49, 0x48, 0x44, 0x52, 0x00, 0x00, 0x00, 0x10, 0x00, 0x00, 0x00, 0x10,
		0x08, 0x06, 0x00, 0x00, 0x00, 0x1f, 0xf3, 0xff, 0x61, 0x00, 0x00, 0x00, 0x58, 0x49, 0x44, 0x41, 0x54, 0x78, 0xda, 0x63, 0x18, 0x7a, 0x60, 0xda,
		0xb4, 0x69, 0xff, 0x41, 0xc0, 0xc5, 0xc5, 0xe5, 0x3f, 0xc9, 0x1a, 0x6f, 0xdc, 0xb8, 0x01, 0xc6, 0x40, 0x36, 0xe9, 0x06, 0x80, 0x34, 0x74, 0xa6,
		0xab, 0x83, 0x0c, 0x80, 0x68, 0x26, 0x15, 0x80, 0x34, 0x6b, 0xc8, 0x71, 0xc3, 0x6d, 0x27, 0x4b, 0x33, 0x88, 0x4d, 0xbe, 0x66, 0x28, 0x18, 0xee,
		0x9a, 0x1f, 0x3c, 0x78, 0xf0, 0xff, 0xd8, 0xb1, 0x63, 0x94, 0x69, 0x06, 0xd1, 0xf6, 0xf6, 0xf6, 0xa4, 0x1b, 0x00, 0xd4, 0x84, 0xa1, 0x99, 0x2c,
		0x43, 0xe8, 0x9e, 0xb9, 0x00, 0x0a, 0x43, 0x58, 0x30, 0xbf, 0x0b, 0xba, 0x81, 0x00, 0x00, 0x00, 0x00, 0x49, 0x45, 0x4e, 0x44, 0xae, 0x42, 0x60,
		0x82,
	};
	inline constexpr unsigned char k_png_tnt_top[] = {
		0x89, 0x50, 0x4e, 0x47, 0x0d, 0x0a, 0x1a, 0x0a, 0x00, 0x00, 0x00, 0x0d, 0x49, 0x48, 0x44, 0x52, 0x00, 0x00, 0x00, 0x10, 0x00, 0x00, 0x00, 0x10,
		0x08, 0x03, 0x00, 0x00, 0x00, 0x28, 0x2d, 0x0f, 0x53, 0x00, 0x00, 0x00, 0x15, 0x50, 0x4c, 0x54, 0x45, 0x8e, 0x8e, 0x8e, 0xea, 0x43, 0x18, 0xdb,
		0x2f, 0x1a, 0x56, 0x56, 0x56, 0x91, 0x2d, 0x11, 0xb1, 0x15, 0x27, 0x11, 0x11, 0x1e, 0x3d, 0xa5, 0xae, 0xf5, 0x00, 0x00, 0x00, 0x63, 0x49, 0x44,
		0x41, 0x54, 0x78, 0xda, 0x4d, 0xce, 0xc1, 0x0d, 0xc4, 0x40, 0x10, 0x02, 0x41, 0x66, 0x80, 0xce, 0x3f, 0xe4, 0x93, 0xec, 0x3d, 0x79, 0x1f, 0xfd,
		0xa4, 0x84, 0x76, 0x66, 0xef, 0x34, 0x52, 0xef, 0x34, 0x72, 0x46, 0x06, 0x2b, 0xa0, 0xa8, 0x8d, 0x4b, 0xd2, 0x42, 0x9b, 0x68, 0x67, 0xe0, 0xdd,
		0x73, 0x19, 0xd4, 0x72, 0x39, 0x86, 0x2d, 0x00, 0xc5, 0xc7, 0x48, 0x0d, 0xd8, 0x2e, 0xaf, 0xb1, 0x06, 0x80, 0xe5, 0x35, 0x6c, 0x04, 0xf8, 0x33,
		0x32, 0x08, 0x2c, 0xec, 0x63, 0x98, 0x3c, 0xc0, 0xff, 0x87, 0x77, 0x58, 0x18, 0xfb, 0x18, 0x7d, 0xb2, 0x9e, 0x34, 0x52, 0xbe, 0x8e, 0x71, 0xf7,
		0x03, 0x86, 0x3a, 0x02, 0xfe, 0xb6, 0x20, 0x2d, 0x38, 0x00, 0x00, 0x00, 0x00, 0x49, 0x45, 0x4e, 0x44, 0xae, 0x42, 0x60, 0x82,
	};
	inline constexpr unsigned char k_png_tnt_side[] = {
		0x89, 0x50, 0x4e, 0x47, 0x0d, 0x0a, 0x1a, 0x0a, 0x00, 0x00, 0x00, 0x0d, 0x49, 0x48, 0x44, 0x52, 0x00, 0x00, 0x00, 0x10, 0x00, 0x00, 0x00, 0x10,
		0x04, 0x03, 0x00, 0x00, 0x00, 0xed, 0xdd, 0xe2, 0x52, 0x00, 0x00, 0x00, 0x1e, 0x50, 0x4c, 0x54, 0x45, 0x91, 0x2d, 0x11, 0xff, 0xff, 0xff, 0xdd,
		0xd9, 0xd9, 0xce, 0xce, 0xce, 0xbe, 0xb2, 0xb3, 0xea, 0x43, 0x18, 0xdb, 0x2f, 0x1a, 0xb1, 0x15, 0x27, 0x37, 0x36, 0x56, 0x1b, 0x1a, 0x3c, 0xc9,
		0x56, 0xd2, 0x43, 0x00, 0x00, 0x00, 0x4c, 0x49, 0x44, 0x41, 0x54, 0x78, 0xda, 0x63, 0x08, 0x4d, 0x87, 0x40, 0x86, 0xb4, 0x02, 0x08, 0xc4, 0xc7,
		0x10, 0x56, 0x32, 0x56, 0x52, 0x36, 0x52, 0x52, 0x64, 0x10, 0xea, 0x98, 0xd4, 0x6c, 0xa9, 0xd1, 0x69, 0xc8, 0xa0, 0x62, 0x69, 0xdc, 0x61, 0x61,
		0xd4, 0xa4, 0xc4, 0x20, 0xac, 0xa1, 0xd4, 0xd4, 0x61, 0x3c, 0xd9, 0x89, 0x41, 0xc8, 0xd2, 0xa8, 0xd9, 0xd2, 0x78, 0x92, 0x21, 0x83, 0x0b, 0x14,
		0x30, 0x94, 0x43, 0x21, 0x3e, 0x93, 0xcb, 0x0b, 0x20, 0x10, 0x00, 0x7d, 0x34, 0x2c, 0xa1, 0x13, 0xeb, 0x4e, 0xc5, 0x00, 0x00, 0x00, 0x00, 0x49,
		0x45, 0x4e, 0x44, 0xae, 0x42, 0x60, 0x82,
	};
	inline constexpr unsigned char k_png_font_ascii[] = {
		0x89, 0x50, 0x4e, 0x47, 0x0d, 0x0a, 0x1a, 0x0a, 0x00, 0x00, 0x00, 0x0d, 0x49, 0x48, 0x44, 0x52, 0x00, 0x00, 0x00, 0x80, 0x00, 0x00, 0x00, 0x80,
		0x01, 0x03, 0x00, 0x00, 0x00, 0xf9, 0xf0, 0xf3, 0x88, 0x00, 0x00, 0x00, 0x06, 0x50, 0x4c, 0x54, 0x45, 0xff, 0xff, 0xff, 0xff, 0xff, 0xff, 0x55,
		0x7c, 0xf5, 0x6c, 0x00, 0x00, 0x00, 0x01, 0x74, 0x52, 0x4e, 0x53, 0x00, 0x40, 0xe6, 0xd8, 0x66, 0x00, 0x00, 0x02, 0xd2, 0x49, 0x44, 0x41, 0x54,
		0x78, 0xda, 0xed, 0x93, 0xa1, 0x8f, 0x1b, 0x57, 0x10, 0xc6, 0x3f, 0x74, 0x7a, 0xa0, 0x52, 0x9e, 0x82, 0x16, 0x54, 0xf2, 0xa8, 0x0a, 0x08, 0x34,
		0xda, 0xab, 0x4a, 0xee, 0x81, 0x02, 0xc3, 0x25, 0xe5, 0x06, 0x07, 0x0c, 0x1f, 0xeb, 0xc2, 0x01, 0x05, 0xa3, 0xa2, 0x55, 0x91, 0xa1, 0x55, 0x15,
		0x58, 0x45, 0x06, 0x05, 0x05, 0x01, 0x81, 0x86, 0x81, 0x91, 0x42, 0xf6, 0x2f, 0x88, 0x16, 0x5d, 0x06, 0x44, 0xb7, 0x99, 0x79, 0x8e, 0xad, 0xdb,
		0x55, 0x92, 0x0b, 0x0c, 0xc8, 0xe7, 0xd9, 0xe7, 0xd5, 0x6f, 0x7f, 0x9a, 0x79, 0xfb, 0xa4, 0xc5, 0xf7, 0xcc, 0xc2, 0xbb, 0x86, 0x84, 0x98, 0x78,
		0x07, 0x4b, 0x28, 0xa0, 0xed, 0x1a, 0x4e, 0x29, 0x11, 0x80, 0x68, 0x00, 0xca, 0x91, 0xc0, 0xb4, 0xbb, 0x80, 0x26, 0xd3, 0xc6, 0x00, 0x14, 0x0a,
		0x2a, 0x46, 0x48, 0x07, 0x07, 0x6e, 0x24, 0x58, 0x9a, 0x61, 0xd5, 0x21, 0xa5, 0x33, 0x60, 0xd8, 0x94, 0x0d, 0x88, 0xfd, 0x96, 0x79, 0xba, 0x03,
		0x58, 0x32, 0xe5, 0x5c, 0xe9, 0x52, 0x73, 0xf6, 0x11, 0x9c, 0x21, 0x6b, 0x91, 0xe7, 0x9c, 0x44, 0x04, 0x20, 0x24, 0xc1, 0x96, 0x42, 0x58, 0x0d,
		0x1c, 0x44, 0x98, 0x93, 0x52, 0xc0, 0x9e, 0x96, 0x4b, 0x09, 0x43, 0xcc, 0x2d, 0xc0, 0x88, 0x11, 0x47, 0x4a, 0x41, 0x83, 0x90, 0x04, 0x9f, 0x49,
		0x04, 0x21, 0x11, 0xf3, 0x49, 0x22, 0x40, 0x9a, 0x80, 0xac, 0x9a, 0x43, 0xb6, 0x59, 0x6b, 0xe6, 0x08, 0xa6, 0xd9, 0x36, 0x3c, 0x79, 0xc8, 0x83,
		0x6a, 0x2b, 0x7d, 0x10, 0x16, 0xc9, 0x68, 0xc5, 0xc2, 0xcc, 0x92, 0x42, 0xc7, 0xaf, 0x8f, 0x82, 0x3f, 0x74, 0x60, 0xe9, 0xfb, 0xad, 0xa6, 0xd0,
		0xf3, 0x7e, 0x2f, 0xf8, 0x4f, 0xcc, 0x34, 0xa1, 0x18, 0xb2, 0x15, 0xfc, 0x73, 0x01, 0xa5, 0x87, 0xe0, 0x85, 0x58, 0x0a, 0x90, 0x13, 0x60, 0xf1,
		0x29, 0x9c, 0xa5, 0xcf, 0xa2, 0x65, 0x0a, 0x66, 0xb1, 0xe7, 0xad, 0x8a, 0x47, 0x7b, 0xee, 0x09, 0xf0, 0x0e, 0x64, 0x4b, 0xd3, 0x04, 0x4e, 0xd4,
		0x98, 0x61, 0x3d, 0x1c, 0x10, 0x45, 0x03, 0x02, 0xb0, 0x48, 0x28, 0x06, 0x11, 0x13, 0xe1, 0x0c, 0x9a, 0xbd, 0x50, 0xe2, 0x58, 0x40, 0x27, 0x62,
		0xe0, 0xb5, 0x10, 0x7f, 0x04, 0x1b, 0xc9, 0xe4, 0x5d, 0x48, 0xfb, 0xd0, 0x03, 0xf3, 0x28, 0x18, 0x8c, 0x80, 0x25, 0x98, 0x03, 0xb3, 0xa3, 0xe4,
		0xa0, 0xac, 0x38, 0x01, 0xe4, 0x43, 0xde, 0xd8, 0x6e, 0x0f, 0x1c, 0x3a, 0x7e, 0x35, 0x64, 0x20, 0x1c, 0x65, 0x2b, 0x49, 0x8e, 0x1c, 0x76, 0xbc,
		0x17, 0x01, 0x5a, 0x61, 0x51, 0x7f, 0xf7, 0xf0, 0xf2, 0x04, 0xc4, 0xc2, 0xc9, 0xf1, 0x8e, 0xa5, 0x18, 0x43, 0x6e, 0xdb, 0x72, 0x5c, 0x9d, 0x79,
		0xf9, 0x72, 0x0a, 0x40, 0xc6, 0x25, 0x09, 0x25, 0xc4, 0x7c, 0x3b, 0x01, 0x89, 0xd3, 0x16, 0x38, 0x6c, 0x0e, 0x6d, 0x2f, 0x1e, 0x35, 0x00, 0xe0,
		0xb8, 0x3d, 0x72, 0xf2, 0xf3, 0x90, 0xc8, 0x4c, 0xf0, 0xa9, 0x9c, 0x0d, 0xec, 0x49, 0xe8, 0x64, 0x0c, 0x2d, 0x87, 0x64, 0x07, 0xd4, 0xb4, 0xe9,
		0x04, 0x38, 0xf0, 0x40, 0x2d, 0xb5, 0x12, 0x94, 0x98, 0x0b, 0xb8, 0xec, 0xe4, 0xdb, 0xcd, 0x12, 0x88, 0x13, 0xb0, 0x02, 0x9e, 0x4f, 0x40, 0x02,
		0x08, 0x9e, 0xc9, 0xc1, 0xce, 0x8d, 0x2f, 0x03, 0x05, 0x76, 0x00, 0xe6, 0x52, 0xc9, 0x7a, 0x8d, 0x69, 0x62, 0x87, 0x92, 0x67, 0xdd, 0x79, 0xe0,
		0xc7, 0x9b, 0xd5, 0x0a, 0xa7, 0xe4, 0x75, 0x69, 0x89, 0xee, 0x19, 0x70, 0x49, 0x78, 0x68, 0x0c, 0x83, 0x83, 0xd2, 0xe3, 0xf1, 0xfc, 0xf4, 0xdb,
		0x9b, 0xaa, 0xaa, 0x6a, 0xa0, 0xae, 0xad, 0x2a, 0x40, 0xfe, 0xfd, 0x7d, 0x0a, 0x8a, 0xa1, 0x35, 0xf4, 0xae, 0xbe, 0xbf, 0xab, 0xd5, 0x8d, 0xb7,
		0xc5, 0xa8, 0xae, 0xea, 0xab, 0xab, 0xb3, 0xa1, 0x7a, 0x77, 0x6f, 0xc6, 0xdd, 0xfd, 0xbd, 0xea, 0xb9, 0x47, 0x6d, 0x55, 0x03, 0xa8, 0xdc, 0x98,
		0x00, 0xef, 0x31, 0x05, 0x95, 0x15, 0x9c, 0xa0, 0xfc, 0x3e, 0x0b, 0x16, 0xf5, 0xf5, 0xcd, 0xbb, 0xf1, 0x7a, 0x7c, 0x37, 0x5e, 0x8c, 0xe5, 0x12,
		0xb0, 0x02, 0x16, 0xe3, 0xe8, 0x75, 0x7d, 0x63, 0x8f, 0x8b, 0x81, 0xe2, 0x54, 0xa5, 0x81, 0x2f, 0x8f, 0x83, 0x52, 0x95, 0x5d, 0x86, 0x47, 0x0c,
		0x4f, 0xc6, 0x4f, 0x00, 0xab, 0xc5, 0xc2, 0xfe, 0x26, 0x46, 0xf5, 0xc0, 0x18, 0xc7, 0xf1, 0x66, 0xb1, 0xb8, 0x19, 0x47, 0xb5, 0xed, 0x0c, 0x4f,
		0x7c, 0x48, 0xed, 0x97, 0xbf, 0xc4, 0x57, 0x82, 0x69, 0x7e, 0xf9, 0x79, 0x06, 0x7e, 0x4d, 0x33, 0xf0, 0x27, 0xcf, 0xc0, 0x5f, 0x3a, 0x03, 0x7f,
		0xf3, 0x63, 0x3d, 0xfe, 0x2f, 0x53, 0xe6, 0xa1, 0x14, 0x7f, 0x88, 0xc0, 0x1a, 0xf8, 0xd1, 0x17, 0xbc, 0x27, 0xa2, 0xa7, 0x91, 0x6e, 0x3b, 0x20,
		0xf6, 0x9d, 0x02, 0xd0, 0x98, 0x9e, 0x46, 0x6c, 0x1d, 0x74, 0xa4, 0x27, 0x23, 0x46, 0xc5, 0xba, 0x32, 0x90, 0xf4, 0xd4, 0x23, 0x46, 0xdc, 0xa2,
		0x42, 0xd7, 0x0d, 0x6e, 0xa0, 0xb8, 0x5b, 0x00, 0x0d, 0xe0, 0x86, 0xaa, 0xc6, 0x0e, 0x9e, 0x25, 0xce, 0x89, 0x0f, 0x3e, 0x8e, 0x0f, 0xbe, 0x1b,
		0x94, 0x63, 0x0d, 0xbd, 0x9a, 0x19, 0x00, 0x00, 0x00, 0x00, 0x49, 0x45, 0x4e, 0x44, 0xae, 0x42, 0x60, 0x82,
	};
	inline constexpr unsigned char k_png_font_accented[] = {
		0x89, 0x50, 0x4e, 0x47, 0x0d, 0x0a, 0x1a, 0x0a, 0x00, 0x00, 0x00, 0x0d, 0x49, 0x48, 0x44, 0x52, 0x00, 0x00, 0x00, 0x90, 0x00, 0x00, 0x03, 0x84,
		0x01, 0x03, 0x00, 0x00, 0x00, 0x74, 0x27, 0x2a, 0xeb, 0x00, 0x00, 0x00, 0x06, 0x50, 0x4c, 0x54, 0x45, 0xff, 0xff, 0xff, 0xff, 0xff, 0xff, 0x55,
		0x7c, 0xf5, 0x6c, 0x00, 0x00, 0x00, 0x01, 0x74, 0x52, 0x4e, 0x53, 0x00, 0x40, 0xe6, 0xd8, 0x66, 0x00, 0x00, 0x1d, 0xb6, 0x49, 0x44, 0x41, 0x54,
		0x78, 0xda, 0xc5, 0x7b, 0x7d, 0x90, 0x1c, 0xd5, 0x75, 0xef, 0xe9, 0x9e, 0xbb, 0x3b, 0x77, 0x87, 0xd5, 0xcc, 0x9d, 0xd1, 0x48, 0x1e, 0x29, 0xc3,
		0xee, 0xdd, 0xd6, 0x00, 0x23, 0x45, 0x84, 0x15, 0xc8, 0x78, 0x94, 0x37, 0x16, 0x3d, 0xbb, 0xbd, 0xd2, 0x88, 0x10, 0x3c, 0xc8, 0xf2, 0x8b, 0x8c,
		0xc9, 0xf3, 0x22, 0x2f, 0x2e, 0xd9, 0xc1, 0xc5, 0x10, 0x5c, 0xcf, 0x6b, 0xbf, 0x35, 0xf4, 0xcc, 0x2e, 0x6c, 0x4b, 0xa8, 0xec, 0x95, 0xe0, 0x95,
		0x15, 0xa1, 0x72, 0x46, 0xfb, 0x28, 0x97, 0x8a, 0x38, 0x79, 0xc4, 0x38, 0x31, 0xb6, 0x53, 0x78, 0x56, 0xd2, 0x33, 0x1f, 0xc6, 0x18, 0xc5, 0x8f,
		0x3c, 0x9e, 0x9d, 0xc4, 0x23, 0x8c, 0x81, 0x54, 0x25, 0x66, 0x08, 0x29, 0xbc, 0x18, 0x15, 0xca, 0x39, 0xf7, 0xf6, 0x7c, 0xed, 0xac, 0x8d, 0xac,
		0x38, 0xc9, 0xd1, 0x1f, 0x3a, 0xf5, 0x9b, 0xdb, 0xdd, 0xf7, 0xd7, 0xe7, 0xde, 0x73, 0xcf, 0x47, 0x2f, 0xd8, 0x9c, 0xf7, 0x80, 0x01, 0x00, 0xa8,
		0x00, 0x37, 0x48, 0x93, 0x22, 0x1e, 0xea, 0x31, 0x5d, 0xad, 0x30, 0xd3, 0x2c, 0xd9, 0xa0, 0xc4, 0x80, 0x76, 0x29, 0x66, 0x92, 0xe1, 0x60, 0xa0,
		0xf4, 0x76, 0x6d, 0x71, 0x6a, 0xeb, 0x20, 0x69, 0x55, 0xf0, 0x1c, 0x2b, 0xca, 0x67, 0x46, 0x86, 0x84, 0x6b, 0x4b, 0xc1, 0x4c, 0x03, 0x5c, 0xa0,
		0x1f, 0x23, 0xb3, 0x27, 0xdf, 0x84, 0x1a, 0x8e, 0x57, 0x50, 0x73, 0x14, 0xd0, 0xa8, 0x77, 0x84, 0x44, 0x17, 0xb4, 0xb5, 0xed, 0x89, 0x0d, 0x91,
		0xd0, 0x25, 0x76, 0x9b, 0x1e, 0x17, 0xa6, 0x69, 0xd8, 0xe0, 0x0a, 0x01, 0xa6, 0x0f, 0xa5, 0x39, 0xeb, 0x41, 0x66, 0xb6, 0x4c, 0xc7, 0x19, 0x74,
		0x0b, 0x03, 0xd7, 0x2d, 0xc0, 0xa4, 0xa3, 0x38, 0x2e, 0x08, 0x7a, 0xb4, 0x69, 0x18, 0x76, 0x05, 0x9c, 0x09, 0x3d, 0x2f, 0x82, 0x42, 0xa0, 0xe4,
		0xc5, 0x5d, 0x2d, 0x88, 0xd1, 0xb4, 0x6a, 0xe0, 0x5c, 0xd7, 0x06, 0x29, 0x56, 0xe0, 0x38, 0xed, 0xa3, 0xa6, 0x17, 0x6a, 0xf5, 0x4e, 0x48, 0x29,
		0x8d, 0x27, 0x56, 0xe9, 0x75, 0xf9, 0xa3, 0x2e, 0x5c, 0x44, 0x37, 0x94, 0x06, 0xe0, 0xa6, 0x81, 0xff, 0x4b, 0xc6, 0x4c, 0xd7, 0x00, 0x09, 0x05,
		0x01, 0x80, 0x7a, 0xc9, 0x2e, 0x08, 0x4e, 0x66, 0x77, 0x6d, 0xe8, 0x12, 0xb2, 0xf6, 0xc5, 0xcf, 0x30, 0x86, 0x56, 0xa8, 0x2b, 0xb3, 0x97, 0x71,
		0xaa, 0x9c, 0x99, 0x9b, 0x14, 0xd4, 0x34, 0x15, 0x4c, 0x66, 0x07, 0xeb, 0x4b, 0x20, 0xd2, 0xba, 0x47, 0xfd, 0x54, 0x43, 0x7a, 0x09, 0x69, 0x8e,
		0xe6, 0x72, 0x46, 0x58, 0x4e, 0x0c, 0x49, 0x3f, 0xb5, 0x8d, 0x0f, 0x02, 0xd0, 0x4a, 0xe0, 0xd0, 0x03, 0x40, 0xab, 0xd6, 0xbf, 0x6e, 0x4e, 0xdd,
		0xd4, 0x20, 0xb5, 0x90, 0xe6, 0x21, 0x7a, 0xab, 0xe3, 0x45, 0xc0, 0xb7, 0x6a, 0x96, 0xaa, 0x9a, 0x23, 0x77, 0x4d, 0x09, 0x1e, 0x58, 0x5a, 0x51,
		0x53, 0x8d, 0x4c, 0x4f, 0xd7, 0x6a, 0x8b, 0x19, 0x19, 0xe6, 0x81, 0x32, 0xd4, 0x14, 0xc4, 0xdd, 0x11, 0x29, 0x3c, 0x26, 0xa3, 0x9c, 0x8d, 0x18,
		0x42, 0x43, 0xd3, 0x27, 0x64, 0xdd, 0xcb, 0x4a, 0xc1, 0x69, 0x65, 0x22, 0x34, 0x10, 0x51, 0xd4, 0xda, 0x39, 0x9a, 0x86, 0x3f, 0xca, 0x37, 0x28,
		0x00, 0x64, 0x07, 0xb4, 0x59, 0x38, 0x2c, 0x15, 0xde, 0xa4, 0x5a, 0x80, 0xb8, 0x56, 0xf2, 0x9a, 0xac, 0x4d, 0x84, 0x38, 0x69, 0x55, 0x18, 0x56,
		0x0a, 0xb8, 0xda, 0x8e, 0x5a, 0x52, 0xa0, 0xa4, 0x02, 0x45, 0x91, 0x35, 0xb6, 0xbb, 0xa3, 0x38, 0xfb, 0xc4, 0x56, 0x16, 0x71, 0x03, 0x35, 0x9b,
		0xa8, 0x19, 0x4e, 0xee, 0x05, 0xba, 0x82, 0xee, 0x61, 0x02, 0x6a, 0x19, 0x6b, 0x45, 0xc4, 0x1e, 0x75, 0x6b, 0xb5, 0x4c, 0x26, 0x1c, 0x0e, 0x4c,
		0xbb, 0x35, 0x70, 0x1d, 0x6b, 0x25, 0x1b, 0x45, 0x6a, 0xae, 0xd3, 0xe0, 0xe8, 0xda, 0x68, 0x34, 0xe7, 0x84, 0x51, 0x77, 0xa7, 0xe4, 0x20, 0x0f,
		0xa2, 0xa2, 0xed, 0xe8, 0x8c, 0x18, 0xf8, 0x5b, 0x83, 0x76, 0x31, 0x93, 0x8d, 0x04, 0xa7, 0x4f, 0xd6, 0xea, 0x8b, 0xd9, 0xad, 0x91, 0x08, 0x29,
		0xd0, 0x21, 0x38, 0x16, 0x96, 0x8a, 0x5a, 0x5d, 0xca, 0x80, 0xae, 0x4f, 0x5c, 0x73, 0x2c, 0x40, 0x12, 0x02, 0x9a, 0x5a, 0x3c, 0x04, 0x60, 0x92,
		0x22, 0x00, 0x15, 0x1a, 0xcf, 0x1b, 0x1c, 0x27, 0xd3, 0x03, 0xe1, 0x60, 0xa9, 0x54, 0xb3, 0x27, 0x85, 0x25, 0xd8, 0x48, 0xa0, 0x64, 0x37, 0xa9,
		0xa1, 0x62, 0x89, 0xc8, 0xcb, 0x25, 0x00, 0x38, 0x9c, 0xbd, 0x34, 0xd2, 0x37, 0x7d, 0x62, 0xbc, 0x7e, 0x38, 0xbb, 0x75, 0x35, 0x1b, 0xe9, 0xf0,
		0x26, 0xa8, 0xac, 0x09, 0x9e, 0x58, 0x58, 0x02, 0x45, 0xd9, 0xe8, 0x10, 0x41, 0x59, 0x2b, 0xe2, 0x1b, 0x0d, 0xa1, 0x11, 0x82, 0x8a, 0x2c, 0x69,
		0x04, 0x21, 0x57, 0x15, 0x45, 0x46, 0xd0, 0x3a, 0xd7, 0x05, 0x98, 0x84, 0x01, 0x08, 0xba, 0x46, 0x4d, 0x4e, 0xfe, 0x52, 0xa7, 0x93, 0x6a, 0xb9,
		0x26, 0xc3, 0x24, 0xad, 0x06, 0x09, 0xd2, 0x91, 0x2c, 0x11, 0x63, 0xa0, 0x25, 0xd6, 0xb9, 0x57, 0xc9, 0x51, 0xf6, 0x87, 0xcd, 0x80, 0x0b, 0x3c,
		0x6d, 0xf9, 0x2f, 0xda, 0x06, 0x01, 0x0c, 0x50, 0xe1, 0x90, 0xf2, 0x21, 0xdf, 0x08, 0x06, 0x70, 0x96, 0x89, 0x75, 0x41, 0xa9, 0x78, 0x17, 0x64,
		0x25, 0x3a, 0x21, 0xe2, 0xef, 0x8f, 0xaa, 0xc9, 0x0c, 0xc7, 0x27, 0x96, 0xa0, 0xe8, 0x58, 0xb1, 0x48, 0x39, 0x70, 0xa6, 0x7d, 0x4d, 0x66, 0xd4,
		0x7f, 0xb6, 0xb6, 0x16, 0x33, 0x5b, 0x0b, 0xb8, 0xd4, 0x41, 0x3a, 0xbe, 0xc4, 0xcc, 0x00, 0x8d, 0x45, 0xdb, 0xe1, 0xa3, 0x43, 0x5a, 0x9d, 0x2b,
		0x90, 0x4f, 0x37, 0xa5, 0xed, 0x81, 0xc5, 0xb8, 0x6b, 0x54, 0x6b, 0x3e, 0x14, 0x90, 0xf0, 0x04, 0x5c, 0x09, 0xfd, 0xb4, 0x1f, 0xd5, 0x4a, 0xeb,
		0x31, 0xcb, 0xc7, 0x6a, 0xc7, 0x27, 0x37, 0x0c, 0x84, 0x66, 0xcb, 0xb2, 0x86, 0x50, 0x2a, 0xde, 0x1b, 0x30, 0x6f, 0x16, 0x87, 0x9d, 0x4b, 0xa3,
		0x7d, 0x64, 0x3d, 0x35, 0xaa, 0xbf, 0xd7, 0x6c, 0xdf, 0x7c, 0xfa, 0xc8, 0xe8, 0x80, 0x16, 0xe5, 0x56, 0x1e, 0x5c, 0x68, 0x42, 0x39, 0x7c, 0x62,
		0x53, 0xa4, 0xe8, 0x5a, 0xab, 0xb6, 0x6c, 0x68, 0x79, 0x88, 0xb5, 0x38, 0x1a, 0x8a, 0xd9, 0x30, 0xa4, 0x5a, 0x1c, 0x4d, 0xb5, 0x7c, 0x11, 0xe9,
		0x6b, 0xe3, 0xe8, 0xe2, 0xf8, 0x62, 0x22, 0x19, 0x0b, 0x2e, 0x06, 0xaa, 0x76, 0x1d, 0xb2, 0x2c, 0x58, 0x32, 0x6a, 0x95, 0x96, 0xab, 0x21, 0x45,
		0xef, 0x47, 0x2f, 0x63, 0x85, 0xf9, 0x8f, 0xbf, 0xb9, 0x30, 0x5e, 0xdf, 0x9d, 0x5d, 0x1d, 0x0c, 0x2c, 0x54, 0xeb, 0xfe, 0xc2, 0xdc, 0x36, 0x34,
		0xe7, 0x4d, 0x58, 0x6b, 0x60, 0x06, 0x86, 0xc0, 0x87, 0xee, 0x1c, 0x02, 0xcf, 0xb6, 0x04, 0x4c, 0xbb, 0xb2, 0x06, 0x3e, 0x35, 0x0d, 0x29, 0x17,
		0xa5, 0x4f, 0xe4, 0xb7, 0x1e, 0xd3, 0x50, 0x30, 0x58, 0x5a, 0x58, 0xc2, 0x51, 0x4b, 0x37, 0x47, 0x6d, 0x3e, 0xcd, 0x23, 0xd4, 0x70, 0xb0, 0x2d,
		0x57, 0x13, 0xf7, 0x1d, 0xac, 0xfe, 0x55, 0x73, 0xec, 0x51, 0x56, 0xa4, 0x9d, 0xc0, 0x70, 0xc1, 0xd4, 0x2a, 0x8b, 0xd2, 0x0a, 0xf1, 0xe9, 0xb2,
		0x1c, 0x57, 0xfb, 0xd1, 0x34, 0xc1, 0x75, 0xa5, 0xf4, 0xc9, 0x42, 0x31, 0x9b, 0x8c, 0x98, 0x41, 0x28, 0x55, 0x8b, 0xc5, 0x86, 0x39, 0xb8, 0x6d,
		0x0a, 0x7f, 0x54, 0x13, 0xca, 0x98, 0x61, 0x0d, 0x35, 0x47, 0x79, 0xcc, 0x32, 0x96, 0x8c, 0x2a, 0x4e, 0x26, 0x07, 0x4c, 0xed, 0x84, 0x92, 0x11,
		0xfd, 0xbe, 0x68, 0x35, 0xaa, 0xb8, 0xa5, 0x93, 0xad, 0x69, 0x76, 0x42, 0xda, 0x8e, 0x34, 0x3d, 0x30, 0xb5, 0x37, 0x29, 0x88, 0x94, 0xa2, 0x4d,
		0x3e, 0x97, 0x81, 0xda, 0x67, 0x32, 0x4d, 0x76, 0x24, 0x4d, 0x34, 0xe2, 0x1d, 0x4f, 0x58, 0x31, 0xe2, 0x51, 0xf1, 0xd2, 0xd6, 0xa0, 0x19, 0xac,
		0x96, 0xea, 0x4d, 0x3b, 0xd2, 0x85, 0x7a, 0x7b, 0xb6, 0xbc, 0x89, 0x74, 0xb8, 0x19, 0x71, 0xa7, 0x6b, 0xb2, 0x03, 0x62, 0x38, 0x41, 0xdb, 0x6e,
		0x40, 0xc7, 0x0a, 0x08, 0x71, 0xc5, 0xcc, 0x87, 0x46, 0x6f, 0x2e, 0xc8, 0x2c, 0x17, 0x0c, 0xc7, 0xd1, 0xfb, 0x22, 0x6a, 0xe8, 0x86, 0x24, 0xe3,
		0x14, 0x3c, 0x9d, 0xa9, 0xb7, 0xb9, 0xd3, 0xc9, 0x6e, 0x77, 0xda, 0x12, 0xb3, 0xfb, 0x14, 0x65, 0x5d, 0xa7, 0x68, 0x01, 0x0c, 0x30, 0x3a, 0x21,
		0x79, 0xcd, 0x09, 0x74, 0x00, 0x55, 0xa3, 0x6e, 0x5f, 0x7f, 0xc5, 0xfd, 0xbf, 0x33, 0xf3, 0xc2, 0xbe, 0x0c, 0x80, 0x03, 0x2b, 0xe9, 0x52, 0xdb,
		0xbe, 0x21, 0x1d, 0xdf, 0xd1, 0x13, 0xbb, 0xc1, 0x81, 0xc5, 0xbb, 0x2e, 0xfe, 0x3e, 0x1d, 0xd7, 0x76, 0x0d, 0xa3, 0xaf, 0x05, 0x03, 0x79, 0x81,
		0x70, 0xcc, 0x77, 0xf7, 0xb9, 0x23, 0x38, 0x2a, 0xca, 0x59, 0x4e, 0x41, 0xd2, 0x19, 0x7c, 0x33, 0xe4, 0xe6, 0xaa, 0x6d, 0x90, 0x8d, 0x4e, 0xb7,
		0x7f, 0xc6, 0x96, 0x4d, 0x28, 0x0d, 0x8b, 0xdb, 0x7f, 0xf4, 0xd3, 0x60, 0x60, 0xba, 0x6a, 0xcb, 0x68, 0x64, 0x06, 0x8f, 0x23, 0x79, 0x2b, 0x34,
		0x48, 0xda, 0x9d, 0x9c, 0x80, 0xcc, 0xed, 0xc2, 0xb2, 0x42, 0x74, 0x25, 0x32, 0x8a, 0xb7, 0x41, 0x86, 0x81, 0x37, 0x90, 0xea, 0xb2, 0x12, 0xd8,
		0xca, 0x67, 0xa9, 0xab, 0x8f, 0x17, 0x2d, 0x66, 0x1a, 0xa6, 0x51, 0xa8, 0xa4, 0xd1, 0x1c, 0x41, 0xf5, 0x56, 0x65, 0xfb, 0x85, 0xca, 0x17, 0x4a,
		0xc9, 0x57, 0x04, 0x67, 0xcb, 0x86, 0xb4, 0xf3, 0xc9, 0x18, 0xdb, 0x1e, 0x28, 0x29, 0x28, 0xa6, 0x8e, 0x45, 0x9b, 0x4c, 0x95, 0xf2, 0x47, 0xc5,
		0x7a, 0x1b, 0x50, 0x5f, 0x13, 0xe2, 0x4b, 0xa0, 0x22, 0xde, 0x6b, 0x26, 0x47, 0xfe, 0x35, 0x19, 0xee, 0x7d, 0xfc, 0xe4, 0x99, 0x96, 0xc3, 0x7c,
		0x07, 0xe1, 0xa2, 0x8f, 0x75, 0x52, 0xae, 0x08, 0xde, 0x1b, 0x80, 0x6e, 0x31, 0x73, 0x00, 0xa0, 0x56, 0x3b, 0xed, 0xda, 0x1a, 0xcd, 0xb0, 0xe4,
		0xba, 0x15, 0x5b, 0x12, 0x49, 0xda, 0xb5, 0x76, 0x1e, 0x1d, 0x25, 0xdd, 0x0b, 0xe9, 0x0e, 0xf8, 0x8f, 0x2f, 0x6e, 0x88, 0x86, 0xd0, 0x05, 0xd2,
		0x31, 0xca, 0xfb, 0x18, 0xae, 0x50, 0x1c, 0x75, 0x65, 0xa4, 0x7f, 0xe6, 0xc4, 0x90, 0xd8, 0x6d, 0x8b, 0x8b, 0x42, 0x0c, 0x15, 0x32, 0x9a, 0xc1,
		0xef, 0x1e, 0x3d, 0x53, 0x9f, 0xb0, 0x45, 0xff, 0x81, 0x9e, 0x91, 0x06, 0x74, 0xcf, 0x88, 0x01, 0x8e, 0x2d, 0xf8, 0xfe, 0xde, 0xdc, 0x19, 0x41,
		0x4f, 0x1c, 0x40, 0x77, 0x5a, 0xab, 0x13, 0xb4, 0x8f, 0xd9, 0x43, 0x75, 0x68, 0x4a, 0x02, 0x48, 0x02, 0xd5, 0x65, 0xe8, 0xda, 0xcb, 0x85, 0x79,
		0xdc, 0x3f, 0xc8, 0x5d, 0x09, 0xdc, 0x24, 0x05, 0xa1, 0xee, 0x61, 0x8b, 0x2c, 0x1b, 0x8f, 0x18, 0xa3, 0xb5, 0x71, 0xaf, 0x60, 0x09, 0x5e, 0xa2,
		0xdb, 0xbb, 0x4c, 0xb9, 0x40, 0x70, 0x3d, 0x3b, 0x25, 0x56, 0xe8, 0xb3, 0x63, 0x2a, 0xbb, 0x9a, 0x4f, 0x8f, 0x96, 0x6a, 0x8b, 0xbb, 0x33, 0xb1,
		0xd0, 0x3d, 0xd3, 0x0b, 0xe3, 0x14, 0xd4, 0xac, 0xe1, 0x33, 0x27, 0x70, 0xd4, 0x04, 0x9e, 0x8f, 0x77, 0x8f, 0x18, 0x73, 0x04, 0xd1, 0x7e, 0x54,
		0xc1, 0x69, 0x82, 0x20, 0xd1, 0x01, 0xc5, 0x51, 0x31, 0x6a, 0x08, 0x65, 0x07, 0x22, 0x81, 0x13, 0x0a, 0x8a, 0x11, 0x04, 0x5d, 0xd2, 0x09, 0x2d,
		0x21, 0x67, 0xb7, 0x1d, 0xef, 0x48, 0x8d, 0x2b, 0x6a, 0x05, 0xe0, 0xdd, 0x0b, 0x19, 0x38, 0x03, 0x15, 0x61, 0x88, 0xad, 0x9c, 0x97, 0xe8, 0x7c,
		0x4c, 0x5b, 0x4c, 0xe7, 0x1d, 0x2e, 0x70, 0xae, 0xcf, 0x8e, 0xe6, 0x59, 0x5b, 0xcc, 0xf2, 0xa4, 0x1f, 0xc1, 0xf0, 0xa8, 0x8e, 0x31, 0xb9, 0xcd,
		0x79, 0x03, 0x6a, 0xfa, 0x55, 0xce, 0x43, 0x77, 0xa3, 0xcf, 0x39, 0xbe, 0x8b, 0x47, 0xb5, 0x37, 0xf1, 0x18, 0xe7, 0x2b, 0xee, 0x46, 0x9f, 0xf3,
		0xfc, 0x2e, 0x1e, 0xf1, 0x63, 0xb9, 0x49, 0xce, 0xfc, 0xd0, 0x87, 0x1b, 0xdd, 0x79, 0xc7, 0x00, 0xfc, 0x1b, 0x25, 0xdd, 0x85, 0xb8, 0x02, 0xa2,
		0x30, 0x03, 0xe0, 0x2e, 0x16, 0x65, 0x18, 0x98, 0x4d, 0xef, 0x1e, 0x7c, 0x88, 0x4b, 0x54, 0x10, 0x9a, 0x83, 0x6c, 0x36, 0x19, 0xed, 0xbd, 0xbb,
		0xbc, 0x50, 0x15, 0x52, 0x46, 0x83, 0xb8, 0x56, 0x77, 0x82, 0x45, 0x1b, 0xec, 0x9e, 0x51, 0xe9, 0x4a, 0x84, 0x88, 0xe3, 0xbb, 0x09, 0xd2, 0x46,
		0xb3, 0x7d, 0x28, 0x06, 0x56, 0xd6, 0x87, 0x5c, 0x1f, 0x12, 0x60, 0xb1, 0xe4, 0x60, 0x10, 0x21, 0x9b, 0x9e, 0x88, 0xef, 0xeb, 0xcc, 0xbb, 0x00,
		0x26, 0x19, 0xeb, 0xde, 0x53, 0x2a, 0xdd, 0xa4, 0xdb, 0x2b, 0xa5, 0xfd, 0x17, 0xf7, 0x97, 0x58, 0x7e, 0xb8, 0xa9, 0x91, 0xbd, 0x94, 0xe4, 0x1d,
		0x08, 0x04, 0x3f, 0x75, 0x8d, 0x2b, 0x5f, 0xae, 0xcf, 0x14, 0x12, 0xfd, 0xb4, 0x75, 0xc0, 0x01, 0xc6, 0x0f, 0xdc, 0x63, 0xcb, 0xb9, 0x27, 0x98,
		0x48, 0xf4, 0xce, 0xda, 0x00, 0x45, 0x34, 0x32, 0x1c, 0xd8, 0xff, 0xdf, 0xfe, 0xf7, 0xc1, 0xdf, 0x79, 0xae, 0x9e, 0x08, 0xcf, 0x8e, 0x2e, 0x80,
		0x87, 0x59, 0xa9, 0x11, 0x3f, 0x34, 0x7a, 0xf3, 0xa1, 0xfc, 0xad, 0xc3, 0x89, 0x15, 0xf7, 0x9c, 0x1c, 0x82, 0x45, 0x8a, 0xdb, 0x52, 0x87, 0x7e,
		0xf7, 0xd2, 0x43, 0x3b, 0x1e, 0x7c, 0x56, 0x43, 0x2e, 0x8e, 0x02, 0x36, 0x7f, 0x43, 0xfa, 0xfe, 0x6b, 0x2f, 0x11, 0x87, 0xaf, 0xfb, 0xd2, 0xfb,
		0xd7, 0xc3, 0x24, 0x42, 0xe6, 0x65, 0xd7, 0x7c, 0xf1, 0xd5, 0x97, 0x5f, 0xff, 0xbb, 0xb7, 0x6f, 0xbb, 0xee, 0x08, 0x42, 0x20, 0x78, 0x02, 0xda,
		0x66, 0xd9, 0xdf, 0x0b, 0x17, 0x2c, 0x5b, 0xbb, 0xa1, 0x1c, 0x5c, 0x5c, 0x0d, 0x16, 0x8d, 0x13, 0x50, 0x7c, 0xf4, 0x26, 0x19, 0x2c, 0xaa, 0x44,
		0xca, 0xb5, 0x24, 0xf7, 0x4c, 0x0b, 0xbc, 0x53, 0x7b, 0x50, 0x21, 0xc8, 0x7d, 0xfc, 0x5b, 0x3f, 0x7d, 0xf5, 0xde, 0x6f, 0xbe, 0x70, 0xe6, 0xcd,
		0xbb, 0xde, 0xbe, 0x3e, 0x7d, 0xef, 0x37, 0xd0, 0x1c, 0x87, 0x4f, 0xed, 0x19, 0x4a, 0x78, 0xdb, 0xac, 0xe8, 0x3e, 0x67, 0x3e, 0x97, 0x3e, 0xb0,
		0x0d, 0x21, 0xef, 0xf1, 0x17, 0xae, 0x58, 0xbc, 0xf7, 0xdb, 0xd6, 0x6b, 0xfb, 0xc7, 0xac, 0xcf, 0x23, 0x74, 0xac, 0x00, 0x47, 0x4f, 0x59, 0x9b,
		0x12, 0x07, 0xb6, 0xad, 0x8b, 0x22, 0x74, 0x30, 0x7f, 0x60, 0xfb, 0xcd, 0x05, 0xc8, 0x5d, 0x83, 0xa3, 0x5e, 0xff, 0x79, 0xf6, 0x1c, 0xc2, 0x91,
		0xd9, 0x3b, 0xbe, 0x21, 0xeb, 0xed, 0xf3, 0x32, 0x8d, 0xa5, 0xe1, 0x8e, 0x66, 0x5c, 0x1d, 0x6f, 0x01, 0x82, 0xeb, 0x18, 0x42, 0xb6, 0x87, 0x0c,
		0x4c, 0x61, 0x76, 0x2b, 0x41, 0xf3, 0x1c, 0x3f, 0xd8, 0x86, 0xf7, 0x04, 0x1e, 0x8c, 0x05, 0xa5, 0x99, 0x86, 0x62, 0x26, 0xad, 0x6a, 0x23, 0x2f,
		0xc2, 0x0e, 0x76, 0x3c, 0xce, 0x2b, 0x08, 0xf9, 0x62, 0xc4, 0xe1, 0xdc, 0x7b, 0xff, 0x25, 0xc1, 0x4f, 0x1e, 0xda, 0x14, 0xa7, 0x40, 0x2c, 0x32,
		0x5d, 0x5a, 0x48, 0xc0, 0x0e, 0xfb, 0xb8, 0xe0, 0x33, 0x3b, 0x87, 0xe2, 0x14, 0xca, 0x70, 0xe5, 0x6a, 0x77, 0x64, 0x1e, 0x46, 0x08, 0xa9, 0x53,
		0xd6, 0x14, 0x0e, 0x9e, 0x20, 0x88, 0x55, 0x44, 0x2b, 0x7f, 0x64, 0x26, 0x42, 0xf9, 0xc5, 0x71, 0x41, 0x5b, 0x9a, 0x52, 0x11, 0xcc, 0xad, 0x16,
		0x70, 0x6f, 0x9f, 0xa7, 0x70, 0xe0, 0x4c, 0x53, 0x51, 0x49, 0x83, 0x4e, 0xa4, 0x98, 0xa9, 0x09, 0x2b, 0x07, 0x6b, 0x57, 0x09, 0x89, 0x72, 0x17,
		0x01, 0xa1, 0x9d, 0xae, 0x2b, 0x41, 0x8e, 0xf1, 0x70, 0x10, 0x57, 0x6e, 0x21, 0x1d, 0x4f, 0xce, 0xf0, 0x63, 0xca, 0x6d, 0x8d, 0x41, 0x43, 0x2c,
		0x97, 0x57, 0x28, 0x98, 0xff, 0xc3, 0x6d, 0xd6, 0xe7, 0xa8, 0x22, 0x52, 0x2f, 0x66, 0xd6, 0x85, 0xf3, 0xa7, 0x76, 0xca, 0x1a, 0xec, 0x77, 0xac,
		0x83, 0x30, 0x63, 0x0f, 0x01, 0xcd, 0x3e, 0x3f, 0xf3, 0xfe, 0x9a, 0x80, 0x03, 0xce, 0xba, 0xc1, 0xe0, 0xec, 0xc2, 0x99, 0xea, 0x22, 0x42, 0xde,
		0xcc, 0x1e, 0x59, 0x6f, 0x2b, 0xf1, 0xf8, 0x0a, 0xc5, 0xab, 0x03, 0x51, 0x3c, 0x1f, 0xcf, 0xd4, 0x27, 0xf1, 0x7d, 0xa9, 0x80, 0x07, 0xce, 0x4f,
		0xc6, 0x87, 0xfb, 0x7b, 0xd1, 0xa4, 0xd5, 0xea, 0x70, 0x62, 0x18, 0x48, 0xd1, 0x16, 0x35, 0x02, 0x74, 0x0a, 0x33, 0x9e, 0x20, 0xa5, 0xaa, 0xaa,
		0x57, 0x26, 0x94, 0x6c, 0xbb, 0x90, 0x16, 0x8c, 0x14, 0x0a, 0xc9, 0xd2, 0x71, 0x30, 0x4c, 0x17, 0x2a, 0x05, 0xe0, 0xa4, 0xd8, 0x38, 0x09, 0x80,
		0x88, 0x0b, 0xf0, 0x22, 0x40, 0x06, 0x82, 0x40, 0x1c, 0xc9, 0x7c, 0x1c, 0x39, 0xc6, 0x17, 0x33, 0x82, 0x53, 0x54, 0xfb, 0x22, 0x90, 0xf9, 0xc2,
		0x68, 0xbe, 0x84, 0xeb, 0x08, 0xe5, 0x60, 0xe3, 0x40, 0xe6, 0xe3, 0x64, 0xbe, 0xda, 0x94, 0x86, 0x12, 0xd0, 0x34, 0x9f, 0x6b, 0x6b, 0x48, 0x40,
		0xd3, 0x7c, 0x8b, 0xd9, 0x0c, 0x57, 0x3e, 0xfa, 0x7c, 0x39, 0x42, 0x02, 0xa9, 0xa1, 0xe4, 0x9b, 0x91, 0xb8, 0x18, 0x66, 0xfd, 0x48, 0x0d, 0x60,
		0xb8, 0x19, 0xaf, 0x4b, 0x1d, 0x46, 0xaa, 0x04, 0x84, 0xf9, 0x07, 0xab, 0x32, 0xbb, 0x51, 0xa5, 0x04, 0x24, 0x84, 0x75, 0x00, 0x9d, 0x77, 0xb8,
		0x4b, 0xf3, 0x0e, 0x34, 0xda, 0x18, 0xa3, 0x6a, 0x41, 0x66, 0xab, 0xae, 0x03, 0x20, 0xb4, 0x2e, 0x3a, 0xc2, 0x46, 0xa4, 0x20, 0xb2, 0xad, 0x5a,
		0x47, 0x19, 0x21, 0xb5, 0x0a, 0x5b, 0x75, 0x00, 0x33, 0x80, 0xb4, 0x7d, 0xb2, 0x86, 0x1f, 0xdf, 0x83, 0x1e, 0xd5, 0x5e, 0x07, 0x08, 0xba, 0xd0,
		0x25, 0xcd, 0xf2, 0x01, 0x2a, 0x20, 0x5b, 0x6b, 0x36, 0xd4, 0xa3, 0xcb, 0x8c, 0x85, 0x06, 0x24, 0x40, 0x6d, 0x34, 0xad, 0x6a, 0xb1, 0xf5, 0x39,
		0x59, 0x21, 0x8f, 0x99, 0xc4, 0xf5, 0x88, 0x84, 0x2a, 0x36, 0x67, 0x3d, 0x86, 0x61, 0x83, 0xe6, 0x58, 0x41, 0xad, 0x68, 0xc7, 0x43, 0x41, 0xd3,
		0x35, 0xee, 0x04, 0x4f, 0x2d, 0xd1, 0x42, 0x49, 0x78, 0xbb, 0x8f, 0x86, 0xd1, 0x8e, 0xeb, 0xf7, 0xf9, 0x4b, 0x94, 0xa0, 0x89, 0x79, 0x03, 0x2d,
		0xb4, 0xfe, 0xb7, 0x14, 0xe4, 0xcd, 0x8c, 0xbb, 0x75, 0xcf, 0x79, 0x2c, 0x82, 0xd0, 0xa6, 0x8c, 0xbf, 0x56, 0x6d, 0x17, 0x39, 0xce, 0xab, 0xb5,
		0x7a, 0xdc, 0xaf, 0x76, 0x56, 0x4b, 0xb5, 0xe2, 0xa8, 0x15, 0xa1, 0xb3, 0xa3, 0x08, 0xcb, 0x48, 0x8b, 0x5a, 0x9b, 0x28, 0x1a, 0x95, 0x82, 0x1b,
		0x07, 0x52, 0x48, 0x88, 0x1a, 0x1d, 0x12, 0x76, 0x1a, 0x50, 0x51, 0x32, 0x68, 0x45, 0x11, 0x21, 0xae, 0x21, 0x20, 0x05, 0x25, 0x75, 0x34, 0x1c,
		0x29, 0xe3, 0x1e, 0x4d, 0x6f, 0x89, 0x47, 0xf3, 0x65, 0x2a, 0x76, 0xde, 0x79, 0xca, 0x06, 0x4e, 0x17, 0x16, 0xc7, 0x20, 0x3a, 0x06, 0xc8, 0x1f,
		0x0e, 0x9e, 0xba, 0x89, 0xcc, 0x57, 0xab, 0x79, 0xdb, 0x92, 0x07, 0xcb, 0xcc, 0xc6, 0xf5, 0xf5, 0xc9, 0x67, 0xf6, 0x68, 0xf3, 0x91, 0x8d, 0x4d,
		0x0c, 0xc9, 0x04, 0x24, 0x9f, 0xbb, 0x13, 0xcd, 0x77, 0xb2, 0x54, 0x27, 0x1b, 0x23, 0x24, 0xc7, 0x61, 0xd5, 0x8b, 0x2f, 0x28, 0xf3, 0xb5, 0x0c,
		0x0a, 0xe1, 0x07, 0xe7, 0xb5, 0xf9, 0x88, 0xac, 0x09, 0x2a, 0x47, 0x1e, 0x84, 0x36, 0x09, 0xa2, 0xf1, 0x96, 0xaf, 0xe8, 0x9c, 0xbf, 0xd8, 0x7e,
		0x45, 0xf8, 0x4c, 0x7d, 0x71, 0x0a, 0x4e, 0x41, 0x12, 0xb8, 0x7b, 0x8c, 0x95, 0x73, 0x72, 0x2e, 0x9f, 0x8a, 0xf5, 0xb1, 0x32, 0xe4, 0x55, 0x6e,
		0x35, 0x7f, 0x47, 0xf4, 0xaf, 0x9e, 0xf9, 0xc8, 0xd7, 0xfe, 0xff, 0x77, 0xdf, 0xb8, 0x63, 0x0b, 0x14, 0x27, 0x64, 0x38, 0x72, 0x70, 0xe7, 0xbd,
		0x9b, 0xca, 0xa7, 0x27, 0xbe, 0xba, 0x76, 0xc5, 0xea, 0x7b, 0xc7, 0x20, 0x9f, 0x96, 0x51, 0x7e, 0x70, 0xe7, 0x9f, 0x44, 0x8f, 0x7e, 0x7b, 0xef,
		0xd7, 0x1e, 0x78, 0xfa, 0xd2, 0x3b, 0xde, 0x0b, 0xce, 0xb0, 0x14, 0xfc, 0xd0, 0xb5, 0xf7, 0x46, 0x2b, 0xa7, 0x6f, 0x7b, 0xf8, 0xc6, 0x8d, 0xdb,
		0xee, 0xed, 0x01, 0x27, 0x8d, 0x76, 0x3c, 0x14, 0xba, 0x63, 0xcb, 0x63, 0xcf, 0x8c, 0x7f, 0xed, 0x8f, 0x9e, 0xde, 0x86, 0xf7, 0x72, 0x52, 0xb8,
		0xb7, 0x27, 0xc6, 0xda, 0x9f, 0xa8, 0x52, 0x84, 0xe0, 0xd9, 0xb6, 0x79, 0xe9, 0x40, 0xec, 0x42, 0xa4, 0x79, 0x8b, 0xa6, 0x02, 0xcd, 0x07, 0x35,
		0x15, 0x78, 0xf0, 0xa9, 0x3f, 0x78, 0xf7, 0x91, 0x4f, 0xfc, 0xf7, 0xfb, 0x7e, 0xff, 0xcf, 0xfe, 0xdf, 0xe4, 0x23, 0x0f, 0x3c, 0xfd, 0xd2, 0xeb,
		0x9f, 0x85, 0x87, 0x9e, 0xda, 0xfb, 0xd5, 0x1b, 0xff, 0x74, 0xdb, 0xff, 0x1a, 0x7b, 0xe8, 0xb9, 0x5b, 0x3e, 0x79, 0xe3, 0xe5, 0xab, 0xef, 0xcd,
		0x21, 0xf4, 0xb1, 0xcd, 0x47, 0xfe, 0xf4, 0xa3, 0x8f, 0xec, 0x78, 0xf0, 0xfb, 0x1f, 0xfb, 0xd4, 0x0f, 0xbf, 0xdb, 0x7b, 0xef, 0xed, 0x08, 0x7d,
		0x7c, 0xf3, 0x8d, 0xff, 0xb4, 0xfa, 0x4f, 0x76, 0x3c, 0x74, 0xfa, 0x76, 0x3d, 0x8a, 0xee, 0xf5, 0x17, 0x47, 0x2e, 0xff, 0xe8, 0x37, 0x77, 0xfc,
		0xd9, 0x5f, 0x4f, 0x7d, 0xf5, 0x43, 0xea, 0x5e, 0xdd, 0x4f, 0x5c, 0x6e, 0x5e, 0x24, 0xff, 0x8e, 0x1c, 0x1f, 0xfb, 0xde, 0xde, 0x47, 0x0e, 0x5f,
		0xbe, 0x7a, 0x7a, 0x6c, 0xfe, 0x99, 0xdb, 0xae, 0x7a, 0xe0, 0xe9, 0x37, 0xde, 0x1a, 0x83, 0xca, 0xb3, 0x7b, 0xff, 0x3c, 0x71, 0xf9, 0xa5, 0xd3,
		0x9f, 0xf8, 0xca, 0x69, 0x24, 0x7b, 0x79, 0xef, 0xba, 0x31, 0x78, 0xf4, 0xfb, 0xb7, 0x21, 0xf4, 0xed, 0xe9, 0x0f, 0x3c, 0x74, 0xfa, 0xb6, 0xcd,
		0x38, 0x7b, 0x84, 0x2a, 0xa7, 0xf7, 0xfe, 0xf9, 0x5a, 0x1c, 0x35, 0xf6, 0xa5, 0xd3, 0x7b, 0x37, 0x1f, 0xd9, 0xb8, 0x9a, 0xa0, 0x67, 0xf6, 0x3e,
		0xf2, 0x47, 0xdf, 0x5d, 0xfd, 0x16, 0xde, 0x6b, 0xef, 0x55, 0x37, 0x5e, 0xfe, 0xd2, 0xba, 0x2d, 0xff, 0x79, 0x1c, 0x67, 0xca, 0xa3, 0xf2, 0xbe,
		0xfc, 0xa5, 0xb1, 0x1d, 0xf1, 0x79, 0x98, 0x47, 0x1e, 0x1f, 0xfa, 0xc7, 0x97, 0xa6, 0xb7, 0x94, 0x9f, 0x99, 0xb8, 0xea, 0x07, 0xfd, 0xbd, 0x81,
		0x4b, 0x10, 0xba, 0xe5, 0xca, 0xc3, 0xd7, 0xad, 0x7e, 0x64, 0xec, 0x08, 0x12, 0xba, 0xf1, 0xe9, 0x6d, 0x2b, 0xd7, 0xc3, 0xfc, 0x73, 0x7b, 0x30,
		0x82, 0x79, 0xe3, 0x3b, 0xb9, 0x2f, 0xfd, 0x68, 0xe2, 0xaa, 0x1f, 0x6e, 0xdc, 0xb6, 0x72, 0x13, 0xdc, 0xff, 0xc3, 0x5b, 0x36, 0xad, 0xa1, 0x85,
		0x3c, 0xff, 0xec, 0xc4, 0x30, 0xae, 0xd5, 0xfb, 0xd6, 0x83, 0x87, 0xb4, 0x7f, 0xe3, 0x1f, 0xdf, 0x78, 0x7d, 0xcb, 0x17, 0xbf, 0x37, 0xf1, 0x9e,
		0x23, 0x1b, 0xb7, 0x7d, 0xe4, 0x92, 0xff, 0x70, 0x8e, 0x00, 0x37, 0x34, 0x1e, 0xb4, 0xc3, 0x57, 0x00, 0xe6, 0x7e, 0x70, 0xdb, 0x55, 0x47, 0x9e,
		0xfe, 0x9b, 0x47, 0xde, 0xeb, 0x29, 0xa3, 0xad, 0xfe, 0x39, 0x42, 0xcf, 0x21, 0xed, 0xcb, 0xaf, 0xfe, 0x4e, 0xee, 0x28, 0x42, 0x1f, 0xfc, 0xdd,
		0xd5, 0x31, 0x82, 0xd4, 0x8f, 0xd3, 0x5b, 0x70, 0xd4, 0x5f, 0xec, 0x3e, 0xf0, 0x86, 0x85, 0x10, 0xbd, 0x9c, 0xa7, 0xdf, 0x98, 0xee, 0xf1, 0x4e,
		0xdf, 0xf2, 0xee, 0x0f, 0x5e, 0xb7, 0x7a, 0x04, 0x88, 0xe3, 0x23, 0x47, 0xfa, 0x57, 0x4f, 0x7f, 0x7a, 0xe6, 0x7b, 0x7b, 0xae, 0xfa, 0xc1, 0xe5,
		0x2f, 0xfd, 0x1c, 0x88, 0x23, 0xbe, 0xcc, 0x35, 0x2d, 0x8e, 0xcb, 0xcc, 0xeb, 0x17, 0x05, 0xdd, 0x21, 0x08, 0xb8, 0x60, 0xcb, 0x04, 0x00, 0x29,
		0x4a, 0x18, 0x95, 0x1c, 0x5d, 0x3b, 0xa5, 0x15, 0x8d, 0x91, 0xd7, 0x95, 0x02, 0xfa, 0x5b, 0xb1, 0x7a, 0x98, 0x8a, 0x76, 0x85, 0x74, 0x26, 0x86,
		0x0a, 0xb8, 0x35, 0x82, 0xa2, 0x10, 0xa0, 0x51, 0x8e, 0x52, 0x0c, 0x01, 0x93, 0x53, 0x83, 0xe7, 0x82, 0x0c, 0x5d, 0x60, 0x71, 0x2a, 0x39, 0x88,
		0xca, 0x42, 0x1d, 0x5c, 0x6e, 0x45, 0x61, 0xb6, 0x3a, 0x24, 0xb8, 0x63, 0x6a, 0x05, 0x8a, 0x62, 0xdd, 0x41, 0x1d, 0xc1, 0x38, 0x3a, 0x94, 0x11,
		0xc0, 0xa5, 0x15, 0x5d, 0xd2, 0x0b, 0xa8, 0x4f, 0x0d, 0xbe, 0xa6, 0x7e, 0x6c, 0x8c, 0x2a, 0x80, 0xcb, 0xa0, 0x53, 0x2a, 0x60, 0x9b, 0xdd, 0x39,
		0x72, 0xbe, 0xbb, 0x91, 0x93, 0x6a, 0x26, 0x92, 0xdd, 0x18, 0x6f, 0x22, 0x99, 0xd8, 0x00, 0x0f, 0x96, 0xe1, 0x59, 0x6a, 0x0a, 0x44, 0x60, 0xb4,
		0x2a, 0x00, 0x1c, 0x50, 0xc5, 0xfd, 0x71, 0x6a, 0x0a, 0xe8, 0x7a, 0x21, 0x52, 0x1b, 0xb8, 0x28, 0x58, 0xae, 0xda, 0xd4, 0x14, 0xe0, 0xd3, 0x23,
		0xf2, 0x59, 0x20, 0x6a, 0xfd, 0x33, 0xa3, 0x72, 0x37, 0x35, 0x05, 0x38, 0x16, 0x04, 0x86, 0x01, 0x27, 0x4d, 0x3c, 0xe4, 0x84, 0x6b, 0xb7, 0xf7,
		0x74, 0x08, 0x72, 0x9a, 0x1c, 0x69, 0xd4, 0x00, 0x36, 0x03, 0xaa, 0x93, 0xd4, 0x14, 0x88, 0x04, 0x4e, 0x56, 0xeb, 0x6d, 0x47, 0x39, 0xa7, 0xf0,
		0xd3, 0x9f, 0x34, 0xc6, 0x98, 0x40, 0x6f, 0x9a, 0xda, 0x6f, 0x3a, 0x1a, 0x12, 0x9c, 0x10, 0xcd, 0x55, 0xd7, 0xfb, 0xc1, 0x0f, 0xbb, 0x87, 0x1b,
		0xfd, 0x9e, 0xa5, 0x5c, 0x09, 0xab, 0xaf, 0xa0, 0x13, 0x79, 0xba, 0x06, 0xd8, 0xef, 0x00, 0x8a, 0x73, 0xe6, 0xc0, 0x5b, 0xad, 0x6e, 0xe1, 0xf7,
		0x3b, 0x02, 0xe4, 0xda, 0x3d, 0xb6, 0x35, 0x8c, 0x3d, 0x1d, 0xbf, 0xdf, 0xc1, 0x46, 0x29, 0xce, 0xd9, 0x4c, 0x6d, 0x0e, 0xbf, 0xdf, 0x41, 0x41,
		0x0d, 0x12, 0xba, 0x2e, 0x83, 0x25, 0xad, 0x46, 0xbf, 0x83, 0x99, 0x2a, 0xce, 0x69, 0x1e, 0xe6, 0x52, 0x44, 0xa6, 0x4f, 0x18, 0x00, 0x75, 0xdd,
		0xe6, 0xd0, 0xfd, 0x0e, 0x80, 0x40, 0x2b, 0x47, 0xa6, 0x78, 0xaf, 0xd1, 0x28, 0x95, 0x8d, 0x14, 0x50, 0x73, 0x74, 0x15, 0x0f, 0x06, 0x3d, 0x9d,
		0xa6, 0xa5, 0xa8, 0xce, 0xbf, 0x40, 0xc7, 0x00, 0x6e, 0x47, 0x0f, 0x8c, 0x69, 0x6d, 0xb1, 0x7f, 0x80, 0x05, 0x67, 0x5a, 0xad, 0x19, 0xd5, 0xc3,
		0x44, 0x6a, 0xac, 0x05, 0x01, 0x40, 0x8d, 0xfa, 0x1d, 0xb3, 0x27, 0x16, 0xea, 0x0f, 0x4f, 0x6d, 0x1c, 0xbc, 0x08, 0xbb, 0x1b, 0x55, 0x1c, 0xa5,
		0xaa, 0x8a, 0x43, 0xe2, 0x09, 0xe7, 0x4a, 0x65, 0x50, 0x17, 0xdc, 0xcd, 0x9d, 0x0b, 0x93, 0xa0, 0xdd, 0x56, 0x64, 0x09, 0xb4, 0x28, 0xb0, 0xdf,
		0xc1, 0x08, 0x02, 0x50, 0xc3, 0xab, 0xcd, 0xf4, 0xdf, 0xb6, 0x53, 0x31, 0xe8, 0x14, 0xd7, 0x4d, 0xd0, 0xb6, 0xa2, 0x9d, 0x26, 0x29, 0x28, 0x65,
		0x2e, 0x68, 0x42, 0x9a, 0xa5, 0x22, 0x69, 0xb7, 0x08, 0x91, 0x24, 0x20, 0xa4, 0xb0, 0x74, 0x73, 0xe5, 0x17, 0x53, 0x49, 0x16, 0x28, 0x0d, 0x55,
		0x6d, 0x01, 0xda, 0x2e, 0x40, 0xd6, 0xf3, 0x6b, 0xed, 0x10, 0xe3, 0xac, 0x6c, 0x48, 0xdd, 0xb6, 0xa0, 0xac, 0xdc, 0x66, 0x66, 0xb2, 0x2f, 0x68,
		0xe6, 0xaa, 0x1d, 0x50, 0x2c, 0xc4, 0xca, 0xa5, 0xce, 0x51, 0xd1, 0x7e, 0x36, 0x6a, 0x88, 0x06, 0x84, 0x2d, 0x3f, 0xe4, 0x18, 0x62, 0x23, 0x25,
		0x84, 0x8a, 0x02, 0x9f, 0x48, 0x75, 0x16, 0x84, 0xb0, 0xfe, 0x95, 0x13, 0xad, 0x6d, 0x58, 0xc8, 0x24, 0x95, 0xb2, 0x34, 0x97, 0x37, 0x0c, 0xa8,
		0xfd, 0xb2, 0xd6, 0x64, 0xad, 0x06, 0x7c, 0x99, 0xda, 0x9e, 0xb9, 0x24, 0xe8, 0xb5, 0x05, 0xf5, 0x3b, 0xc0, 0x10, 0xed, 0xd0, 0xd5, 0xb0, 0x02,
		0xa1, 0x39, 0x98, 0x6b, 0x42, 0x9b, 0x37, 0xac, 0x0d, 0xdd, 0x53, 0xc2, 0xec, 0xb7, 0xd2, 0x84, 0x76, 0x5b, 0xab, 0xf8, 0xdd, 0xb9, 0x1b, 0x86,
		0xa1, 0xda, 0xba, 0x50, 0x41, 0x07, 0x85, 0x1a, 0xc5, 0x14, 0xa4, 0xcd, 0xfe, 0x41, 0x01, 0x73, 0x53, 0x62, 0x10, 0xb0, 0x48, 0x5b, 0x97, 0x83,
		0x04, 0xe5, 0x36, 0x29, 0x8e, 0x8c, 0x2d, 0xed, 0xea, 0x66, 0x42, 0x21, 0xa4, 0x66, 0x4b, 0x95, 0x38, 0x2f, 0x9d, 0x36, 0x60, 0xa0, 0x0b, 0x6e,
		0xbb, 0xcb, 0x4d, 0xfa, 0xe3, 0x64, 0x13, 0x23, 0xa0, 0x84, 0x59, 0xa3, 0x72, 0x30, 0xc0, 0xec, 0x92, 0xc0, 0x51, 0xe1, 0x1e, 0xc2, 0x00, 0x26,
		0x60, 0x0d, 0xf4, 0xda, 0x48, 0x0d, 0x2c, 0x3f, 0xb7, 0xaa, 0xef, 0xca, 0xae, 0x8a, 0xf4, 0x8c, 0x2e, 0x14, 0xea, 0x59, 0x8b, 0x62, 0x72, 0x59,
		0xc3, 0xcd, 0xe7, 0xbb, 0x1a, 0xcf, 0xea, 0x70, 0x30, 0xa4, 0x79, 0x57, 0x76, 0x43, 0x7f, 0xd0, 0x0d, 0x5d, 0xda, 0xea, 0xb1, 0xd2, 0x4a, 0xeb,
		0x5c, 0x71, 0xd4, 0xd6, 0x56, 0x7d, 0xb5, 0x26, 0xc3, 0x42, 0x5a, 0xf9, 0x9c, 0x2a, 0x14, 0x75, 0x22, 0x55, 0x6d, 0xf8, 0x1c, 0x72, 0x35, 0x19,
		0xae, 0xe8, 0xd7, 0x00, 0xf3, 0x60, 0x08, 0xa2, 0x36, 0x5e, 0xd0, 0x8d, 0x0f, 0x97, 0x2e, 0x84, 0x30, 0xe0, 0x83, 0xe6, 0x20, 0x9d, 0x64, 0x41,
		0x55, 0xfa, 0x2f, 0x02, 0x8d, 0x32, 0x25, 0x2a, 0x14, 0xb8, 0xd2, 0xbd, 0xbc, 0x8c, 0x4f, 0xad, 0xa9, 0xb4, 0xa6, 0xda, 0x54, 0xce, 0x13, 0x2a,
		0x66, 0x7c, 0x6a, 0x4d, 0x05, 0xce, 0x4f, 0xe6, 0xb4, 0x15, 0xab, 0x0d, 0x8b, 0xea, 0xd3, 0x84, 0x29, 0xd7, 0x29, 0xc9, 0x8e, 0xa4, 0x28, 0xcc,
		0x20, 0x8e, 0xad, 0xde, 0x3a, 0x6e, 0xc7, 0x01, 0x13, 0x02, 0xd5, 0xb9, 0xba, 0xc8, 0x86, 0x23, 0xa4, 0x50, 0x6e, 0x15, 0x05, 0x68, 0xef, 0x95,
		0x13, 0xc7, 0x81, 0x8b, 0x8c, 0x8f, 0xe8, 0xbe, 0x55, 0xa4, 0x07, 0xeb, 0xab, 0x34, 0x7b, 0xd1, 0x5f, 0x3a, 0xa4, 0xfb, 0x56, 0x58, 0x26, 0x1e,
		0x9a, 0x53, 0x10, 0x2f, 0xc5, 0xfc, 0x26, 0xd5, 0x8c, 0x39, 0x04, 0x0a, 0x8a, 0x18, 0x2f, 0xb4, 0x41, 0xc4, 0x11, 0xed, 0x61, 0xb6, 0x43, 0x34,
		0x53, 0x1e, 0xb0, 0xbb, 0x8a, 0xfd, 0x3d, 0xae, 0x36, 0x55, 0xb0, 0x79, 0xe0, 0x93, 0x87, 0x7e, 0xc7, 0x8f, 0x1f, 0x4c, 0x83, 0x5c, 0x6d, 0x4b,
		0xea, 0xfe, 0x85, 0x75, 0xc8, 0x72, 0xa0, 0x06, 0x96, 0x8b, 0xd4, 0x80, 0xc8, 0x2a, 0x9b, 0x82, 0x6e, 0xcd, 0xd4, 0xc3, 0x17, 0x89, 0xe0, 0x8c,
		0x51, 0xab, 0x4d, 0x66, 0x06, 0x82, 0x65, 0x6a, 0x60, 0x81, 0x17, 0xed, 0xff, 0x1c, 0x1d, 0x2c, 0xc2, 0x65, 0xb2, 0xd1, 0xc0, 0x11, 0xbc, 0xd1,
		0x21, 0x4e, 0xbe, 0x6b, 0x44, 0x43, 0x9b, 0xd7, 0x46, 0x61, 0xc6, 0x56, 0x91, 0x02, 0x94, 0x35, 0xb4, 0x7b, 0x63, 0x38, 0x82, 0xfd, 0x8e, 0x5a,
		0x1d, 0xcf, 0x47, 0x58, 0x9a, 0x22, 0xd2, 0x13, 0xdb, 0x0f, 0x75, 0x55, 0x97, 0xe9, 0xe9, 0x31, 0x16, 0xaa, 0x6d, 0x69, 0x56, 0x5a, 0x07, 0x3c,
		0xb2, 0x91, 0x24, 0x13, 0xf1, 0xb8, 0x8a, 0x73, 0x5a, 0xf7, 0xc2, 0xa0, 0x06, 0xfc, 0x34, 0x73, 0x51, 0x72, 0xda, 0x8f, 0x54, 0xea, 0x48, 0x46,
		0x4d, 0xe5, 0xc7, 0xa4, 0x4c, 0x2a, 0xa8, 0xb1, 0x57, 0x41, 0xf5, 0x28, 0x96, 0x2e, 0x39, 0x29, 0xd7, 0x76, 0x43, 0x1b, 0xbb, 0xa1, 0xee, 0x0b,
		0x05, 0x0b, 0x07, 0xa7, 0x4b, 0xea, 0x7d, 0x69, 0x65, 0xb9, 0xef, 0x00, 0x24, 0xf8, 0xc9, 0x7e, 0x4b, 0x44, 0x3a, 0xce, 0xf5, 0xca, 0x4c, 0x50,
		0x8d, 0xb5, 0x99, 0x49, 0xab, 0x65, 0x9c, 0x42, 0x42, 0x48, 0xbf, 0x73, 0x69, 0xfb, 0x39, 0x72, 0x81, 0xaa, 0x71, 0x54, 0x3a, 0xce, 0x3b, 0x16,
		0xf0, 0x72, 0x59, 0xfa, 0x77, 0x25, 0x08, 0x1c, 0x7f, 0xad, 0xfe, 0xea, 0x9b, 0x2f, 0x1e, 0xed, 0x61, 0x58, 0x30, 0xef, 0x80, 0x70, 0xce, 0xd3,
		0x58, 0x7b, 0x24, 0x6a, 0x3e, 0x47, 0x72, 0x18, 0xa6, 0xac, 0xb7, 0x8e, 0x89, 0x25, 0x82, 0x1c, 0x7f, 0x49, 0x22, 0xa9, 0x17, 0x72, 0x08, 0x0c,
		0x72, 0x35, 0x02, 0x98, 0x62, 0xd4, 0xd1, 0x48, 0x0f, 0xe9, 0xe3, 0xc4, 0x03, 0x1e, 0xed, 0x21, 0xbf, 0x5a, 0x74, 0x38, 0xf3, 0xeb, 0x39, 0xf4,
		0x23, 0x15, 0x15, 0x20, 0xad, 0xee, 0xa4, 0x39, 0x32, 0xdd, 0x31, 0x10, 0x56, 0xd4, 0x08, 0x56, 0x73, 0x75, 0x82, 0xd4, 0x8b, 0x56, 0x90, 0xea,
		0xa2, 0xc2, 0xf1, 0x5d, 0x1b, 0x28, 0xfd, 0x77, 0x15, 0xa4, 0x7a, 0x92, 0xf0, 0x3c, 0x42, 0x3d, 0x2c, 0x67, 0xdb, 0x93, 0x62, 0x20, 0xa2, 0x8b,
		0x49, 0x5e, 0x56, 0x47, 0x7c, 0x36, 0x17, 0xa6, 0xa1, 0x42, 0xf0, 0xf6, 0x9d, 0x93, 0x1d, 0x58, 0xa6, 0xa3, 0xdc, 0xd8, 0x8f, 0x71, 0xe8, 0x12,
		0x4e, 0xdc, 0x20, 0xd3, 0x81, 0x85, 0xba, 0x93, 0x11, 0xd6, 0x8b, 0xb7, 0x38, 0x97, 0x4c, 0xc7, 0x9a, 0xf7, 0x36, 0x81, 0x2b, 0x3b, 0xa6, 0xbf,
		0xe5, 0x43, 0x8b, 0x53, 0xfd, 0x83, 0x1c, 0x72, 0x0b, 0x67, 0x3f, 0xf5, 0x3f, 0x62, 0x83, 0xaf, 0x7e, 0xf2, 0xd3, 0x5f, 0xfe, 0x91, 0x2a, 0xfb,
		0x71, 0x03, 0x2d, 0xc4, 0xbf, 0x7c, 0xc8, 0x10, 0x07, 0xb6, 0xdd, 0xb1, 0x09, 0xe4, 0x2e, 0xb3, 0x97, 0x83, 0x7d, 0x4c, 0xdc, 0xf5, 0xe8, 0xa1,
		0xc1, 0x57, 0xb1, 0x44, 0xbc, 0x1a, 0x6c, 0x69, 0xea, 0xe2, 0xab, 0xb7, 0xf7, 0x50, 0x94, 0x23, 0x94, 0xc0, 0x7b, 0x59, 0x51, 0xaa, 0xf1, 0x0d,
		0xde, 0x75, 0x78, 0x5f, 0xf8, 0xe5, 0x3b, 0xbe, 0x7e, 0xf6, 0x1c, 0xd0, 0xb9, 0x05, 0x9d, 0x22, 0xe1, 0xd7, 0x27, 0x82, 0xf5, 0x0b, 0x4e, 0x7b,
		0x61, 0x1b, 0xc0, 0xc5, 0xea, 0x3c, 0x41, 0x48, 0x68, 0x28, 0x0f, 0xb0, 0x72, 0x3f, 0x98, 0x43, 0x35, 0xf8, 0xf0, 0x7b, 0xce, 0x7d, 0xff, 0x3b,
		0x3f, 0xfe, 0xd0, 0xd7, 0xff, 0xfe, 0x95, 0x5d, 0x9b, 0x2f, 0xfe, 0x0c, 0xcb, 0x49, 0x17, 0xbe, 0x72, 0xdd, 0xce, 0xcd, 0xdc, 0xf9, 0x89, 0x5d,
		0xc9, 0x3b, 0x1b, 0xa2, 0xfb, 0x31, 0xf2, 0x79, 0x14, 0xfe, 0xe7, 0xd8, 0xa1, 0xab, 0xbc, 0x99, 0xb1, 0xfc, 0xd1, 0x3c, 0x5a, 0xef, 0xe3, 0x81,
		0xb2, 0xfd, 0x04, 0x1c, 0x39, 0xb5, 0x73, 0x78, 0x47, 0xe0, 0xcd, 0x5d, 0xe5, 0xfc, 0x2e, 0x2b, 0xba, 0x96, 0x95, 0xa5, 0x07, 0x77, 0x65, 0x77,
		0x5e, 0x31, 0x5b, 0xc3, 0x82, 0x4b, 0x7e, 0xe3, 0x06, 0xf1, 0xea, 0x8b, 0x36, 0xd4, 0xc1, 0x34, 0xc8, 0xf1, 0xd8, 0xa2, 0x11, 0x5a, 0x57, 0x61,
		0x89, 0x50, 0x58, 0xb4, 0xbc, 0x18, 0x80, 0xb2, 0xa4, 0x69, 0xb5, 0xd4, 0xd1, 0x2e, 0x4e, 0x25, 0x61, 0xf6, 0x71, 0x8c, 0x90, 0x27, 0x21, 0x93,
		0xa4, 0xde, 0xa4, 0x47, 0xfd, 0x34, 0x23, 0x24, 0xed, 0x21, 0xa2, 0xcb, 0x81, 0x95, 0xe1, 0x09, 0xa8, 0xef, 0x96, 0x61, 0x73, 0xdd, 0xc2, 0xb1,
		0xe1, 0xc3, 0x59, 0xc1, 0x79, 0xd0, 0xb4, 0x8f, 0x83, 0x37, 0x21, 0xa3, 0x66, 0x6a, 0xe4, 0x66, 0xe1, 0x39, 0x19, 0xce, 0x59, 0xd9, 0x3d, 0xac,
		0x02, 0x70, 0x84, 0x86, 0xc4, 0x51, 0x47, 0x20, 0x34, 0x0a, 0x9e, 0xda, 0x8f, 0x0a, 0xf2, 0xb2, 0x04, 0x8d, 0xb8, 0x1e, 0xd4, 0x27, 0x93, 0xe1,
		0xc0, 0xc9, 0x85, 0x5a, 0xad, 0x18, 0xce, 0x30, 0xc6, 0x46, 0x6c, 0x0f, 0x5a, 0xc2, 0xba, 0x7b, 0x73, 0x93, 0x70, 0x61, 0x32, 0xdc, 0xd4, 0xa6,
		0x24, 0x08, 0x0c, 0xac, 0x8c, 0x7a, 0xfe, 0x56, 0x2b, 0x0a, 0x8f, 0x57, 0xe1, 0x2c, 0xcc, 0xdb, 0x30, 0xd0, 0x47, 0xe1, 0x17, 0xa4, 0xad, 0x90,
		0x5b, 0xb1, 0x8d, 0x38, 0x64, 0x77, 0x6f, 0xc4, 0x6d, 0x18, 0xc0, 0x9d, 0xe6, 0x6c, 0x60, 0xdc, 0x9d, 0x3e, 0x13, 0x07, 0x39, 0x71, 0xe5, 0x80,
		0x81, 0xa3, 0x34, 0x34, 0x5b, 0xcd, 0x21, 0xe4, 0xc8, 0x68, 0x0b, 0x2a, 0x07, 0x68, 0xd4, 0x64, 0x1b, 0x84, 0xa7, 0x8f, 0x81, 0x90, 0x8d, 0x90,
		0x81, 0xd0, 0x64, 0x66, 0x35, 0x83, 0xd9, 0x93, 0xb5, 0x7f, 0x21, 0x13, 0x12, 0x2d, 0x57, 0x02, 0x4a, 0x84, 0xa8, 0xbe, 0x53, 0x23, 0xb2, 0xaf,
		0x1b, 0xea, 0x5d, 0xa6, 0x9f, 0xc5, 0x34, 0x92, 0xb2, 0x06, 0x75, 0x78, 0x18, 0x0e, 0x86, 0x03, 0x81, 0x52, 0xae, 0xae, 0x62, 0x65, 0xe5, 0x71,
		0xd3, 0xa1, 0x1e, 0xd5, 0x9b, 0x03, 0xb8, 0x13, 0x21, 0xee, 0x58, 0xbf, 0xbf, 0xe1, 0xcb, 0x4f, 0xdd, 0x72, 0x4d, 0x30, 0xb8, 0xb0, 0x00, 0xb0,
		0x1f, 0xcd, 0xce, 0x46, 0xac, 0x1b, 0x2e, 0x7f, 0xe8, 0xa9, 0x5b, 0x36, 0xa9, 0xa6, 0x00, 0xb5, 0x07, 0x06, 0x11, 0x7a, 0xff, 0x7a, 0x82, 0x28,
		0xfb, 0x55, 0x50, 0x94, 0x9d, 0xd8, 0xf3, 0x7b, 0x0a, 0x52, 0x4d, 0x01, 0xf8, 0x4c, 0x26, 0x19, 0x0d, 0xe4, 0x8e, 0x3d, 0xf5, 0x0f, 0x1f, 0xfb,
		0xfa, 0xdf, 0x9d, 0xa6, 0x51, 0x2e, 0x98, 0xfa, 0x24, 0x04, 0xce, 0xfb, 0xdb, 0x5c, 0x26, 0x51, 0xff, 0xc5, 0xd4, 0x0c, 0xd9, 0xa0, 0xa6, 0x24,
		0x4d, 0x47, 0x47, 0x15, 0x2a, 0x3e, 0xb5, 0xce, 0x61, 0x53, 0x30, 0x18, 0x80, 0x1a, 0x64, 0x20, 0x13, 0x8f, 0x8d, 0xb1, 0xb9, 0x6a, 0x4d, 0x7f,
		0xc9, 0x41, 0x27, 0x07, 0xfe, 0x0b, 0xb9, 0x66, 0x05, 0xd5, 0xba, 0x9d, 0x4d, 0x06, 0x7b, 0xc4, 0xed, 0x4e, 0x92, 0x65, 0x83, 0xa1, 0xd2, 0x89,
		0xca, 0x38, 0xb8, 0x93, 0x52, 0xf0, 0xd9, 0x7f, 0xde, 0x77, 0x76, 0x7e, 0xca, 0x0c, 0xed, 0x2f, 0xcf, 0x57, 0x04, 0xb8, 0x4e, 0x46, 0x44, 0x4a,
		0x81, 0x45, 0xfb, 0x6d, 0x67, 0x6b, 0x6c, 0x3b, 0x3b, 0x58, 0x25, 0x28, 0x25, 0xb8, 0xca, 0xd2, 0x1c, 0x2b, 0x76, 0xed, 0xcc, 0xa1, 0x63, 0x02,
		0xaa, 0x4e, 0x6a, 0x30, 0xe8, 0xd2, 0xe9, 0x98, 0x49, 0x12, 0x54, 0xa9, 0x81, 0x9d, 0xe0, 0x7e, 0x8c, 0x0a, 0xe7, 0x2d, 0x3a, 0xa3, 0xca, 0xb4,
		0x8e, 0x80, 0x30, 0x30, 0x52, 0x96, 0x08, 0x71, 0x2c, 0x38, 0xc9, 0x68, 0x4f, 0xa0, 0x64, 0xd7, 0x0a, 0x78, 0xa6, 0x05, 0x75, 0xa6, 0x73, 0x1d,
		0xac, 0xf4, 0xcf, 0x47, 0x88, 0x6a, 0xa5, 0xb8, 0xcb, 0x5a, 0x85, 0x29, 0xc2, 0x82, 0x28, 0xb6, 0x0e, 0xc3, 0x89, 0x4b, 0xd7, 0xf4, 0xa1, 0x56,
		0x6f, 0x7e, 0x12, 0x07, 0xc3, 0xe8, 0x7d, 0x42, 0xf4, 0xe3, 0x22, 0x6b, 0x14, 0x10, 0x3c, 0x4a, 0x2e, 0x09, 0xf2, 0xd8, 0x80, 0x11, 0x74, 0x73,
		0x35, 0x01, 0xea, 0x16, 0xd3, 0x14, 0xaf, 0x4e, 0x9a, 0x03, 0x30, 0xeb, 0x76, 0x36, 0xe2, 0xb2, 0x2a, 0xc6, 0x82, 0xe5, 0x64, 0xa9, 0x89, 0x48,
		0xe2, 0x3a, 0x57, 0xec, 0x12, 0x8d, 0x31, 0x50, 0x52, 0xc8, 0x85, 0xc2, 0x3d, 0x6c, 0x48, 0x9e, 0x9b, 0x62, 0x03, 0x18, 0x20, 0xff, 0x4d, 0xed,
		0x49, 0x80, 0x9c, 0x4f, 0xcd, 0x66, 0x12, 0x4f, 0xc0, 0xff, 0x7a, 0x6c, 0x03, 0x78, 0xb9, 0x21, 0xca, 0x6b, 0xa3, 0x67, 0x6b, 0xd9, 0xa3, 0x08,
		0x7d, 0xa6, 0x72, 0x13, 0x78, 0x9f, 0x1e, 0x0a, 0x2a, 0xb6, 0xb6, 0x53, 0xc6, 0x92, 0xd7, 0x07, 0x6a, 0x1b, 0x60, 0x72, 0x6c, 0x8b, 0x11, 0x28,
		0x97, 0x9b, 0x90, 0x5c, 0x0f, 0x7c, 0xec, 0x92, 0x28, 0x2f, 0x97, 0x72, 0x0a, 0x8a, 0x9c, 0xf8, 0xc0, 0x10, 0x42, 0x9f, 0xde, 0x42, 0x55, 0x8c,
		0xd2, 0xa0, 0xfd, 0x5f, 0xac, 0x41, 0x6f, 0xf6, 0x67, 0xf5, 0x27, 0xdb, 0x4f, 0x8c, 0x24, 0xda, 0xdc, 0x12, 0x4b, 0xbf, 0x75, 0x70, 0xbb, 0x28,
		0xb6, 0x24, 0x00, 0xef, 0x24, 0xb5, 0xcc, 0xd6, 0x01, 0xcc, 0xeb, 0x0e, 0x8a, 0xe3, 0x99, 0x81, 0x08, 0x75, 0xe7, 0x5f, 0x00, 0xe1, 0x98, 0x46,
		0xdf, 0x4c, 0x69, 0xa8, 0x32, 0xe7, 0xe8, 0x12, 0xe1, 0xfd, 0xf0, 0xc2, 0x70, 0x3f, 0x7e, 0x26, 0x67, 0x60, 0xb3, 0x49, 0x41, 0xb7, 0xa7, 0x3c,
		0x88, 0xd9, 0xa6, 0xd1, 0xdf, 0x1a, 0xb5, 0x23, 0x75, 0xbf, 0x82, 0xd0, 0xda, 0x51, 0xe1, 0xf9, 0xd0, 0x3c, 0xc4, 0x1c, 0xcb, 0x87, 0xf2, 0x0d,
		0xa8, 0x3f, 0x93, 0x34, 0x3c, 0x87, 0xa0, 0xcd, 0x43, 0xd8, 0x1e, 0xb9, 0x76, 0x8d, 0x05, 0x24, 0x6e, 0xc9, 0xaf, 0x53, 0x94, 0x40, 0xc0, 0xaf,
		0x57, 0x3c, 0x27, 0x1a, 0xe5, 0xa7, 0x46, 0x64, 0x65, 0x71, 0x2a, 0x3b, 0x70, 0x99, 0x8a, 0x3a, 0x9e, 0x47, 0x88, 0x2c, 0x54, 0x50, 0x6d, 0x1b,
		0x15, 0x34, 0x1f, 0x9f, 0x1a, 0xc4, 0xaa, 0xe0, 0xeb, 0x3f, 0x29, 0x78, 0xdb, 0xb3, 0x83, 0xfb, 0x4a, 0xe0, 0x16, 0xf5, 0x85, 0x33, 0xd7, 0x5e,
		0x82, 0xa3, 0xe6, 0x45, 0x1e, 0xa1, 0x7c, 0x13, 0x1a, 0xf6, 0x9c, 0x8a, 0x48, 0x77, 0x40, 0xa2, 0x05, 0xcd, 0x8c, 0x28, 0x28, 0xf1, 0xca, 0x01,
		0x84, 0x2e, 0x33, 0xa1, 0x9a, 0x07, 0xce, 0x64, 0x2f, 0x10, 0x35, 0x66, 0x28, 0x67, 0x6a, 0xff, 0x5a, 0x59, 0xea, 0xa8, 0x63, 0xc6, 0x28, 0x3d,
		0x41, 0x84, 0xc2, 0xce, 0xa1, 0x8a, 0xab, 0x3f, 0xb6, 0x67, 0x26, 0x78, 0x04, 0x31, 0xe7, 0xd0, 0xb1, 0x2a, 0xc8, 0x18, 0x67, 0x91, 0xd9, 0xe9,
		0x2a, 0x41, 0xab, 0x98, 0x1e, 0x15, 0xa3, 0x51, 0x23, 0xd2, 0xf3, 0xe8, 0x53, 0x94, 0x53, 0x87, 0x2a, 0x75, 0x84, 0xe8, 0x5e, 0x04, 0x31, 0xb3,
		0x07, 0x9c, 0x83, 0xe3, 0x5e, 0x0b, 0x3a, 0x4b, 0xd9, 0xcd, 0xf6, 0xba, 0xf4, 0x40, 0xf4, 0xaf, 0x43, 0x68, 0x8f, 0x3c, 0xbb, 0xb9, 0xb7, 0x17,
		0xe9, 0xbc, 0x22, 0xeb, 0xfe, 0xe7, 0xa8, 0x12, 0x98, 0x63, 0x32, 0xd4, 0x39, 0xb4, 0x49, 0xc6, 0x0f, 0xf2, 0x2e, 0x58, 0xe6, 0xe0, 0xae, 0x53,
		0xd0, 0x19, 0xae, 0x53, 0x66, 0x48, 0x50, 0x07, 0x78, 0xa7, 0x73, 0xf1, 0xf7, 0x7a, 0xef, 0x43, 0x37, 0xf1, 0xdb, 0x7f, 0xbb, 0xe6, 0xa6, 0x60,
		0xf0, 0xe4, 0x02, 0x79, 0x13, 0x33, 0xdd, 0x77, 0x3f, 0x54, 0x0a, 0x1b, 0xfe, 0xef, 0x25, 0x23, 0xdc, 0xb5, 0xb1, 0xf6, 0xe8, 0xed, 0x1a, 0x3c,
		0xcb, 0xef, 0x2b, 0xc9, 0xb9, 0xf7, 0x65, 0x2f, 0x3a, 0xba, 0xcd, 0x98, 0x5e, 0x28, 0x80, 0x77, 0xab, 0xc5, 0xf9, 0x5c, 0x6e, 0x68, 0xf1, 0xda,
		0x07, 0x2f, 0x19, 0xc9, 0xe3, 0xa8, 0x39, 0xf8, 0xfc, 0xa9, 0xc1, 0x57, 0x82, 0x13, 0xa3, 0xaf, 0x89, 0xb7, 0xdf, 0x5e, 0x93, 0x9b, 0x65, 0xf6,
		0x26, 0xae, 0xdd, 0x43, 0xa0, 0x4c, 0x5d, 0x75, 0x15, 0xd4, 0x08, 0x41, 0x90, 0xc2, 0x7f, 0x2d, 0x16, 0x95, 0xdd, 0x50, 0xb1, 0xfb, 0x5d, 0xa4,
		0xac, 0x55, 0xbd, 0xf4, 0x29, 0xcd, 0x64, 0x36, 0x79, 0x03, 0x2f, 0x5b, 0xd8, 0x21, 0xae, 0xa4, 0x37, 0xc7, 0xfa, 0xfc, 0x5a, 0xf7, 0x03, 0x04,
		0x09, 0xa8, 0x0e, 0x67, 0x92, 0x9c, 0xa0, 0xeb, 0x53, 0x07, 0x57, 0x45, 0xa6, 0x7f, 0x7c, 0xa6, 0xae, 0x46, 0x05, 0x09, 0xda, 0x91, 0x3a, 0x74,
		0x50, 0x8f, 0x12, 0x29, 0x0b, 0x53, 0x4a, 0x6b, 0x93, 0xd8, 0x37, 0x9a, 0x2a, 0x78, 0x23, 0x04, 0x8d, 0xfb, 0x95, 0x47, 0x69, 0xd2, 0x4a, 0x9d,
		0x81, 0x2a, 0xfc, 0x27, 0x08, 0x66, 0x46, 0x83, 0x91, 0xbb, 0xcb, 0xa7, 0x74, 0xb9, 0xde, 0x4f, 0xa4, 0x36, 0x44, 0xf9, 0x3d, 0xa3, 0xeb, 0x75,
		0x0e, 0xa7, 0x0a, 0x41, 0x6f, 0x4f, 0x7d, 0x29, 0xca, 0x7f, 0x32, 0xb2, 0x69, 0x58, 0x8a, 0x30, 0x33, 0x73, 0x50, 0xaa, 0xc3, 0x3e, 0x6a, 0xad,
		0x7e, 0x61, 0xfa, 0x49, 0x21, 0x45, 0x1f, 0x33, 0x47, 0x68, 0xd4, 0xbe, 0xd1, 0x8b, 0xa3, 0xde, 0xfd, 0x23, 0xac, 0x66, 0x27, 0x30, 0x9a, 0xc2,
		0x4f, 0x24, 0x04, 0x98, 0x44, 0x31, 0x45, 0xcb, 0x95, 0x93, 0x2a, 0x6d, 0xb8, 0x40, 0xb1, 0x97, 0x85, 0xdc, 0xe1, 0xf6, 0x72, 0x81, 0x59, 0x2c,
		0x25, 0xdb, 0x13, 0xf3, 0x0c, 0x42, 0x9e, 0x61, 0xc1, 0xc3, 0xbb, 0x7f, 0x3b, 0x46, 0x6e, 0xe8, 0x89, 0xe3, 0xbb, 0x44, 0xe4, 0x95, 0x99, 0x37,
		0x2b, 0x8f, 0xc1, 0x13, 0x13, 0x31, 0x82, 0x2a, 0x1e, 0x42, 0xd1, 0x84, 0xbb, 0xdf, 0xb6, 0x90, 0x76, 0x2c, 0x46, 0xae, 0x79, 0xf2, 0xf8, 0xc6,
		0x81, 0xc8, 0xcf, 0x1b, 0xd0, 0x20, 0xde, 0xb0, 0xc2, 0x17, 0x59, 0x34, 0x1a, 0x52, 0xd0, 0x01, 0x67, 0x70, 0x05, 0x54, 0xab, 0x92, 0x6f, 0x66,
		0x03, 0xd1, 0x9f, 0xb9, 0xfb, 0x2a, 0x16, 0x30, 0x30, 0xa2, 0x60, 0x53, 0x35, 0x12, 0xda, 0x24, 0xec, 0x4f, 0xa1, 0x5b, 0xd2, 0x21, 0x55, 0xcf,
		0x9a, 0x43, 0x02, 0x42, 0xd7, 0x49, 0xed, 0x42, 0x3c, 0x1e, 0x52, 0x3b, 0xcd, 0x16, 0x71, 0xd6, 0x07, 0x39, 0x29, 0x1d, 0xe0, 0x74, 0x63, 0x04,
		0xe5, 0x6f, 0xce, 0xc7, 0x5e, 0x2c, 0x7f, 0x23, 0x77, 0x7d, 0xfa, 0x32, 0x1e, 0x3d, 0xc5, 0x8a, 0xd4, 0xef, 0x48, 0xd9, 0x51, 0x61, 0x3a, 0xf8,
		0xd8, 0xf4, 0x5c, 0xcc, 0x42, 0x8e, 0x02, 0xf6, 0x6e, 0xff, 0x41, 0xdf, 0x1b, 0x33, 0x9f, 0xad, 0xfc, 0xf1, 0xe6, 0xf7, 0xb9, 0x17, 0xd5, 0xe0,
		0xcd, 0x63, 0x75, 0x98, 0x63, 0x13, 0xc6, 0x1a, 0xd8, 0x36, 0x1e, 0xcd, 0xf3, 0x23, 0xe6, 0xa5, 0xee, 0xfe, 0x9c, 0x68, 0x40, 0x36, 0x42, 0x0f,
		0x9a, 0xeb, 0xe1, 0x17, 0x40, 0x7b, 0xd9, 0x8d, 0xc6, 0x6a, 0x77, 0xac, 0x12, 0xdd, 0xac, 0x2e, 0xdc, 0x77, 0x4c, 0xc0, 0x85, 0x4b, 0x46, 0xdb,
		0xaa, 0x49, 0x56, 0x37, 0x0a, 0x88, 0x74, 0x8b, 0x2c, 0xe0, 0x16, 0xea, 0x3b, 0x41, 0xe6, 0x6b, 0x92, 0xa5, 0xb7, 0x19, 0x93, 0x64, 0xbe, 0x16,
		0xd9, 0xbd, 0x53, 0x6b, 0x03, 0x2f, 0x91, 0xf9, 0x9a, 0x64, 0x61, 0xce, 0x49, 0xd1, 0xa4, 0x6d, 0xab, 0x49, 0xb6, 0x0b, 0xb2, 0x97, 0x85, 0xf6,
		0x3a, 0x6b, 0x89, 0x5a, 0xc5, 0x6a, 0x92, 0x05, 0x2d, 0xd2, 0xe5, 0xd2, 0xe0, 0x30, 0x42, 0x25, 0xa2, 0xe5, 0x20, 0x6d, 0xbe, 0x0e, 0x71, 0xb5,
		0xf9, 0xb4, 0x18, 0x8a, 0xa3, 0x47, 0xe6, 0x23, 0xc3, 0xa6, 0xa5, 0x86, 0x6c, 0x28, 0x90, 0xf9, 0x30, 0x3d, 0xab, 0x14, 0x04, 0x5c, 0xf4, 0x02,
		0x5b, 0x74, 0xbf, 0x05, 0xca, 0x7c, 0xcc, 0xf6, 0x53, 0x6a, 0xe6, 0xc2, 0x1c, 0xec, 0x25, 0xf3, 0x05, 0x17, 0xb0, 0xd5, 0xba, 0x79, 0xed, 0xca,
		0xd9, 0xf2, 0x99, 0x33, 0x49, 0x98, 0x23, 0x2b, 0xcc, 0x8c, 0x28, 0xa7, 0x63, 0x72, 0x28, 0x83, 0x40, 0x08, 0x6d, 0xc5, 0x7c, 0xa8, 0x17, 0x4a,
		0xee, 0x12, 0x48, 0x8f, 0xda, 0xab, 0x2e, 0xcc, 0xa9, 0x7b, 0x05, 0x5e, 0x76, 0xdf, 0xac, 0x0d, 0x82, 0xa4, 0x9f, 0xfc, 0x06, 0x0e, 0x68, 0xe9,
		0x86, 0x96, 0xdf, 0x7f, 0x12, 0x18, 0x98, 0xed, 0x49, 0x4a, 0x01, 0x52, 0x26, 0x73, 0xcb, 0x12, 0x40, 0xb2, 0x06, 0xed, 0xdf, 0xfb, 0xeb, 0x15,
		0x6f, 0xf6, 0x7c, 0x36, 0xb7, 0xf5, 0xc3, 0x82, 0x87, 0x2c, 0xe6, 0x95, 0x2c, 0x8a, 0x57, 0xfb, 0x54, 0x19, 0x6b, 0x0e, 0x39, 0x6a, 0x83, 0x4e,
		0x5e, 0x36, 0x10, 0x7d, 0xbc, 0x7c, 0x7b, 0x2d, 0x93, 0xcc, 0x0e, 0xac, 0x7c, 0x15, 0xde, 0xaa, 0x3e, 0x06, 0x2e, 0xd3, 0x6f, 0x58, 0x0a, 0x5b,
		0x9a, 0x69, 0x77, 0xbf, 0xb4, 0x60, 0x9c, 0x25, 0x8c, 0x5e, 0xc8, 0xb9, 0x52, 0x0c, 0x27, 0x34, 0xb4, 0xdc, 0xa8, 0xc9, 0xe0, 0xdf, 0x1b, 0x3f,
		0x73, 0x3f, 0x5b, 0xdb, 0x3a, 0x98, 0x1d, 0xf0, 0xa1, 0x4e, 0x71, 0xdf, 0xa9, 0x08, 0xd0, 0x32, 0x68, 0x6b, 0x89, 0x6a, 0x83, 0xaa, 0x4c, 0x3b,
		0x8e, 0xd3, 0x2f, 0x49, 0xa9, 0x0d, 0x4a, 0x90, 0xdc, 0xb8, 0x67, 0x55, 0x7c, 0x7a, 0x5b, 0xee, 0x86, 0x42, 0xda, 0x8b, 0xa5, 0x4c, 0xc5, 0x31,
		0x65, 0xaf, 0xec, 0xd8, 0x8f, 0x16, 0xd4, 0xb7, 0x9f, 0xed, 0x3b, 0xc7, 0xee, 0xaa, 0xfe, 0x71, 0x9d, 0x0c, 0xca, 0x88, 0xa3, 0xc7, 0xf6, 0x18,
		0x09, 0x77, 0x9b, 0x8c, 0x7a, 0xfc, 0xaf, 0xcc, 0x2b, 0x00, 0xa7, 0xda, 0x0e, 0xcd, 0xe3, 0xec, 0xcf, 0x0f, 0xf2, 0x10, 0xe2, 0x7e, 0x97, 0xcc,
		0x57, 0x2c, 0xd9, 0x65, 0x3a, 0x1c, 0x73, 0x3e, 0x1c, 0xe1, 0xfc, 0x38, 0x8a, 0x25, 0x1c, 0x99, 0x67, 0x88, 0x25, 0x1c, 0xe1, 0xad, 0x85, 0x7a,
		0x17, 0xc7, 0x21, 0xd1, 0x45, 0x68, 0x79, 0xa8, 0xd5, 0x12, 0xe3, 0x65, 0x53, 0x2a, 0x88, 0x5e, 0x63, 0xde, 0x8d, 0x49, 0xa6, 0xbe, 0x44, 0x44,
		0xb2, 0x36, 0xb8, 0x86, 0x54, 0x7f, 0xd0, 0xc1, 0xd4, 0xc7, 0x50, 0xe7, 0xf1, 0x25, 0x36, 0x07, 0xa1, 0xc8, 0x82, 0xa4, 0x56, 0x9e, 0x09, 0x60,
		0x6b, 0xc8, 0xf6, 0xfb, 0x0a, 0xec, 0x0c, 0x3c, 0xea, 0xfe, 0x96, 0x58, 0xe9, 0x99, 0xdf, 0x18, 0xba, 0xa9, 0x91, 0x9c, 0x20, 0xb5, 0x14, 0x44,
		0xc1, 0x2c, 0x18, 0x69, 0xa8, 0x4f, 0x62, 0xc0, 0x06, 0x39, 0xc0, 0xb9, 0x89, 0x3e, 0xce, 0x84, 0xab, 0xab, 0x18, 0xdc, 0x25, 0x88, 0x09, 0x83,
		0xe3, 0x7f, 0xfc, 0x3c, 0x21, 0xce, 0xcc, 0x28, 0xb8, 0x35, 0x37, 0x63, 0x87, 0x79, 0x60, 0x06, 0x32, 0x76, 0x92, 0x46, 0x19, 0xdc, 0x5d, 0xfa,
		0x81, 0x15, 0x70, 0xe8, 0x12, 0xdd, 0xa5, 0xc9, 0xa3, 0xc2, 0xc0, 0xc5, 0x51, 0x64, 0xc7, 0x1e, 0xc2, 0x86, 0x21, 0xa9, 0x1b, 0x23, 0x73, 0x2c,
		0x66, 0x72, 0x57, 0x79, 0xd6, 0x94, 0xdf, 0x93, 0xce, 0xff, 0xe6, 0x83, 0xab, 0xfe, 0x8f, 0x79, 0xc6, 0xc8, 0xd8, 0xc5, 0x84, 0x6e, 0xea, 0x00,
		0x0c, 0x81, 0x70, 0x4d, 0x7c, 0xd9, 0xb2, 0xf9, 0x18, 0x99, 0xe3, 0xbc, 0xcc, 0x6c, 0x98, 0x6b, 0x7e, 0xff, 0x04, 0xb4, 0xcf, 0xca, 0x44, 0xdb,
		0xfe, 0x15, 0x21, 0x11, 0x98, 0x31, 0x16, 0x00, 0x39, 0xca, 0x22, 0x4f, 0x12, 0x62, 0xc3, 0xf9, 0x49, 0xa1, 0x1b, 0xaa, 0xc0, 0x92, 0xb3, 0x83,
		0x44, 0x2c, 0x3d, 0x3b, 0x2a, 0xdb, 0x79, 0xd7, 0xd9, 0x91, 0x76, 0x97, 0x9e, 0x1d, 0x36, 0x3f, 0x6a, 0x5e, 0xc6, 0xf6, 0x55, 0xe7, 0x8b, 0xce,
		0x4d, 0x7d, 0xef, 0x62, 0x63, 0xd5, 0x83, 0x08, 0xf9, 0x1b, 0xac, 0xb9, 0x1c, 0xcf, 0x13, 0x92, 0xc1, 0xa4, 0xf1, 0x38, 0xdc, 0x5e, 0x4d, 0x16,
		0x03, 0x47, 0xe1, 0x65, 0xd8, 0x52, 0x0d, 0xc3, 0x05, 0x89, 0xfe, 0x2c, 0x9c, 0x35, 0xac, 0x00, 0x02, 0x18, 0x59, 0xc8, 0x23, 0xc8, 0x24, 0x40,
		0x42, 0xcc, 0x60, 0x36, 0x8e, 0x29, 0xbc, 0x8f, 0xb3, 0xbe, 0xa8, 0xe1, 0xd8, 0x07, 0xc5, 0x86, 0xf5, 0x58, 0xb3, 0x70, 0xa8, 0xdf, 0x8e, 0x97,
		0xd2, 0xf7, 0xab, 0xfb, 0xe1, 0x12, 0x9b, 0x17, 0xcc, 0xb4, 0x0d, 0xc5, 0x2b, 0x92, 0x61, 0x70, 0xdc, 0xa8, 0x74, 0xf2, 0xe2, 0x10, 0x4b, 0xd1,
		0xa6, 0xf5, 0xb8, 0x15, 0x05, 0x07, 0x5f, 0x02, 0x73, 0xe0, 0xa0, 0x7a, 0x1b, 0xcb, 0x43, 0xd9, 0x81, 0x25, 0x50, 0x91, 0x4b, 0x01, 0xa3, 0xae,
		0xa8, 0xb1, 0x0c, 0x7c, 0x0e, 0xd6, 0xa1, 0xa2, 0x6b, 0xb8, 0xef, 0x28, 0x79, 0x4d, 0x0d, 0x64, 0xba, 0x59, 0xe5, 0xa7, 0x15, 0x0a, 0xa6, 0xeb,
		0xda, 0x05, 0x2e, 0x38, 0x2a, 0xed, 0x9f, 0x3c, 0x00, 0x8f, 0xf7, 0x99, 0x25, 0x55, 0x27, 0x4f, 0x58, 0xe1, 0x9e, 0xe4, 0xcd, 0xb8, 0xc8, 0x85,
		0x15, 0xeb, 0x31, 0xcc, 0x8c, 0xfa, 0xf3, 0x1c, 0xe0, 0xf3, 0x6e, 0xb3, 0x09, 0xe4, 0x00, 0xc8, 0x3c, 0x8f, 0x41, 0xce, 0xf4, 0xbf, 0x36, 0x01,
		0x70, 0x3c, 0x90, 0x0e, 0x8f, 0x22, 0xd4, 0xe8, 0x05, 0xd8, 0x63, 0xac, 0x1b, 0x4a, 0x75, 0x41, 0xeb, 0x11, 0xca, 0xf0, 0x30, 0xe4, 0x8c, 0x46,
		0x6f, 0xce, 0xbd, 0xf5, 0xf9, 0x0b, 0xb5, 0xa3, 0xe6, 0x0a, 0x46, 0xf3, 0x9c, 0x34, 0xdd, 0x02, 0x00, 0x53, 0x90, 0x5b, 0x90, 0x29, 0x93, 0x95,
		0x4c, 0x32, 0xe7, 0xf5, 0x7c, 0x65, 0x99, 0xd7, 0x4a, 0x37, 0x79, 0x5f, 0x88, 0xad, 0x7a, 0x32, 0x74, 0x7b, 0x0e, 0x39, 0x1e, 0x84, 0xb8, 0xdd,
		0x27, 0x0c, 0xf2, 0x70, 0x31, 0xc9, 0x3d, 0xb4, 0x31, 0x44, 0xad, 0x54, 0xfe, 0xee, 0x98, 0x65, 0x79, 0xf9, 0x79, 0x2b, 0x3d, 0xb3, 0xdf, 0x42,
		0xda, 0xd1, 0x1c, 0x2b, 0xe4, 0xe2, 0x62, 0x1d, 0xe3, 0x0b, 0xe6, 0xb0, 0x7d, 0x40, 0x20, 0xed, 0xe8, 0x0e, 0xb6, 0x33, 0x17, 0x9f, 0x5b, 0x97,
		0xe2, 0x4f, 0x9a, 0x57, 0xda, 0x07, 0xe6, 0x90, 0x76, 0x68, 0x87, 0x79, 0xc8, 0x7e, 0x70, 0x6e, 0x55, 0xaa, 0x67, 0x87, 0xb1, 0xd3, 0xde, 0x35,
		0x87, 0x1c, 0x7f, 0xe3, 0xea, 0xde, 0xef, 0x96, 0x1e, 0x19, 0xbf, 0xfa, 0xf9, 0x15, 0x7f, 0x19, 0xf8, 0x84, 0xfb, 0xc3, 0xf1, 0xf3, 0xe6, 0x58,
		0x88, 0x77, 0x71, 0xac, 0xa4, 0xbb, 0x39, 0x8a, 0x2e, 0x8e, 0xdb, 0x45, 0x17, 0xc7, 0xbc, 0xd7, 0xc5, 0x31, 0x3d, 0xdf, 0xc5, 0x91, 0x2f, 0x74,
		0x71, 0xe4, 0x4f, 0x76, 0x71, 0xec, 0xe9, 0xe6, 0xb8, 0xe2, 0x2f, 0xbb, 0x39, 0x52, 0x8e, 0x6c, 0xbb, 0x5c, 0x05, 0x37, 0x20, 0x5d, 0x21, 0x97,
		0x81, 0x88, 0xe3, 0x12, 0x21, 0x8e, 0x5d, 0x42, 0xa9, 0x05, 0x85, 0x72, 0x5b, 0xef, 0x3a, 0x77, 0xae, 0x4e, 0x00, 0x72, 0x4c, 0x12, 0xeb, 0x4a,
		0x61, 0xd4, 0x1e, 0x1f, 0x16, 0x60, 0xd4, 0x00, 0x39, 0x5a, 0xa0, 0xe4, 0xbe, 0xea, 0xf8, 0x27, 0x0b, 0xb4, 0x7f, 0x91, 0xa3, 0xa5, 0xbb, 0x4f,
		0xd3, 0xd5, 0xf1, 0xaf, 0x7c, 0x21, 0xb8, 0x50, 0xad, 0x23, 0x47, 0x4b, 0xd0, 0xc2, 0x65, 0xb3, 0xd5, 0x9b, 0x37, 0x25, 0x30, 0xfb, 0x05, 0xe4,
		0x68, 0xc5, 0x30, 0x4f, 0xdc, 0x91, 0xfa, 0x7c, 0xf5, 0xe3, 0x57, 0x1e, 0x2e, 0xb9, 0xb2, 0x86, 0x1c, 0xe3, 0x1a, 0x7a, 0xa0, 0x3a, 0xb1, 0xf9,
		0x03, 0x30, 0x22, 0x05, 0x72, 0xbc, 0x1a, 0xff, 0x64, 0xe0, 0xe6, 0x87, 0x9f, 0xff, 0x30, 0x3e, 0x31, 0x86, 0x8d, 0x8f, 0x1a, 0x98, 0x9c, 0x6b,
		0x2f, 0x4c, 0xf3, 0x7a, 0x8d, 0xa1, 0xda, 0x82, 0x00, 0xa5, 0x37, 0x80, 0x2b, 0x1b, 0x2e, 0x58, 0x16, 0x41, 0x86, 0xd5, 0xb7, 0xe6, 0xad, 0x8f,
		0x46, 0x39, 0xc8, 0x28, 0x40, 0x0e, 0xda, 0x20, 0x31, 0xb5, 0x51, 0x04, 0x03, 0xa3, 0xd5, 0xfa, 0xc3, 0x79, 0xb9, 0x36, 0xd2, 0x53, 0x46, 0x8e,
		0x92, 0x5f, 0x29, 0xf8, 0xcc, 0x82, 0x21, 0x9e, 0x28, 0xc8, 0x55, 0x98, 0x48, 0x22, 0x47, 0x5b, 0x58, 0x42, 0xfd, 0xe5, 0x98, 0x37, 0x8e, 0x10,
		0xe6, 0xf4, 0x35, 0x70, 0xa5, 0xfa, 0xae, 0x01, 0xea, 0x5e, 0x41, 0x46, 0xf9, 0x2c, 0xc5, 0xab, 0xd5, 0xf1, 0x2c, 0x6e, 0xc3, 0x05, 0x10, 0x5e,
		0x1e, 0x21, 0xf5, 0xa7, 0x3b, 0x99, 0x2c, 0xf1, 0x91, 0xa5, 0x57, 0x18, 0xa3, 0x92, 0xac, 0xae, 0x5a, 0x31, 0xc4, 0x72, 0x20, 0x38, 0x97, 0xf8,
		0x9b, 0xf9, 0x6f, 0x69, 0xf2, 0x24, 0xda, 0x3e, 0x90, 0x15, 0xba, 0xd9, 0x2e, 0xdb, 0x6b, 0xf0, 0x5a, 0x95, 0x8e, 0x65, 0x46, 0xa6, 0x4b, 0x95,
		0xda, 0xe4, 0x64, 0x56, 0x04, 0xb1, 0xd1, 0x5d, 0x47, 0x28, 0xce, 0x0c, 0xc0, 0x7e, 0x87, 0xcb, 0x4c, 0x41, 0x7d, 0x3b, 0x81, 0x10, 0xe7, 0xf4,
		0x1d, 0x6e, 0x7d, 0x3c, 0xb1, 0x55, 0x00, 0x42, 0xe3, 0x90, 0x49, 0xc7, 0x05, 0x53, 0x7f, 0x87, 0xcc, 0x2c, 0x7f, 0x54, 0x3a, 0x6e, 0x0d, 0x46,
		0x54, 0x4d, 0x61, 0x32, 0x29, 0x82, 0xbd, 0xc6, 0x99, 0x1a, 0x3c, 0x4b, 0xa6, 0xb3, 0xe9, 0x08, 0xb5, 0x4d, 0xa1, 0xff, 0x5e, 0x14, 0x94, 0x19,
		0x11, 0x61, 0x8d, 0xc4, 0xe3, 0x3c, 0x8b, 0x18, 0xa2, 0x1b, 0x92, 0x56, 0xe2, 0x8b, 0xc1, 0x25, 0xd7, 0x4f, 0xac, 0x8f, 0x2e, 0xa9, 0xcb, 0x16,
		0x53, 0x5b, 0x06, 0xfe, 0xb0, 0x13, 0xe2, 0x1b, 0xf6, 0xbf, 0x56, 0x2e, 0x74, 0x40, 0x93, 0xef, 0x72, 0x4e, 0x7f, 0x74, 0x6f, 0x07, 0xe4, 0xad,
		0x74, 0x36, 0xad, 0x2d, 0x76, 0x8e, 0xb2, 0xbc, 0xd3, 0x3f, 0xa9, 0xa0, 0xf2, 0x2b, 0x76, 0xe3, 0xfe, 0x15, 0x99, 0x3b, 0xd6, 0xc9, 0xad, 0x79,
		0x44, 0x25, 0x00, 0x00, 0x00, 0x00, 0x49, 0x45, 0x4e, 0x44, 0xae, 0x42, 0x60, 0x82,
	};
	inline constexpr unsigned char k_png_font_nonlatin_european[] = {
		0x89, 0x50, 0x4e, 0x47, 0x0d, 0x0a, 0x1a, 0x0a, 0x00, 0x00, 0x00, 0x0d, 0x49, 0x48, 0x44, 0x52, 0x00, 0x00, 0x00, 0x80, 0x00, 0x00, 0x02, 0x18,
		0x01, 0x03, 0x00, 0x00, 0x00, 0x9f, 0x5a, 0x76, 0x8f, 0x00, 0x00, 0x00, 0x06, 0x50, 0x4c, 0x54, 0x45, 0xff, 0xff, 0xff, 0xff, 0xff, 0xff, 0x55,
		0x7c, 0xf5, 0x6c, 0x00, 0x00, 0x00, 0x01, 0x74, 0x52, 0x4e, 0x53, 0x00, 0x40, 0xe6, 0xd8, 0x66, 0x00, 0x00, 0x12, 0xab, 0x49, 0x44, 0x41, 0x54,
		0x78, 0xda, 0x9d, 0xd9, 0x5f, 0x88, 0x25, 0x67, 0x7a, 0xdf, 0xf1, 0xdf, 0x46, 0xbd, 0xce, 0xbb, 0xa2, 0x23, 0xca, 0x62, 0x09, 0x43, 0x98, 0x84,
		0x47, 0xcd, 0xa0, 0x1c, 0x96, 0x8d, 0x38, 0x88, 0x90, 0x1c, 0xcc, 0x44, 0xbc, 0x88, 0x42, 0x94, 0xc3, 0xb2, 0x54, 0xd6, 0xbd, 0xd6, 0x24, 0xd1,
		0x45, 0xb1, 0x08, 0xd3, 0x98, 0x21, 0x3c, 0x5e, 0x96, 0x50, 0x09, 0x07, 0xe5, 0x51, 0x67, 0x48, 0x7e, 0x1e, 0x06, 0x53, 0x39, 0x51, 0xe0, 0x60,
		0xc4, 0x52, 0x4c, 0xe6, 0xe2, 0x65, 0xd8, 0x8b, 0x43, 0x2e, 0xc2, 0x30, 0x2c, 0xcb, 0x21, 0x88, 0xcd, 0xb9, 0xd0, 0xc5, 0x60, 0x2f, 0xde, 0xc6,
		0x17, 0xa6, 0x30, 0xc3, 0x32, 0x17, 0x46, 0xbc, 0x5e, 0x8c, 0x79, 0x59, 0x86, 0x23, 0xbf, 0x75, 0x4e, 0xf7, 0xa8, 0xad, 0x91, 0xff, 0xe0, 0x6f,
		0xd3, 0x7f, 0xf8, 0xf4, 0x53, 0xcf, 0x3b, 0xd4, 0x74, 0x37, 0xdd, 0x14, 0x40, 0xa0, 0x05, 0xa0, 0x66, 0x27, 0x30, 0x8d, 0xb0, 0x0e, 0x38, 0x28,
		0x84, 0x4b, 0xb3, 0x02, 0x46, 0x02, 0x05, 0xb0, 0x4d, 0xa8, 0x97, 0x71, 0x35, 0xd1, 0x98, 0x22, 0x4c, 0x60, 0x85, 0x88, 0x04, 0x6e, 0xdc, 0x92,
		0x24, 0xcc, 0x0f, 0xd8, 0x8a, 0xaf, 0x37, 0x91, 0x6d, 0xd8, 0xc1, 0xbf, 0x06, 0x7c, 0x32, 0x6e, 0x8c, 0xcc, 0x98, 0xe1, 0x36, 0x70, 0xdd, 0x13,
		0x6a, 0x54, 0x35, 0x46, 0x18, 0xc6, 0x14, 0xbb, 0x0c, 0x40, 0x92, 0x94, 0xa8, 0x03, 0x85, 0x4c, 0x9a, 0x62, 0x82, 0x89, 0x39, 0xd2, 0x77, 0x72,
		0xb6, 0x01, 0x49, 0x83, 0xd5, 0x43, 0x91, 0xe8, 0x87, 0x3a, 0x04, 0x90, 0xd1, 0x67, 0x30, 0x61, 0xf0, 0x5d, 0xcd, 0xa5, 0x92, 0x26, 0x23, 0x78,
		0xd2, 0xb3, 0x26, 0x91, 0xc1, 0xc3, 0x68, 0x36, 0x02, 0xf7, 0x60, 0xb0, 0xb4, 0x3f, 0x25, 0x97, 0x94, 0x96, 0xf0, 0x5c, 0x89, 0xc2, 0xa0, 0x68,
		0x30, 0x45, 0x84, 0x02, 0x90, 0x5a, 0xeb, 0x40, 0x74, 0xf0, 0x70, 0xe0, 0x08, 0x12, 0x44, 0x79, 0xd2, 0x53, 0xda, 0x22, 0xd2, 0xba, 0x11, 0x6a,
		0x61, 0xd7, 0xd5, 0xb5, 0x09, 0x93, 0xf5, 0x23, 0x30, 0x03, 0x85, 0x8d, 0x27, 0x6d, 0x9d, 0x41, 0x29, 0x75, 0xc7, 0x9a, 0x36, 0x25, 0x77, 0x13,
		0x42, 0x39, 0x3b, 0x89, 0xb5, 0xb6, 0x8e, 0xea, 0x3b, 0x9c, 0x67, 0x02, 0x14, 0x0e, 0xb9, 0x35, 0x60, 0xf8, 0xac, 0x04, 0x01, 0xf4, 0x12, 0x08,
		0x84, 0x34, 0x4d, 0xaa, 0xf3, 0xd4, 0x15, 0x0c, 0xe5, 0xd7, 0x51, 0x93, 0xca, 0x9a, 0xa4, 0x30, 0xd4, 0xe1, 0xf4, 0xf5, 0x0c, 0xb5, 0x65, 0xb0,
		0x11, 0x24, 0x2c, 0x8e, 0x40, 0xd6, 0xca, 0x3a, 0xea, 0x6e, 0x42, 0x47, 0x88, 0xe2, 0xb4, 0x36, 0xa7, 0x85, 0x66, 0xbc, 0x79, 0x0d, 0x30, 0x14,
		0x80, 0x15, 0x00, 0x84, 0x02, 0xa0, 0x1d, 0x9c, 0xf6, 0x5e, 0x53, 0x4c, 0xb3, 0xb4, 0x50, 0x12, 0xe6, 0x5d, 0xdd, 0x27, 0x1a, 0x6d, 0x62, 0xc7,
		0x5c, 0x76, 0x50, 0xef, 0xde, 0x49, 0x3e, 0xc5, 0x68, 0x93, 0x61, 0x36, 0x0d, 0x03, 0x9c, 0x77, 0xdf, 0xba, 0x77, 0x83, 0xa4, 0x55, 0x76, 0xec,
		0x36, 0xdd, 0x1e, 0xde, 0xdd, 0xc3, 0xc2, 0x91, 0xa0, 0xe7, 0xb7, 0xee, 0x95, 0xe7, 0x40, 0x12, 0x3a, 0xe8, 0x87, 0x0f, 0x4a, 0xc6, 0x68, 0x4f,
		0xf7, 0xa7, 0x7c, 0xd6, 0x2d, 0xec, 0x6a, 0x49, 0x4d, 0x51, 0x13, 0x0b, 0x92, 0x8b, 0xc5, 0x1a, 0xd5, 0x19, 0xc7, 0x84, 0xf3, 0x7a, 0x04, 0x8f,
		0x2a, 0x24, 0x32, 0x9a, 0x70, 0x21, 0xe7, 0xc0, 0x9c, 0x99, 0xb4, 0x8b, 0x9a, 0xed, 0x62, 0xd1, 0x3e, 0x03, 0xb7, 0x20, 0xdd, 0x62, 0x51, 0x9e,
		0x03, 0x3f, 0x03, 0x92, 0x4a, 0x53, 0x89, 0x73, 0x3e, 0x75, 0xdb, 0x4f, 0x5b, 0x3c, 0xab, 0xc0, 0x01, 0xf0, 0x25, 0xe0, 0xd4, 0xf4, 0xc3, 0x16,
		0x2d, 0x2e, 0xca, 0xc0, 0xbb, 0x84, 0x5d, 0x06, 0x77, 0xb7, 0xd5, 0x18, 0xe3, 0x4c, 0x83, 0xb2, 0x6b, 0xf1, 0xf3, 0x38, 0xfb, 0x63, 0x3a, 0xd2,
		0x26, 0x0c, 0x5c, 0xf6, 0x15, 0x6e, 0xd3, 0xdd, 0x65, 0xcb, 0x68, 0x55, 0xd2, 0x69, 0x58, 0x8f, 0x90, 0x77, 0xec, 0x6f, 0x47, 0xe0, 0xa6, 0xaf,
		0xf2, 0x25, 0xfa, 0x21, 0xf3, 0x12, 0x7b, 0xda, 0x8e, 0x3b, 0x78, 0xf9, 0x76, 0xfc, 0x6d, 0x23, 0x35, 0xad, 0x34, 0x51, 0xd9, 0x31, 0x84, 0xf5,
		0x2d, 0x9c, 0x91, 0xdc, 0x50, 0x18, 0xea, 0x11, 0xfc, 0x2d, 0x84, 0x44, 0xd2, 0x32, 0x48, 0xd7, 0x86, 0xd0, 0x3e, 0x06, 0x73, 0x91, 0xd2, 0xe6,
		0x09, 0x17, 0x42, 0xf9, 0x01, 0xce, 0x6f, 0x87, 0x53, 0x26, 0x97, 0x9e, 0xe6, 0x89, 0x31, 0x03, 0xa2, 0xc0, 0x01, 0x07, 0xb8, 0xc8, 0x1c, 0x72,
		0xde, 0xd7, 0x35, 0x2e, 0x67, 0xbe, 0xaf, 0x31, 0xde, 0x30, 0x6d, 0xcd, 0x69, 0x9f, 0xc1, 0xfa, 0x1e, 0xc6, 0xbb, 0xa4, 0x99, 0xab, 0xfb, 0xa7,
		0x9f, 0x62, 0x2c, 0xdf, 0x9f, 0x76, 0x50, 0x73, 0xef, 0x24, 0xec, 0xe3, 0x38, 0xe1, 0x2c, 0x7f, 0x91, 0x60, 0xdf, 0x78, 0x3b, 0x34, 0x1a, 0x3f,
		0x7c, 0x00, 0x5c, 0x4e, 0x71, 0x39, 0x81, 0x1c, 0xec, 0x88, 0x50, 0xe4, 0x44, 0x9d, 0x6c, 0x41, 0x00, 0x35, 0x08, 0x20, 0x36, 0xe9, 0x50, 0x0e,
		0xc4, 0xc5, 0x76, 0x10, 0x8e, 0x50, 0x6c, 0x65, 0x2b, 0x5e, 0x92, 0x33, 0x2f, 0x4c, 0x00, 0xa4, 0x91, 0xc3, 0xb4, 0x4d, 0x4c, 0x8d, 0x97, 0x9a,
		0xa8, 0x21, 0x22, 0x4e, 0xbd, 0x90, 0xe6, 0x45, 0x32, 0x2c, 0x3c, 0x04, 0x02, 0x51, 0xcd, 0x3b, 0x44, 0xd1, 0xe3, 0x72, 0x02, 0xc0, 0x00, 0xb4,
		0xda, 0xce, 0x3c, 0x6e, 0x61, 0xd0, 0x73, 0x20, 0xcb, 0x72, 0xf0, 0x84, 0x27, 0x30, 0x5a, 0xb7, 0x5a, 0xb5, 0xd1, 0x0f, 0xbc, 0xe5, 0xa9, 0x20,
		0x60, 0x3d, 0xe9, 0x7d, 0xeb, 0x49, 0x9f, 0x88, 0x04, 0x60, 0x4d, 0xc6, 0x58, 0xb6, 0x35, 0x3d, 0x13, 0x08, 0x60, 0x9c, 0x28, 0xcb, 0xb2, 0xae,
		0x3d, 0x09, 0x85, 0x59, 0xde, 0xe1, 0x67, 0x6d, 0x2b, 0x32, 0xa8, 0x02, 0x19, 0x00, 0xc3, 0xb3, 0x1a, 0xdf, 0x4c, 0x63, 0x13, 0x9b, 0x06, 0x80,
		0x37, 0xfb, 0x53, 0x74, 0xeb, 0xae, 0x36, 0xeb, 0xba, 0xce, 0x63, 0x30, 0x8f, 0x7f, 0x8f, 0xce, 0x4b, 0x37, 0x0c, 0xd2, 0xe8, 0x30, 0xc0, 0xbc,
		0x7d, 0x3b, 0x43, 0x17, 0x8b, 0xfc, 0xa6, 0xd8, 0x4d, 0xd8, 0xbf, 0x41, 0x33, 0x34, 0xc5, 0xd0, 0xf8, 0x8b, 0x1d, 0xf8, 0xbb, 0xa4, 0xba, 0x3d,
		0x9d, 0x13, 0x73, 0x10, 0x8a, 0x05, 0x08, 0xf2, 0xb4, 0xdc, 0x76, 0xf0, 0xa8, 0x41, 0x1c, 0x83, 0x70, 0xf6, 0x70, 0xb2, 0x18, 0xba, 0xa1, 0x15,
		0xba, 0x38, 0x0b, 0x29, 0xc3, 0xfd, 0x62, 0xd1, 0xf5, 0xde, 0x2b, 0x93, 0x3b, 0x0e, 0xc4, 0xb4, 0x79, 0x78, 0xff, 0x13, 0xae, 0xfd, 0x20, 0x35,
		0xd3, 0x42, 0x09, 0x91, 0xd3, 0xf2, 0x26, 0xf3, 0x84, 0x08, 0xb9, 0x08, 0x23, 0x6c, 0xef, 0x1f, 0xdf, 0x59, 0x66, 0x50, 0xd5, 0xff, 0xf9, 0x83,
		0x3b, 0xd8, 0x75, 0xe0, 0x00, 0x08, 0xf0, 0xa5, 0x83, 0x03, 0xc0, 0xf0, 0xb9, 0xec, 0x73, 0x1f, 0x33, 0x72, 0x58, 0xa7, 0x64, 0x43, 0x5c, 0x59,
		0x4c, 0xab, 0x08, 0xb2, 0x2a, 0xa4, 0x70, 0xe6, 0x49, 0x73, 0xae, 0x22, 0x12, 0x35, 0x03, 0x47, 0x80, 0x73, 0x24, 0xc8, 0xae, 0xa8, 0x2f, 0xa0,
		0x20, 0x71, 0x87, 0x4c, 0xdd, 0x0e, 0x14, 0x51, 0x96, 0x09, 0x07, 0xf8, 0x6b, 0xe2, 0x6c, 0x86, 0x4b, 0x09, 0xea, 0xf2, 0x18, 0x58, 0x9b, 0x56,
		0x31, 0x92, 0x29, 0xea, 0x43, 0x79, 0x78, 0x9f, 0x10, 0x63, 0x45, 0x56, 0x95, 0x73, 0x2c, 0xd3, 0xdd, 0xff, 0xb3, 0x87, 0x27, 0x9b, 0x69, 0xdd,
		0x39, 0x2b, 0x2f, 0x26, 0x26, 0xce, 0x39, 0xe9, 0xc7, 0x89, 0xb2, 0x24, 0x06, 0xd3, 0x22, 0xba, 0x94, 0x21, 0xef, 0x98, 0xcd, 0x22, 0x60, 0x18,
		0xe0, 0x20, 0x06, 0x41, 0xce, 0x30, 0x2f, 0xcb, 0xc7, 0x00, 0x44, 0x40, 0x5f, 0x1f, 0x5b, 0x8f, 0x27, 0x9b, 0x4d, 0xb5, 0x87, 0xce, 0xfa, 0xe0,
		0x6b, 0x9c, 0x54, 0xd5, 0xc4, 0x80, 0x94, 0x50, 0x60, 0xd7, 0xe4, 0xd7, 0x7f, 0xfd, 0x0f, 0x30, 0x40, 0x64, 0x2d, 0xe7, 0xf0, 0xb5, 0xa3, 0xaf,
		0x01, 0x90, 0xb4, 0xf6, 0xe7, 0xf0, 0xda, 0xb5, 0xd7, 0x00, 0x2f, 0x82, 0x6f, 0x9f, 0xc3, 0x9b, 0x6f, 0xbd, 0xb9, 0x87, 0xff, 0xf5, 0x57, 0xdc,
		0xfa, 0x00, 0x2c, 0x7a, 0x9d, 0x7c, 0xf7, 0xc3, 0x04, 0xf4, 0xfd, 0xb7, 0x67, 0x38, 0x16, 0x2b, 0xfb, 0x50, 0xdc, 0xbe, 0xfb, 0x0e, 0xe0, 0xe5,
		0xfe, 0x31, 0xe0, 0xfd, 0xa4, 0x9f, 0x4c, 0x5e, 0x3c, 0xbd, 0xd1, 0x5b, 0xef, 0x71, 0x1f, 0x30, 0x59, 0xf4, 0x53, 0xbc, 0x7c, 0xab, 0xf6, 0x80,
		0xc7, 0xc3, 0xfd, 0x84, 0xdc, 0x3f, 0x62, 0xdd, 0x23, 0x4f, 0xdc, 0x05, 0xc4, 0x4a, 0xa0, 0x04, 0x6a, 0xc0, 0x1b, 0x4a, 0xe4, 0x16, 0xfb, 0x09,
		0x58, 0xdf, 0x63, 0xf6, 0x05, 0xff, 0x98, 0x84, 0xff, 0x71, 0xb8, 0x55, 0xe0, 0x10, 0xcf, 0x3e, 0xfd, 0xe6, 0xcb, 0xb7, 0x98, 0xce, 0x7e, 0x69,
		0x98, 0x5d, 0x11, 0xad, 0x01, 0xb9, 0x79, 0xe5, 0x3b, 0x34, 0xe0, 0x85, 0xfe, 0xca, 0x13, 0xd5, 0x84, 0x24, 0x8b, 0x7f, 0xf5, 0x7e, 0x37, 0x9c,
		0xa5, 0x17, 0x86, 0x27, 0x7d, 0x4a, 0x09, 0x48, 0x8b, 0x1f, 0xbe, 0x7f, 0xdb, 0x80, 0xff, 0xea, 0xfb, 0x21, 0xc3, 0xee, 0x92, 0xf7, 0xfe, 0x5b,
		0xde, 0xf1, 0xff, 0x87, 0xc1, 0x8b, 0x68, 0x06, 0xbc, 0x89, 0xdf, 0x51, 0xe0, 0x3d, 0x8f, 0x41, 0x55, 0x90, 0xfb, 0x6d, 0x8c, 0x5d, 0x07, 0x3c,
		0xc6, 0x64, 0xfa, 0xd2, 0x1b, 0x66, 0xc5, 0x76, 0x17, 0x0b, 0x88, 0xcc, 0x5e, 0x3f, 0xb2, 0xfe, 0xc6, 0xf6, 0x47, 0x3f, 0x7a, 0xf8, 0xf0, 0x61,
		0x10, 0xa8, 0x4c, 0x8e, 0xde, 0xb0, 0x41, 0xf7, 0x13, 0xd1, 0x23, 0x89, 0x1c, 0x1d, 0x0d, 0xfd, 0xd9, 0x27, 0xdb, 0xfc, 0xf2, 0x10, 0x69, 0x84,
		0xd7, 0x8e, 0xfa, 0x41, 0x9f, 0xed, 0xd0, 0x61, 0xf8, 0xe4, 0x93, 0xbe, 0x7f, 0xb4, 0xfd, 0xc5, 0x2f, 0xf6, 0x3b, 0x64, 0xc8, 0xb2, 0x16, 0xff,
		0x6c, 0xc7, 0x73, 0x5d, 0x3f, 0x98, 0xdc, 0xba, 0x59, 0x40, 0x4d, 0x20, 0x29, 0xa9, 0xe1, 0x97, 0x0e, 0x17, 0x1f, 0x6f, 0x0b, 0x61, 0x86, 0x24,
		0xa4, 0xe1, 0xef, 0xbb, 0xe3, 0x76, 0xbb, 0x85, 0x41, 0x20, 0x52, 0x58, 0xc2, 0x57, 0x96, 0x93, 0xe9, 0x76, 0x2e, 0x1e, 0xe3, 0x44, 0xd3, 0x10,
		0xbf, 0xfc, 0xe8, 0xb8, 0x9d, 0xcf, 0x1a, 0x41, 0x82, 0x88, 0x59, 0x87, 0x57, 0x74, 0xf1, 0xf1, 0xec, 0x66, 0x0f, 0xcb, 0x34, 0x25, 0x7b, 0x78,
		0x99, 0xdc, 0x2a, 0xca, 0x20, 0x10, 0x13, 0x51, 0x5d, 0x5f, 0xfa, 0xbd, 0xd0, 0xb0, 0x4b, 0x85, 0xad, 0xb6, 0xc9, 0x29, 0x93, 0x5b, 0x51, 0x14,
		0x14, 0xe6, 0x9c, 0x1b, 0x5f, 0x2b, 0x0a, 0x61, 0x19, 0xdc, 0x39, 0x70, 0x07, 0xfe, 0x1c, 0xaa, 0x73, 0x68, 0x2d, 0xb5, 0x8e, 0xb3, 0xd9, 0x66,
		0xe6, 0x5a, 0xb6, 0x19, 0x1c, 0xc7, 0x5c, 0x5e, 0xe0, 0x48, 0x66, 0x48, 0x49, 0xc7, 0x53, 0x52, 0xa4, 0x1b, 0xdf, 0x13, 0xcf, 0x25, 0xf2, 0x39,
		0xa8, 0x65, 0xd4, 0x96, 0x86, 0xce, 0x00, 0x1b, 0x21, 0x6a, 0x14, 0xa3, 0x69, 0xed, 0xe9, 0xbc, 0x80, 0x42, 0x3a, 0x89, 0x34, 0x4e, 0x47, 0xa8,
		0x33, 0x44, 0x97, 0x84, 0x4b, 0xb3, 0xda, 0x07, 0xe7, 0x09, 0xd6, 0x46, 0x46, 0x9e, 0x98, 0x75, 0x3e, 0x2c, 0x07, 0x82, 0x54, 0xd5, 0x3c, 0x05,
		0x2b, 0xfc, 0x8d, 0x13, 0x4f, 0xec, 0x5a, 0xc3, 0x19, 0x0a, 0x0f, 0x78, 0xe4, 0xa8, 0x39, 0x6b, 0x9d, 0x99, 0x2d, 0x2d, 0x02, 0x2d, 0xc7, 0xec,
		0xd6, 0x08, 0x0d, 0x1d, 0xa2, 0x31, 0xe7, 0xd2, 0xad, 0x79, 0xb4, 0xc7, 0x35, 0x23, 0x42, 0xa4, 0x65, 0xb0, 0x0f, 0x49, 0xbb, 0xc7, 0xd6, 0x21,
		0x90, 0x69, 0x7e, 0xe8, 0xec, 0xde, 0x0e, 0x9c, 0x03, 0xd9, 0x99, 0x73, 0xdd, 0x65, 0x38, 0xc9, 0x90, 0xd2, 0x52, 0x2d, 0x2e, 0x35, 0xc3, 0x73,
		0xa9, 0xea, 0x1d, 0x5d, 0x27, 0xcd, 0xd1, 0xa9, 0x2a, 0x48, 0x23, 0xbd, 0x70, 0xcc, 0x91, 0x04, 0x19, 0xe9, 0xbc, 0xa7, 0xdb, 0x90, 0x34, 0x23,
		0x9c, 0xcb, 0xe4, 0x8d, 0xc5, 0x84, 0xa4, 0x9a, 0xa2, 0xce, 0xe0, 0x32, 0x48, 0x86, 0xd6, 0x19, 0xd1, 0x67, 0x60, 0x45, 0x0e, 0xc5, 0x1d, 0x3a,
		0x9a, 0x43, 0x7b, 0x98, 0x54, 0xa7, 0xca, 0x2b, 0x89, 0xea, 0xd4, 0x14, 0xcf, 0x65, 0xa2, 0xda, 0x18, 0x72, 0x06, 0x03, 0x1c, 0x4c, 0xc9, 0xfe,
		0x32, 0xc4, 0x40, 0xaa, 0xe7, 0xea, 0x24, 0x0e, 0x27, 0x71, 0xb5, 0x9a, 0xc3, 0x42, 0xe4, 0x04, 0xdc, 0x2c, 0x69, 0x4b, 0xdb, 0x6c, 0x98, 0xc1,
		0x32, 0x04, 0x63, 0xce, 0xb8, 0xcc, 0xa0, 0x89, 0x01, 0x21, 0xcd, 0xb9, 0x6c, 0x8d, 0x21, 0x83, 0x98, 0x2a, 0x6e, 0x98, 0xbb, 0x73, 0xe2, 0xa2,
		0x75, 0x2d, 0xce, 0x33, 0xe7, 0x70, 0x58, 0x24, 0x03, 0x0c, 0xe6, 0xcd, 0x0c, 0xed, 0x21, 0xd6, 0x00, 0x76, 0xb0, 0xa4, 0xb5, 0x30, 0x07, 0x8f,
		0xb1, 0x95, 0xdd, 0x6b, 0xb8, 0x72, 0x31, 0xd2, 0x95, 0xba, 0x32, 0x62, 0x63, 0x3f, 0xe9, 0xb8, 0x51, 0x32, 0x03, 0x37, 0x2d, 0x41, 0xfb, 0x80,
		0x4b, 0x72, 0x07, 0x8e, 0x2e, 0xec, 0xe0, 0x24, 0xd3, 0x32, 0x83, 0x52, 0x47, 0xb8, 0xa3, 0x2e, 0xd3, 0x49, 0xcb, 0xeb, 0x46, 0xbb, 0x01, 0x5b,
		0x1b, 0x1c, 0x70, 0x08, 0x28, 0x12, 0x92, 0x43, 0xce, 0x21, 0x57, 0x00, 0x8d, 0x65, 0xbd, 0x0c, 0x7d, 0x06, 0x42, 0x23, 0xf9, 0x61, 0x6c, 0xed,
		0xc3, 0x1b, 0xaa, 0x16, 0xa2, 0x81, 0xb9, 0x05, 0x69, 0x8b, 0x77, 0x39, 0xe9, 0x42, 0x75, 0x09, 0xda, 0x0c, 0x9b, 0x0c, 0xda, 0x8d, 0xd0, 0xda,
		0xc2, 0x33, 0xac, 0x98, 0xc1, 0x96, 0x6d, 0xfb, 0x5d, 0xba, 0xf8, 0xdd, 0xa7, 0xaa, 0xef, 0xb4, 0x9b, 0x84, 0x04, 0x1c, 0xc2, 0x22, 0x0a, 0x0f,
		0xc1, 0x98, 0xf7, 0x62, 0xde, 0x80, 0x26, 0x35, 0x09, 0x2b, 0x28, 0xbc, 0x0d, 0xbe, 0x4f, 0x40, 0x07, 0x73, 0xd8, 0x80, 0xb0, 0xdd, 0xcb, 0x23,
		0x57, 0xc0, 0xa6, 0x89, 0xab, 0x02, 0xfb, 0x82, 0x6b, 0x61, 0xce, 0x75, 0x9b, 0xe9, 0x05, 0x5c, 0x2f, 0x32, 0x4c, 0x7b, 0x3a, 0xec, 0xe3, 0x7e,
		0x62, 0xdd, 0x3d, 0x03, 0x16, 0x30, 0xd2, 0x86, 0x02, 0xe7, 0x29, 0x00, 0x55, 0xb3, 0x01, 0x48, 0x40, 0x04, 0x56, 0x78, 0x96, 0x83, 0x39, 0xa0,
		0x92, 0xee, 0xda, 0x62, 0xf1, 0x81, 0x18, 0xb4, 0x48, 0xd0, 0x01, 0x27, 0x7a, 0x76, 0xf3, 0x0f, 0xff, 0xef, 0x4f, 0x9a, 0x35, 0x28, 0x05, 0x7c,
		0x31, 0xac, 0xd2, 0xd3, 0xa7, 0xdb, 0xed, 0x9f, 0x0d, 0x03, 0xa6, 0x5e, 0x20, 0x0d, 0x04, 0x17, 0x13, 0xce, 0x3c, 0x0a, 0x41, 0x9d, 0x2e, 0x76,
		0x14, 0x29, 0xc1, 0x15, 0x10, 0x5c, 0x34, 0x38, 0x87, 0xe7, 0x2b, 0x66, 0x36, 0x13, 0x24, 0xec, 0xeb, 0x93, 0x1e, 0x97, 0x56, 0xca, 0x3a, 0x1d,
		0x22, 0x27, 0xa9, 0x4f, 0x69, 0xb1, 0xb0, 0x53, 0x8d, 0x7a, 0xbd, 0xf1, 0x03, 0x54, 0x33, 0x9c, 0x8e, 0xf0, 0x54, 0x9f, 0xc6, 0xbe, 0x47, 0x92,
		0x73, 0x48, 0x51, 0xae, 0x47, 0x3f, 0xec, 0x77, 0x94, 0x79, 0x47, 0x5a, 0xcb, 0x61, 0x83, 0xf3, 0x66, 0xf9, 0x14, 0xfc, 0x55, 0x15, 0x5b, 0x76,
		0xa7, 0xc9, 0x03, 0xff, 0x62, 0x36, 0xfb, 0x97, 0x5a, 0x18, 0x26, 0xa7, 0x84, 0x49, 0x86, 0xca, 0x57, 0x55, 0x37, 0x33, 0x14, 0x8b, 0x3c, 0xf1,
		0xc6, 0xd3, 0xdf, 0xfa, 0xad, 0x6d, 0x4a, 0x9f, 0x3e, 0x28, 0x13, 0x66, 0x0f, 0x33, 0x1c, 0x95, 0x5f, 0xf9, 0x4a, 0x55, 0x55, 0xbf, 0xda, 0xfd,
		0xb9, 0x61, 0xb1, 0x70, 0xdd, 0xe9, 0xd7, 0x6f, 0xfc, 0xa7, 0xff, 0xb2, 0x83, 0x4f, 0x32, 0x94, 0xec, 0x16, 0x47, 0xe5, 0xed, 0xdb, 0x3b, 0x98,
		0x13, 0xc7, 0x13, 0x2d, 0xbe, 0x75, 0x54, 0xce, 0xe7, 0x55, 0x55, 0xfe, 0x2a, 0x27, 0x8a, 0x59, 0x81, 0xe1, 0xf0, 0xf0, 0x0a, 0xf6, 0x15, 0x80,
		0x76, 0xeb, 0x9c, 0xd9, 0xfa, 0xd1, 0xa3, 0xb5, 0x98, 0x08, 0x42, 0x3f, 0x66, 0xc3, 0xfe, 0x9d, 0x4c, 0x10, 0x1e, 0xf5, 0xb9, 0xa1, 0x5b, 0x3f,
		0x5a, 0x3f, 0x6a, 0x4c, 0xa6, 0x98, 0xf4, 0x5d, 0xd7, 0x3d, 0xea, 0x76, 0xbc, 0x5a, 0x37, 0x27, 0x70, 0xeb, 0x11, 0x86, 0xce, 0xcc, 0xba, 0x93,
		0x6c, 0x70, 0xc6, 0x10, 0x82, 0x0d, 0x96, 0x9b, 0xae, 0x9b, 0x66, 0x07, 0x0c, 0xb6, 0x6b, 0x92, 0x2f, 0xc3, 0x73, 0xc9, 0x1a, 0xd6, 0x55, 0xe4,
		0x9a, 0x14, 0x2f, 0x26, 0xf9, 0x14, 0xb1, 0xbe, 0xae, 0xeb, 0x9e, 0x0c, 0xbe, 0xb7, 0x1e, 0xd3, 0xce, 0xdb, 0x7a, 0xa8, 0xeb, 0x8e, 0x4f, 0x74,
		0x68, 0x4c, 0xd1, 0xf4, 0x66, 0x36, 0x48, 0xe8, 0x9f, 0x2c, 0x65, 0x98, 0xae, 0x15, 0xfd, 0xda, 0xaf, 0xcd, 0xd7, 0xf5, 0x7a, 0xf9, 0x44, 0xc7,
		0xdf, 0x55, 0xf2, 0x84, 0xf4, 0x23, 0x18, 0x97, 0x61, 0xb7, 0xb4, 0xef, 0xd0, 0x99, 0x27, 0xed, 0xe2, 0x94, 0xe7, 0x32, 0x2f, 0xb9, 0xe9, 0xa3,
		0x20, 0xb6, 0xfb, 0x30, 0x83, 0x97, 0x89, 0x4c, 0x7a, 0xf5, 0x23, 0x68, 0x03, 0x1b, 0x3a, 0x9d, 0x8a, 0x98, 0xda, 0xd2, 0x86, 0x10, 0xfa, 0x0c,
		0x55, 0x68, 0x1a, 0x31, 0x69, 0x02, 0x06, 0xdd, 0x5d, 0x72, 0x4d, 0xfb, 0x3e, 0x83, 0x6d, 0x00, 0xd9, 0x81, 0x13, 0x91, 0x4c, 0xde, 0x01, 0xd8,
		0x41, 0x91, 0xa1, 0x79, 0x24, 0x72, 0x0e, 0xcf, 0x25, 0x43, 0x3e, 0x87, 0x0c, 0x83, 0x79, 0xd4, 0x2c, 0x1e, 0xa2, 0xe9, 0xfa, 0xae, 0x3f, 0x3b,
		0x0b, 0xc3, 0xba, 0x11, 0x39, 0x9b, 0x1c, 0xa3, 0xef, 0xf3, 0xff, 0x48, 0x08, 0xea, 0xc7, 0xbb, 0x74, 0x56, 0x16, 0xd0, 0x75, 0x3f, 0x18, 0xcf,
		0xc4, 0xdb, 0x40, 0x86, 0x49, 0x86, 0x7e, 0xdd, 0xad, 0xc9, 0x11, 0xf2, 0x44, 0x51, 0x40, 0x3a, 0x7b, 0xd4, 0xef, 0xc0, 0x8f, 0x3b, 0x8a, 0xfd,
		0x29, 0x7b, 0x40, 0xcd, 0xbc, 0xe3, 0xb9, 0xe4, 0x1f, 0x49, 0xa0, 0x40, 0xa6, 0x1e, 0xc0, 0x34, 0x08, 0xc2, 0x57, 0x45, 0xcf, 0x04, 0x5a, 0x37,
		0x80, 0x4c, 0x82, 0x42, 0x0b, 0xd1, 0xd1, 0xbb, 0x8f, 0x61, 0x22, 0x1a, 0x20, 0x85, 0x84, 0x3c, 0x21, 0xf5, 0xf1, 0x1a, 0xa9, 0x91, 0x00, 0x2d,
		0x54, 0x83, 0x5a, 0x98, 0xfe, 0xc6, 0x1a, 0xd2, 0x6b, 0x40, 0xa8, 0x55, 0xcf, 0x82, 0x69, 0x71, 0x08, 0x13, 0x09, 0x0a, 0x59, 0x85, 0xc0, 0x60,
		0x52, 0x1c, 0x00, 0x90, 0x20, 0x78, 0x2e, 0x73, 0x33, 0xf3, 0xde, 0x04, 0x73, 0xbb, 0x80, 0x63, 0xb3, 0x0c, 0xf5, 0x1f, 0x58, 0x8d, 0xb1, 0x7e,
		0xb3, 0xe8, 0xfc, 0x64, 0xd8, 0x41, 0xf2, 0x75, 0x8f, 0x47, 0xe1, 0x38, 0x9a, 0x76, 0x82, 0x2d, 0xe0, 0x46, 0xe8, 0x96, 0xb3, 0xce, 0xf7, 0x9d,
		0xf2, 0xa1, 0xa9, 0xb3, 0xbe, 0x07, 0xad, 0x28, 0xac, 0x60, 0xad, 0x3f, 0x36, 0x3a, 0x60, 0x0f, 0xbe, 0x20, 0xc7, 0x53, 0x76, 0x70, 0x39, 0x87,
		0x8b, 0x7c, 0xff, 0xd7, 0xfc, 0x0d, 0xd3, 0xf7, 0xc9, 0x1a, 0x40, 0xa3, 0xc6, 0x94, 0x5a, 0xba, 0x0c, 0xbb, 0x01, 0xe6, 0xcc, 0x2c, 0x83, 0x60,
		0x07, 0x29, 0x1a, 0x87, 0x61, 0x99, 0x46, 0xb8, 0x34, 0x41, 0x72, 0x04, 0x1b, 0x00, 0x8e, 0x3b, 0x4c, 0xa9, 0xf8, 0x9b, 0x6a, 0x3f, 0x0f, 0x06,
		0x1a, 0xa9, 0x51, 0x63, 0x9b, 0x98, 0x4b, 0x8a, 0xce, 0xce, 0x36, 0xcc, 0x99, 0x90, 0xac, 0x0b, 0x62, 0xb0, 0x10, 0x18, 0x19, 0x35, 0x43, 0x10,
		0x19, 0x27, 0xb8, 0xa4, 0x75, 0x74, 0xc2, 0xfa, 0x4c, 0xbc, 0x03, 0x13, 0xa9, 0x76, 0xc2, 0x28, 0x2a, 0x94, 0x14, 0xf1, 0x45, 0x79, 0x07, 0x05,
		0x50, 0x28, 0xd0, 0x5e, 0x00, 0x01, 0x01, 0x01, 0x03, 0x1e, 0xc5, 0x76, 0x38, 0x69, 0x9d, 0x46, 0x2d, 0xcc, 0x71, 0xd5, 0x21, 0xb0, 0xf4, 0x4b,
		0x4e, 0x4d, 0x42, 0xd1, 0x38, 0x6e, 0xb8, 0x03, 0x52, 0xba, 0x3a, 0x14, 0xe2, 0x22, 0x09, 0x8e, 0xd0, 0xa6, 0x10, 0x42, 0x9b, 0x96, 0x3c, 0x87,
		0xd6, 0x89, 0x46, 0xed, 0xe4, 0x24, 0x52, 0x51, 0x1c, 0x98, 0x1c, 0x44, 0x88, 0x48, 0x83, 0x03, 0x8c, 0x89, 0xa9, 0x99, 0xf4, 0x7a, 0x30, 0xd6,
		0xca, 0x08, 0x1c, 0xc1, 0xdc, 0x98, 0x09, 0xd8, 0xa4, 0x0c, 0xa9, 0x5f, 0x9d, 0x9c, 0xb8, 0xb6, 0x5d, 0x9d, 0x80, 0x3d, 0xc3, 0x38, 0xb1, 0x59,
		0x2e, 0x1d, 0x6d, 0xb3, 0x42, 0xd0, 0xd5, 0x6e, 0x82, 0xa4, 0xe3, 0x92, 0x82, 0x20, 0xa4, 0x41, 0x46, 0xf8, 0xb0, 0x65, 0x86, 0x1b, 0x05, 0x77,
		0xa7, 0xc4, 0xb6, 0xa5, 0x53, 0x16, 0x70, 0x98, 0x62, 0xdf, 0x81, 0x46, 0x4c, 0x01, 0x8f, 0xcf, 0x9a, 0xb7, 0xf3, 0x84, 0xcb, 0xdd, 0x2d, 0xbd,
		0xc1, 0x97, 0x67, 0xaa, 0x67, 0x51, 0x4f, 0x62, 0x8c, 0xd7, 0x1f, 0xab, 0xcf, 0x50, 0x93, 0x32, 0x9e, 0x78, 0x78, 0x78, 0x54, 0x7a, 0xc1, 0xb0,
		0x65, 0x4a, 0xf5, 0x74, 0x45, 0xfe, 0xe2, 0xf5, 0x0c, 0xe3, 0x04, 0x1d, 0x6b, 0x47, 0x6e, 0xe8, 0x32, 0x18, 0xfc, 0x75, 0x8d, 0x2a, 0x51, 0xdb,
		0x95, 0xc6, 0xeb, 0xad, 0x4f, 0xcf, 0x7f, 0x39, 0x76, 0xa9, 0x4a, 0xb9, 0xa1, 0x4d, 0x36, 0xa4, 0xa4, 0x7f, 0x0c, 0x7a, 0x52, 0x48, 0xa1, 0x8b,
		0xbd, 0x33, 0x1e, 0x81, 0x46, 0xa7, 0xee, 0xa5, 0xaf, 0xff, 0x8e, 0xe3, 0xd7, 0xe7, 0x71, 0x07, 0xad, 0xa3, 0x7b, 0xf1, 0xf5, 0xdb, 0x8e, 0xaf,
		0x93, 0x3b, 0x70, 0x19, 0xdc, 0x11, 0x1d, 0x8f, 0x76, 0xd0, 0xf1, 0x02, 0xda, 0x0c, 0x8b, 0x23, 0x0c, 0xfa, 0xd2, 0x4b, 0xea, 0xdc, 0xd5, 0x36,
		0xbf, 0x2a, 0x6f, 0x5e, 0xc5, 0x73, 0x7d, 0xe4, 0x2c, 0xaa, 0x8a, 0x92, 0xa6, 0x2e, 0xb6, 0x44, 0xe9, 0x8c, 0x0c, 0x3d, 0x33, 0xd0, 0xd1, 0x32,
		0xbc, 0x64, 0x91, 0x21, 0x91, 0x8c, 0xf6, 0x5e, 0x54, 0xe2, 0xfa, 0x8b, 0x66, 0x0c, 0x13, 0xb6, 0x2d, 0xed, 0xb6, 0xb9, 0x88, 0x03, 0xd2, 0xa8,
		0x42, 0x37, 0xce, 0x0f, 0xce, 0x76, 0x70, 0x47, 0x32, 0x30, 0xd7, 0x33, 0x83, 0x6a, 0xfa, 0xee, 0x08, 0xca, 0xb6, 0x35, 0x4d, 0xcf, 0x7f, 0xdb,
		0xa6, 0xc1, 0xac, 0xe2, 0xd5, 0x98, 0x30, 0x20, 0xe7, 0xc1, 0xde, 0x22, 0xf9, 0xb2, 0x73, 0x10, 0xe4, 0x7a, 0xd4, 0x12, 0x1d, 0x79, 0x55, 0x0b,
		0x91, 0xa1, 0x56, 0x1d, 0x81, 0xae, 0xd5, 0xc2, 0x64, 0xaa, 0x45, 0x20, 0x15, 0x72, 0x64, 0xce, 0xc9, 0xdc, 0xbc, 0xa3, 0x76, 0x6e, 0x3a, 0x41,
		0x7d, 0x64, 0x74, 0xd2, 0xd1, 0x48, 0x7a, 0xe7, 0x26, 0xa8, 0xae, 0x9a, 0x3a, 0x51, 0x4d, 0xaa, 0x1c, 0xc8, 0x02, 0x86, 0x67, 0x69, 0xa1, 0x8a,
		0x5d, 0x9a, 0xb2, 0x3b, 0x03, 0xe0, 0xf6, 0xe0, 0x0c, 0x0a, 0x35, 0xd9, 0x41, 0xad, 0xc5, 0xf1, 0xc9, 0xaa, 0x76, 0x33, 0xeb, 0xea, 0xba, 0x76,
		0x35, 0x02, 0xdd, 0xfd, 0xe5, 0x26, 0xb8, 0xf0, 0x88, 0xd3, 0x10, 0x66, 0x21, 0x43, 0x71, 0x4a, 0x86, 0x69, 0x15, 0x18, 0x5c, 0x55, 0x31, 0x83,
		0x6b, 0x48, 0x3a, 0x47, 0xd2, 0x15, 0xce, 0xa3, 0xaa, 0xb9, 0x54, 0xad, 0xc9, 0x5a, 0xc9, 0x8a, 0x03, 0x00, 0x3d, 0x00, 0xa0, 0x0a, 0xa8, 0x4e,
		0xb5, 0x00, 0xea, 0x06, 0xae, 0x1e, 0x4c, 0xa6, 0x15, 0xd0, 0x34, 0x6b, 0x20, 0x74, 0x70, 0xa1, 0x30, 0x71, 0xf7, 0x00, 0xeb, 0x04, 0x95, 0x1b,
		0xea, 0x13, 0x9b, 0x99, 0x4e, 0x83, 0x26, 0x6d, 0x15, 0x9c, 0x19, 0x97, 0xb1, 0x8e, 0xe2, 0x3e, 0x62, 0xe1, 0x8a, 0x00, 0x56, 0xb1, 0x23, 0x67,
		0x94, 0x29, 0x39, 0x9d, 0xb6, 0x01, 0x6d, 0x45, 0xb2, 0x2e, 0x58, 0xf0, 0x56, 0xed, 0x5c, 0xa7, 0x70, 0x53, 0x52, 0x6b, 0x6a, 0xa7, 0xad, 0x90,
		0x9d, 0x20, 0x02, 0x0a, 0x51, 0x34, 0x40, 0xad, 0xda, 0x5c, 0xc1, 0xae, 0x01, 0x39, 0xd3, 0x2f, 0xfe, 0x79, 0x1a, 0x3b, 0x55, 0xac, 0xdb, 0x33,
		0x8d, 0x21, 0xc6, 0xa1, 0x37, 0x38, 0x92, 0xd6, 0x9b, 0xb0, 0x0a, 0x64, 0x91, 0x41, 0x49, 0x93, 0xb5, 0xd6, 0x3c, 0xd9, 0x3c, 0x09, 0x35, 0x00,
		0x8b, 0xea, 0x77, 0x73, 0x15, 0x9d, 0x2b, 0x06, 0x03, 0x4d, 0x22, 0x40, 0xea, 0xa6, 0xcd, 0x3b, 0x00, 0x68, 0x7b, 0xc5, 0x01, 0xaa, 0xb8, 0xc8,
		0x63, 0x80, 0xd1, 0xe1, 0x00, 0x62, 0x00, 0x0e, 0x91, 0xdb, 0x81, 0xdb, 0x43, 0x01, 0x93, 0x61, 0x58, 0x25, 0x77, 0xe7, 0x44, 0xa7, 0x36, 0xd7,
		0xf5, 0x08, 0x45, 0xb1, 0xa1, 0xbb, 0xbd, 0xa4, 0xb3, 0x53, 0x4a, 0x86, 0xbe, 0xa8, 0x49, 0x47, 0x9a, 0xb3, 0x85, 0x93, 0xfd, 0x04, 0xb9, 0xac,
		0x5b, 0xe3, 0x08, 0x6d, 0x86, 0x94, 0xc8, 0x13, 0x71, 0x54, 0xbb, 0xe9, 0xa4, 0xc3, 0xd8, 0x74, 0x0a, 0x38, 0x85, 0x87, 0xbb, 0xd2, 0x20, 0x37,
		0x41, 0x4e, 0x81, 0xb5, 0x01, 0x86, 0xdc, 0x1c, 0x39, 0x01, 0xbc, 0x01, 0x11, 0x49, 0x7f, 0x1e, 0x2c, 0x32, 0x6a, 0x7c, 0xd4, 0xc6, 0x47, 0x91,
		0x70, 0xbc, 0x1d, 0x5a, 0x8e, 0x85, 0x92, 0x81, 0xc4, 0xf4, 0xe4, 0xbe, 0xc1, 0xf6, 0x60, 0x23, 0x54, 0xbc, 0xeb, 0x61, 0xed, 0x39, 0xb8, 0x16,
		0x41, 0xbf, 0xff, 0x14, 0xe9, 0xe0, 0x40, 0x19, 0x5a, 0xdb, 0x38, 0x07, 0xc5, 0x58, 0xdb, 0xc2, 0x09, 0x0c, 0x70, 0x40, 0x6c, 0x01, 0x1c, 0x88,
		0xe1, 0xe2, 0x3b, 0xc4, 0xd9, 0x5f, 0x86, 0x7c, 0x7a, 0x0c, 0x1f, 0x7d, 0xb4, 0xe2, 0x8a, 0xa1, 0x4e, 0x91, 0x08, 0xa4, 0x0b, 0x65, 0x19, 0xb8,
		0x61, 0x08, 0xc2, 0x1d, 0x70, 0x07, 0xe4, 0x65, 0xb8, 0x1e, 0x18, 0xcf, 0x61, 0xa9, 0xd4, 0x1b, 0xd7, 0x0f, 0x4e, 0x5a, 0x6b, 0x6f, 0xa8, 0xb0,
		0xc5, 0xbe, 0x03, 0xa0, 0x75, 0x4e, 0x04, 0x0e, 0x30, 0xc8, 0x1e, 0x67, 0xe5, 0xe3, 0xc7, 0x8f, 0xcb, 0x4b, 0x20, 0x9b, 0x6a, 0x33, 0xd9, 0x80,
		0x31, 0xea, 0xa3, 0x48, 0xa6, 0x4d, 0x53, 0x4d, 0x26, 0x55, 0x85, 0xdd, 0x71, 0xcc, 0x85, 0xd5, 0xaf, 0xfd, 0xfe, 0xef, 0xff, 0xda, 0xdb, 0x7b,
		0x30, 0xb2, 0x0e, 0xe1, 0x9f, 0xe5, 0x8e, 0xd0, 0x8e, 0x90, 0xa2, 0x4a, 0x08, 0x5f, 0xcb, 0xbd, 0x02, 0x47, 0x3b, 0x09, 0x07, 0x26, 0x37, 0x96,
		0x27, 0xdf, 0xcc, 0xbd, 0x85, 0x68, 0x2d, 0xac, 0x6d, 0xc5, 0x70, 0xde, 0x47, 0x98, 0x5d, 0x7b, 0x79, 0xfa, 0xef, 0xb6, 0xf3, 0x9f, 0x49, 0x8d,
		0xb1, 0x6a, 0x5b, 0x3e, 0xbc, 0x56, 0x5d, 0x2b, 0x17, 0xbf, 0x5b, 0x27, 0xd1, 0x5a, 0xc0, 0x1f, 0x9f, 0x96, 0xae, 0x7a, 0xb5, 0x5c, 0x9c, 0x86,
		0x54, 0xd7, 0xa1, 0xc6, 0x4f, 0xef, 0x6f, 0x4f, 0xbf, 0xd3, 0xfe, 0x70, 0xf2, 0xbb, 0xa7, 0xa5, 0x32, 0x87, 0xa3, 0x45, 0xb1, 0xfd, 0xe0, 0xde,
		0xb7, 0xca, 0xd3, 0x9f, 0x1d, 0xc9, 0xd9, 0x19, 0x89, 0x57, 0x4e, 0x8b, 0xa2, 0x1b, 0x61, 0xf9, 0x0f, 0x21, 0x52, 0xd7, 0x78, 0x6b, 0x5b, 0xd7,
		0xcd, 0xad, 0x37, 0xb7, 0x73, 0x7b, 0x49, 0x54, 0x45, 0x80, 0xec, 0x68, 0xaf, 0x03, 0x86, 0x7d, 0x87, 0x78, 0x56, 0x75, 0x9a, 0xd2, 0x0c, 0x2f,
		0xa7, 0xb3, 0xb3, 0x94, 0xce, 0xae, 0x1d, 0x7c, 0xf5, 0xda, 0x3b, 0xa7, 0x6e, 0x52, 0xe1, 0x3b, 0xd8, 0xf5, 0x1b, 0xdb, 0xed, 0x7b, 0xd5, 0xdc,
		0x4d, 0x3a, 0xbc, 0x9f, 0x3f, 0x9d, 0x87, 0x3e, 0xfd, 0xd2, 0x2b, 0xef, 0x57, 0x65, 0x4a, 0x09, 0xbf, 0x7d, 0x69, 0x62, 0xe2, 0xaa, 0x1e, 0xef,
		0xa5, 0x94, 0x07, 0xf2, 0x8e, 0xf2, 0xda, 0x93, 0x0c, 0x1e, 0x07, 0x97, 0x4e, 0x29, 0x52, 0x7a, 0x00, 0x87, 0xcb, 0x19, 0x30, 0x3c, 0x99, 0x0d,
		0xb3, 0x27, 0x18, 0xeb, 0x1d, 0x12, 0x50, 0x14, 0xbe, 0xa8, 0x0a, 0x21, 0x53, 0xea, 0x9f, 0xc2, 0x12, 0xdc, 0xc4, 0x5c, 0x77, 0xa5, 0x66, 0x0d,
		0xf4, 0x45, 0xef, 0x05, 0x29, 0x99, 0xeb, 0x27, 0x75, 0x2d, 0xc2, 0xfe, 0xa9, 0x17, 0x81, 0xab, 0xcc, 0xad, 0x2b, 0xd6, 0xa8, 0xeb, 0x5e, 0xc6,
		0x89, 0xa2, 0xf3, 0x85, 0xef, 0x28, 0x89, 0x32, 0xee, 0x10, 0x0c, 0xc3, 0x6c, 0x78, 0x30, 0x60, 0xac, 0xf7, 0x48, 0xf8, 0xe2, 0x1a, 0xe0, 0x93,
		0xff, 0x30, 0x65, 0x1b, 0x21, 0x80, 0x98, 0xa1, 0x13, 0x56, 0xa1, 0xa2, 0xb9, 0x24, 0xeb, 0x0c, 0xe9, 0x47, 0x06, 0x4c, 0x9e, 0xb8, 0x0c, 0xac,
		0x57, 0x90, 0x64, 0xc8, 0xb0, 0x99, 0xb4, 0x3b, 0xb8, 0x73, 0x31, 0xe1, 0x1c, 0xd9, 0x46, 0x72, 0x85, 0x34, 0xee, 0xa0, 0x4c, 0x26, 0x1d, 0x81,
		0x94, 0xd6, 0x17, 0xa7, 0x5c, 0xb9, 0xd2, 0x68, 0x4a, 0xf8, 0xa2, 0x76, 0x3a, 0x2b, 0x8a, 0x83, 0x0b, 0xe0, 0xa1, 0x88, 0x96, 0x93, 0xd9, 0x37,
		0x2e, 0xa0, 0xfe, 0xe7, 0x5a, 0xf3, 0xe1, 0x8f, 0xb7, 0xed, 0x33, 0xf8, 0x28, 0x91, 0xf7, 0x4f, 0xb7, 0xd3, 0xc6, 0x37, 0xe3, 0x43, 0x02, 0xc8,
		0x6e, 0xa2, 0x9c, 0xb7, 0xdd, 0xba, 0xeb, 0x6a, 0x33, 0xc8, 0x6e, 0xc7, 0xf1, 0x7c, 0xd3, 0x79, 0x91, 0x6e, 0x18, 0xb0, 0x6b, 0x76, 0xf3, 0xa6,
		0x75, 0x7e, 0xf7, 0x90, 0x00, 0xcf, 0x6a, 0x86, 0x38, 0x3e, 0x24, 0xc0, 0x45, 0x57, 0xae, 0xe0, 0x57, 0x8a, 0x12, 0x9f, 0x25, 0x82, 0x72, 0x72,
		0x3f, 0x5d, 0x02, 0xbd, 0x79, 0xbb, 0x9c, 0x63, 0x85, 0x8b, 0x87, 0x13, 0x12, 0xba, 0xc5, 0xe9, 0x24, 0x6d, 0x70, 0xf1, 0x70, 0x42, 0xb4, 0xbb,
		0x7b, 0x3a, 0x17, 0xc3, 0xc5, 0xc3, 0x09, 0x91, 0x9b, 0xe5, 0xe9, 0xfd, 0x0c, 0x17, 0x0f, 0x27, 0x44, 0xf0, 0x60, 0x5b, 0x8e, 0x70, 0xbe, 0x63,
		0xbd, 0xc6, 0x58, 0x06, 0x3f, 0xf5, 0x7e, 0x1d, 0xa1, 0x11, 0x3e, 0x41, 0x13, 0xd6, 0x6b, 0xef, 0xbd, 0x10, 0x74, 0xe8, 0x0d, 0xf4, 0xf0, 0x37,
		0xc4, 0x7b, 0x65, 0xa4, 0xc6, 0xa6, 0x49, 0x85, 0xa2, 0x7d, 0xb7, 0x1e, 0x06, 0x21, 0x93, 0x39, 0x31, 0x4b, 0x0e, 0x65, 0x49, 0xef, 0x6b, 0x92,
		0xa6, 0x62, 0x8d, 0x3f, 0x07, 0x8e, 0x99, 0x98, 0x91, 0x68, 0x5b, 0x9d, 0x0b, 0x49, 0xd5, 0x56, 0xc8, 0xa4, 0xd8, 0xe7, 0x1c, 0x80, 0x2b, 0xaa,
		0xc8, 0x79, 0x67, 0xf0, 0x0a, 0x45, 0x42, 0x12, 0xbd, 0x80, 0x25, 0x08, 0x62, 0x32, 0x21, 0x90, 0x86, 0x13, 0x8b, 0x43, 0xfa, 0x5e, 0xa7, 0x71,
		0x36, 0x55, 0xa7, 0xf0, 0x7e, 0x69, 0xf4, 0xe1, 0x4a, 0xbf, 0xec, 0xbf, 0x21, 0xe2, 0x08, 0x9d, 0xd2, 0xd8, 0x6c, 0xda, 0x75, 0xbf, 0x9e, 0x37,
		0x32, 0x75, 0x70, 0xee, 0xce, 0xfa, 0x4e, 0xbd, 0xd9, 0x70, 0x63, 0x4d, 0x9f, 0x05, 0x31, 0xfe, 0xe7, 0xfe, 0xb6, 0xb0, 0x55, 0x4d, 0x3f, 0x94,
		0x4e, 0x04, 0xc0, 0x81, 0x3f, 0xc0, 0xa5, 0xda, 0xd2, 0xb9, 0x16, 0x2d, 0x4a, 0x4c, 0xa7, 0xe2, 0x09, 0x94, 0xa5, 0x03, 0x51, 0x62, 0x0b, 0xef,
		0xbd, 0xd5, 0x40, 0xbb, 0xbd, 0xea, 0x78, 0x92, 0x6e, 0x4c, 0xca, 0x75, 0xec, 0x7a, 0x29, 0xc7, 0x89, 0xab, 0x5c, 0x96, 0xef, 0x16, 0xdb, 0xda,
		0xb3, 0xcb, 0xf0, 0x67, 0x79, 0x07, 0x59, 0xfa, 0xa2, 0x6c, 0xd6, 0xec, 0x9a, 0xeb, 0x79, 0x82, 0x5c, 0xb6, 0xe5, 0x50, 0x5c, 0x5f, 0xe7, 0x89,
		0xbe, 0x44, 0x3b, 0x53, 0x9e, 0xb8, 0x3c, 0x71, 0xe0, 0xbd, 0x36, 0xfe, 0x1e, 0x72, 0x7a, 0x70, 0x00, 0xa0, 0xc5, 0xd8, 0xa5, 0x27, 0xa6, 0x26,
		0xd8, 0x65, 0xb0, 0x2e, 0x99, 0x32, 0xc5, 0x60, 0x9d, 0x91, 0xf8, 0x5e, 0xeb, 0x3b, 0xf3, 0xa4, 0x63, 0x06, 0x7f, 0xb6, 0xc1, 0x95, 0xae, 0x1f,
		0x4c, 0x06, 0x4e, 0x33, 0x0c, 0x12, 0x02, 0x26, 0xda, 0x75, 0xe3, 0xac, 0xcf, 0xd0, 0x37, 0x0c, 0xe0, 0xa4, 0xa3, 0x2d, 0x49, 0xa3, 0x5a, 0x57,
		0x73, 0x09, 0x8d, 0x8c, 0xd6, 0x68, 0x9b, 0x28, 0xc6, 0x1c, 0x00, 0xc3, 0x3e, 0xc1, 0xe5, 0xf6, 0x7c, 0xf8, 0x55, 0x40, 0x63, 0x62, 0xd7, 0x26,
		0x26, 0xaa, 0xca, 0xcb, 0x2b, 0x05, 0x73, 0x9d, 0x49, 0x6d, 0x35, 0xa9, 0xdf, 0xb9, 0xfe, 0x04, 0x46, 0x72, 0xd0, 0x0c, 0x12, 0x18, 0xde, 0xff,
		0x93, 0xf5, 0x0e, 0x7a, 0x27, 0x92, 0xa1, 0x96, 0xf7, 0xef, 0xfd, 0xe9, 0xfe, 0x12, 0x8a, 0xa4, 0x9a, 0x22, 0xef, 0x7d, 0xfc, 0x29, 0x5a, 0xb2,
		0xa5, 0x8a, 0x18, 0xf5, 0x4c, 0x8e, 0xda, 0x37, 0xe0, 0x00, 0x67, 0x80, 0x18, 0x00, 0xa9, 0x00, 0x94, 0x65, 0xf9, 0xd1, 0xe3, 0xf2, 0x71, 0x59,
		0xbe, 0xf0, 0xdf, 0xaf, 0x7c, 0xf9, 0x4b, 0xb3, 0x97, 0xb0, 0xd9, 0x6c, 0xaa, 0x2a, 0xbf, 0x09, 0x5f, 0xfe, 0xb7, 0x93, 0x17, 0x5f, 0x98, 0xbc,
		0x8c, 0xaa, 0xaa, 0x38, 0xa9, 0x26, 0x55, 0x78, 0xf1, 0xe8, 0x1b, 0xff, 0xe0, 0xcb, 0x93, 0x57, 0xf1, 0xf6, 0xdb, 0x6f, 0xff, 0xf4, 0xa7, 0xc7,
		0x3f, 0xa9, 0xdf, 0x3e, 0x3e, 0xfe, 0xde, 0x4b, 0x5f, 0x29, 0x4b, 0xbc, 0xf2, 0x4f, 0x5f, 0x7d, 0xf5, 0xd5, 0xc9, 0x44, 0x8e, 0x26, 0xd5, 0xd5,
		0xe2, 0x97, 0x4f, 0x4f, 0x71, 0xf4, 0x4a, 0xee, 0xb5, 0xd7, 0xe4, 0x95, 0xe9, 0x07, 0x22, 0x47, 0xdb, 0x2d, 0xde, 0x7c, 0xf3, 0xad, 0xb7, 0xde,
		0xfa, 0xe6, 0x37, 0xfd, 0x5b, 0xd5, 0xff, 0xf6, 0xfe, 0x37, 0xe7, 0x73, 0x3c, 0xcb, 0xfe, 0x9f, 0xd9, 0x9d, 0xd9, 0x0c, 0x45, 0x71, 0x52, 0x5c,
		0x9d, 0xce, 0xb7, 0xdb, 0x9f, 0x69, 0xad, 0xf3, 0x29, 0x30, 0x9b, 0x2d, 0xe7, 0xbf, 0x52, 0x9d, 0xce, 0xca, 0xad, 0x29, 0x7d, 0x05, 0xfc, 0xf9,
		0x1f, 0x71, 0xfb, 0x1f, 0x7f, 0xf0, 0xe3, 0xf2, 0x78, 0xfb, 0x80, 0xa6, 0x83, 0xe0, 0xe7, 0xdf, 0xe7, 0xf6, 0x9b, 0xdf, 0x7f, 0x58, 0x4e, 0xb6,
		0xbd, 0x2d, 0xbd, 0x8f, 0xf8, 0xde, 0x3b, 0x9c, 0x7f, 0xfc, 0xde, 0x69, 0x9e, 0x50, 0xf6, 0xc3, 0x10, 0x76, 0xf0, 0xe0, 0x8d, 0xd3, 0x72, 0xbe,
		0x14, 0x0d, 0xde, 0x07, 0xdc, 0xbc, 0xd9, 0xce, 0x86, 0x7f, 0x5c, 0x6e, 0xb7, 0x36, 0xab, 0xd5, 0xa7, 0x80, 0x5c, 0x81, 0x17, 0x66, 0x05, 0x0c,
		0x63, 0x82, 0xb2, 0x74, 0x65, 0x2a, 0x5a, 0x99, 0x49, 0xfd, 0x4f, 0x52, 0xf2, 0x1e, 0xef, 0x6e, 0xaf, 0x56, 0x32, 0xd9, 0xb6, 0xa5, 0xd6, 0x82,
		0x42, 0x7f, 0x88, 0x6d, 0x79, 0xf2, 0x74, 0x3a, 0x29, 0xfb, 0x6d, 0x48, 0x57, 0x53, 0x5a, 0xbf, 0x89, 0x6f, 0x6c, 0x97, 0x55, 0x53, 0x6c, 0x1f,
		0x94, 0x7d, 0xfd, 0xf7, 0x44, 0xf4, 0x37, 0xb1, 0x3d, 0x66, 0x39, 0xad, 0xdb, 0xb0, 0x0d, 0xf5, 0xef, 0x89, 0xff, 0xe8, 0x27, 0x28, 0x6f, 0xb6,
		0x65, 0x13, 0xbc, 0xe6, 0x1d, 0x3f, 0x10, 0xa9, 0x3c, 0xca, 0x12, 0xa5, 0x38, 0x2f, 0xa5, 0x54, 0x41, 0x0a, 0x9d, 0x01, 0x48, 0xc0, 0x14, 0x97,
		0xaa, 0xf1, 0xb9, 0x22, 0xfe, 0x72, 0xc2, 0xcf, 0x81, 0x7e, 0x7e, 0x22, 0xf0, 0xf3, 0xf0, 0xdc, 0x44, 0xfd, 0x37, 0xfc, 0x5d, 0xfd, 0x17, 0x8d,
		0x33, 0x83, 0xf4, 0x42, 0xa2, 0x3e, 0xdf, 0x00, 0x00, 0x00, 0x00, 0x49, 0x45, 0x4e, 0x44, 0xae, 0x42, 0x60, 0x82,
	};

	inline constexpr sprite_t k_sprites[ sprite_max ] = {
		{ k_png_hotbar, 1872, 182, 22 },
		{ k_png_hotbar_selection, 504, 24, 23 },
		{ k_png_hotbar_offhand_left, 850, 29, 24 },
		{ k_png_heart_container, 98, 9, 9 },
		{ k_png_heart_container_blinking, 98, 9, 9 },
		{ k_png_heart_full, 107, 9, 9 },
		{ k_png_heart_half, 102, 9, 9 },
		{ k_png_heart_full_blinking, 107, 9, 9 },
		{ k_png_heart_half_blinking, 102, 9, 9 },
		{ k_png_armor_full, 122, 9, 9 },
		{ k_png_armor_half, 124, 9, 9 },
		{ k_png_armor_empty, 100, 9, 9 },
		{ k_png_food_empty, 99, 9, 9 },
		{ k_png_food_full, 131, 9, 9 },
		{ k_png_experience_bar_background, 165, 182, 5 },
		{ k_png_experience_bar_progress, 1241, 182, 5 },
		{ k_png_crosshair, 81, 15, 15 },
		{ k_png_crossbow_standby, 228, 16, 16 },
		{ k_png_crossbow_arrow, 251, 16, 16 },
		{ k_png_bow, 160, 16, 16 },
		{ k_png_diamond_sword, 194, 16, 16 },
		{ k_png_potion_overlay, 124, 16, 16 },
		{ k_png_splash_potion, 150, 16, 16 },
		{ k_png_arrow, 145, 16, 16 },
		{ k_png_tnt_top, 189, 16, 16 },
		{ k_png_tnt_side, 175, 16, 16 },
		{ k_png_font_ascii, 810, 128, 128 },
		{ k_png_font_accented, 7694, 144, 900 },
		{ k_png_font_nonlatin_european, 4867, 128, 536 },
	};

	// font/include/default.json bitmap providers, sorted by codepoint. top = 7 - ascent, advance includes the 1px gap
	struct glyph_t {
		unsigned int m_codepoint;
		unsigned char m_sprite;
		unsigned short m_x, m_y;
		unsigned char m_w, m_h;
		float m_scale;
		signed char m_top;
		unsigned char m_advance;
	};

	inline constexpr int k_space_advance = 4;

	inline constexpr glyph_t k_glyphs[] = {
		{ 0x0021, 26, 8, 16, 8, 8, 1.000000f, 0, 2 },
		{ 0x0022, 26, 16, 16, 8, 8, 1.000000f, 0, 4 },
		{ 0x0023, 26, 24, 16, 8, 8, 1.000000f, 0, 6 },
		{ 0x0024, 26, 32, 16, 8, 8, 1.000000f, 0, 6 },
		{ 0x0025, 26, 40, 16, 8, 8, 1.000000f, 0, 6 },
		{ 0x0026, 26, 48, 16, 8, 8, 1.000000f, 0, 6 },
		{ 0x0027, 26, 56, 16, 8, 8, 1.000000f, 0, 2 },
		{ 0x0028, 26, 64, 16, 8, 8, 1.000000f, 0, 4 },
		{ 0x0029, 26, 72, 16, 8, 8, 1.000000f, 0, 4 },
		{ 0x002a, 26, 80, 16, 8, 8, 1.000000f, 0, 4 },
		{ 0x002b, 26, 88, 16, 8, 8, 1.000000f, 0, 6 },
		{ 0x002c, 26, 96, 16, 8, 8, 1.000000f, 0, 2 },
		{ 0x002d, 26, 104, 16, 8, 8, 1.000000f, 0, 6 },
		{ 0x002e, 26, 112, 16, 8, 8, 1.000000f, 0, 2 },
		{ 0x002f, 26, 120, 16, 8, 8, 1.000000f, 0, 6 },
		{ 0x0030, 26, 0, 24, 8, 8, 1.000000f, 0, 6 },
		{ 0x0031, 26, 8, 24, 8, 8, 1.000000f, 0, 6 },
		{ 0x0032, 26, 16, 24, 8, 8, 1.000000f, 0, 6 },
		{ 0x0033, 26, 24, 24, 8, 8, 1.000000f, 0, 6 },
		{ 0x0034, 26, 32, 24, 8, 8, 1.000000f, 0, 6 },
		{ 0x0035, 26, 40, 24, 8, 8, 1.000000f, 0, 6 },
		{ 0x0036, 26, 48, 24, 8, 8, 1.000000f, 0, 6 },
		{ 0x0037, 26, 56, 24, 8, 8, 1.000000f, 0, 6 },
		{ 0x0038, 26, 64, 24, 8, 8, 1.000000f, 0, 6 },
		{ 0x0039, 26, 72, 24, 8, 8, 1.000000f, 0, 6 },
		{ 0x003a, 26, 80, 24, 8, 8, 1.000000f, 0, 2 },
		{ 0x003b, 26, 88, 24, 8, 8, 1.000000f, 0, 2 },
		{ 0x003c, 26, 96, 24, 8, 8, 1.000000f, 0, 5 },
		{ 0x003d, 26, 104, 24, 8, 8, 1.000000f, 0, 6 },
		{ 0x003e, 26, 112, 24, 8, 8, 1.000000f, 0, 5 },
		{ 0x003f, 26, 120, 24, 8, 8, 1.000000f, 0, 6 },
		{ 0x0040, 26, 0, 32, 8, 8, 1.000000f, 0, 7 },
		{ 0x0041, 26, 8, 32, 8, 8, 1.000000f, 0, 6 },
		{ 0x0042, 26, 16, 32, 8, 8, 1.000000f, 0, 6 },
		{ 0x0043, 26, 24, 32, 8, 8, 1.000000f, 0, 6 },
		{ 0x0044, 26, 32, 32, 8, 8, 1.000000f, 0, 6 },
		{ 0x0045, 26, 40, 32, 8, 8, 1.000000f, 0, 6 },
		{ 0x0046, 26, 48, 32, 8, 8, 1.000000f, 0, 6 },
		{ 0x0047, 26, 56, 32, 8, 8, 1.000000f, 0, 6 },
		{ 0x0048, 26, 64, 32, 8, 8, 1.000000f, 0, 6 },
		{ 0x0049, 26, 72, 32, 8, 8, 1.000000f, 0, 4 },
		{ 0x004a, 26, 80, 32, 8, 8, 1.000000f, 0, 6 },
		{ 0x004b, 26, 88, 32, 8, 8, 1.000000f, 0, 6 },
		{ 0x004c, 26, 96, 32, 8, 8, 1.000000f, 0, 6 },
		{ 0x004d, 26, 104, 32, 8, 8, 1.000000f, 0, 6 },
		{ 0x004e, 26, 112, 32, 8, 8, 1.000000f, 0, 6 },
		{ 0x004f, 26, 120, 32, 8, 8, 1.000000f, 0, 6 },
		{ 0x0050, 26, 0, 40, 8, 8, 1.000000f, 0, 6 },
		{ 0x0051, 26, 8, 40, 8, 8, 1.000000f, 0, 6 },
		{ 0x0052, 26, 16, 40, 8, 8, 1.000000f, 0, 6 },
		{ 0x0053, 26, 24, 40, 8, 8, 1.000000f, 0, 6 },
		{ 0x0054, 26, 32, 40, 8, 8, 1.000000f, 0, 6 },
		{ 0x0055, 26, 40, 40, 8, 8, 1.000000f, 0, 6 },
		{ 0x0056, 26, 48, 40, 8, 8, 1.000000f, 0, 6 },
		{ 0x0057, 26, 56, 40, 8, 8, 1.000000f, 0, 6 },
		{ 0x0058, 26, 64, 40, 8, 8, 1.000000f, 0, 6 },
		{ 0x0059, 26, 72, 40, 8, 8, 1.000000f, 0, 6 },
		{ 0x005a, 26, 80, 40, 8, 8, 1.000000f, 0, 6 },
		{ 0x005b, 26, 88, 40, 8, 8, 1.000000f, 0, 4 },
		{ 0x005c, 26, 96, 40, 8, 8, 1.000000f, 0, 6 },
		{ 0x005d, 26, 104, 40, 8, 8, 1.000000f, 0, 4 },
		{ 0x005e, 26, 112, 40, 8, 8, 1.000000f, 0, 6 },
		{ 0x005f, 26, 120, 40, 8, 8, 1.000000f, 0, 6 },
		{ 0x0060, 26, 0, 48, 8, 8, 1.000000f, 0, 3 },
		{ 0x0061, 26, 8, 48, 8, 8, 1.000000f, 0, 6 },
		{ 0x0062, 26, 16, 48, 8, 8, 1.000000f, 0, 6 },
		{ 0x0063, 26, 24, 48, 8, 8, 1.000000f, 0, 6 },
		{ 0x0064, 26, 32, 48, 8, 8, 1.000000f, 0, 6 },
		{ 0x0065, 26, 40, 48, 8, 8, 1.000000f, 0, 6 },
		{ 0x0066, 26, 48, 48, 8, 8, 1.000000f, 0, 5 },
		{ 0x0067, 26, 56, 48, 8, 8, 1.000000f, 0, 6 },
		{ 0x0068, 26, 64, 48, 8, 8, 1.000000f, 0, 6 },
		{ 0x0069, 26, 72, 48, 8, 8, 1.000000f, 0, 2 },
		{ 0x006a, 26, 80, 48, 8, 8, 1.000000f, 0, 6 },
		{ 0x006b, 26, 88, 48, 8, 8, 1.000000f, 0, 5 },
		{ 0x006c, 26, 96, 48, 8, 8, 1.000000f, 0, 3 },
		{ 0x006d, 26, 104, 48, 8, 8, 1.000000f, 0, 6 },
		{ 0x006e, 26, 112, 48, 8, 8, 1.000000f, 0, 6 },
		{ 0x006f, 26, 120, 48, 8, 8, 1.000000f, 0, 6 },
		{ 0x0070, 26, 0, 56, 8, 8, 1.000000f, 0, 6 },
		{ 0x0071, 26, 8, 56, 8, 8, 1.000000f, 0, 6 },
		{ 0x0072, 26, 16, 56, 8, 8, 1.000000f, 0, 6 },
		{ 0x0073, 26, 24, 56, 8, 8, 1.000000f, 0, 6 },
		{ 0x0074, 26, 32, 56, 8, 8, 1.000000f, 0, 4 },
		{ 0x0075, 26, 40, 56, 8, 8, 1.000000f, 0, 6 },
		{ 0x0076, 26, 48, 56, 8, 8, 1.000000f, 0, 6 },
		{ 0x0077, 26, 56, 56, 8, 8, 1.000000f, 0, 6 },
		{ 0x0078, 26, 64, 56, 8, 8, 1.000000f, 0, 6 },
		{ 0x0079, 26, 72, 56, 8, 8, 1.000000f, 0, 6 },
		{ 0x007a, 26, 80, 56, 8, 8, 1.000000f, 0, 6 },
		{ 0x007b, 26, 88, 56, 8, 8, 1.000000f, 0, 4 },
		{ 0x007c, 26, 96, 56, 8, 8, 1.000000f, 0, 2 },
		{ 0x007d, 26, 104, 56, 8, 8, 1.000000f, 0, 4 },
		{ 0x007e, 26, 112, 56, 8, 8, 1.000000f, 0, 7 },
		{ 0x00a1, 28, 0, 0, 8, 8, 1.000000f, 0, 2 },
		{ 0x00a2, 28, 80, 112, 8, 8, 1.000000f, 0, 6 },
		{ 0x00a3, 26, 96, 72, 8, 8, 1.000000f, 0, 6 },
		{ 0x00a4, 28, 88, 112, 8, 8, 1.000000f, 0, 8 },
		{ 0x00a5, 28, 96, 112, 8, 8, 1.000000f, 0, 6 },
		{ 0x00a6, 28, 80, 288, 8, 8, 1.000000f, 0, 2 },
		{ 0x00a7, 28, 120, 304, 8, 8, 1.000000f, 0, 6 },
		{ 0x00a8, 28, 48, 296, 8, 8, 1.000000f, 0, 4 },
		{ 0x00a9, 28, 104, 112, 8, 8, 1.000000f, 0, 8 },
		{ 0x00aa, 26, 48, 80, 8, 8, 1.000000f, 0, 5 },
		{ 0x00ab, 26, 112, 80, 8, 8, 1.000000f, 0, 7 },
		{ 0x00ac, 26, 80, 80, 8, 8, 1.000000f, 0, 6 },
		{ 0x00ad, 28, 16, 0, 8, 8, 1.000000f, 0, 4 },
		{ 0x00ae, 28, 112, 112, 8, 8, 1.000000f, 0, 8 },
		{ 0x00af, 28, 72, 216, 8, 8, 1.000000f, 0, 6 },
		{ 0x00b0, 26, 64, 120, 8, 8, 1.000000f, 0, 5 },
		{ 0x00b1, 26, 8, 120, 8, 8, 1.000000f, 0, 6 },
		{ 0x00b2, 26, 104, 120, 8, 8, 1.000000f, 0, 5 },
		{ 0x00b3, 28, 16, 88, 8, 8, 1.000000f, 0, 5 },
		{ 0x00b4, 28, 40, 296, 8, 8, 1.000000f, 0, 3 },
		{ 0x00b5, 28, 120, 112, 8, 8, 1.000000f, 0, 6 },
		{ 0x00b6, 28, 0, 120, 8, 8, 1.000000f, 0, 7 },
		{ 0x00b7, 28, 24, 0, 8, 8, 1.000000f, 0, 2 },
		{ 0x00b9, 28, 8, 88, 8, 8, 1.000000f, 0, 4 },
		{ 0x00ba, 26, 56, 80, 8, 8, 1.000000f, 0, 5 },
		{ 0x00bb, 26, 120, 80, 8, 8, 1.000000f, 0, 7 },
		{ 0x00bc, 28, 8, 120, 8, 8, 1.000000f, 0, 8 },
		{ 0x00bd, 28, 16, 120, 8, 8, 1.000000f, 0, 8 },
		{ 0x00be, 28, 24, 120, 8, 8, 1.000000f, 0, 8 },
		{ 0x00bf, 28, 48, 0, 8, 8, 1.000000f, 0, 6 },
		{ 0x00c0, 27, 0, 0, 9, 12, 1.000000f, -3, 6 },
		{ 0x00c1, 27, 9, 0, 9, 12, 1.000000f, -3, 6 },
		{ 0x00c2, 27, 18, 0, 9, 12, 1.000000f, -3, 6 },
		{ 0x00c3, 27, 27, 0, 9, 12, 1.000000f, -3, 6 },
		{ 0x00c4, 27, 36, 0, 9, 12, 1.000000f, -3, 6 },
		{ 0x00c5, 27, 45, 0, 9, 12, 1.000000f, -3, 6 },
		{ 0x00c6, 27, 54, 0, 9, 12, 1.000000f, -3, 10 },
		{ 0x00c7, 27, 63, 0, 9, 12, 1.000000f, -3, 6 },
		{ 0x00c8, 27, 72, 0, 9, 12, 1.000000f, -3, 6 },
		{ 0x00c9, 27, 81, 0, 9, 12, 1.000000f, -3, 6 },
		{ 0x00ca, 27, 90, 0, 9, 12, 1.000000f, -3, 6 },
		{ 0x00cb, 27, 99, 0, 9, 12, 1.000000f, -3, 6 },
		{ 0x00cc, 27, 108, 0, 9, 12, 1.000000f, -3, 4 },
		{ 0x00cd, 27, 117, 0, 9, 12, 1.000000f, -3, 4 },
		{ 0x00ce, 27, 126, 0, 9, 12, 1.000000f, -3, 4 },
		{ 0x00cf, 27, 135, 0, 9, 12, 1.000000f, -3, 4 },
		{ 0x00d0, 27, 0, 12, 9, 12, 1.000000f, -3, 7 },
		{ 0x00d1, 27, 9, 12, 9, 12, 1.000000f, -3, 6 },
		{ 0x00d2, 27, 18, 12, 9, 12, 1.000000f, -3, 6 },
		{ 0x00d3, 27, 27, 12, 9, 12, 1.000000f, -3, 6 },
		{ 0x00d4, 27, 36, 12, 9, 12, 1.000000f, -3, 6 },
		{ 0x00d5, 27, 45, 12, 9, 12, 1.000000f, -3, 6 },
		{ 0x00d6, 27, 54, 12, 9, 12, 1.000000f, -3, 6 },
		{ 0x00d7, 28, 56, 0, 8, 8, 1.000000f, 0, 6 },
		{ 0x00d8, 28, 64, 0, 8, 8, 1.000000f, 0, 6 },
		{ 0x00d9, 27, 63, 12, 9, 12, 1.000000f, -3, 6 },
		{ 0x00da, 27, 72, 12, 9, 12, 1.000000f, -3, 6 },
		{ 0x00db, 27, 81, 12, 9, 12, 1.000000f, -3, 6 },
		{ 0x00dc, 27, 90, 12, 9, 12, 1.000000f, -3, 6 },
		{ 0x00dd, 27, 99, 12, 9, 12, 1.000000f, -3, 6 },
		{ 0x00de, 28, 72, 0, 8, 8, 1.000000f, 0, 6 },
		{ 0x00df, 28, 48, 80, 8, 8, 1.000000f, 0, 6 },
		{ 0x00e0, 27, 108, 12, 9, 12, 1.000000f, -3, 6 },
		{ 0x00e1, 27, 117, 12, 9, 12, 1.000000f, -3, 6 },
		{ 0x00e2, 27, 126, 12, 9, 12, 1.000000f, -3, 6 },
		{ 0x00e3, 27, 135, 12, 9, 12, 1.000000f, -3, 6 },
		{ 0x00e4, 27, 0, 24, 9, 12, 1.000000f, -3, 6 },
		{ 0x00e5, 27, 9, 24, 9, 12, 1.000000f, -3, 6 },
		{ 0x00e6, 27, 18, 24, 9, 12, 1.000000f, -3, 10 },
		{ 0x00e7, 27, 27, 24, 9, 12, 1.000000f, -3, 6 },
		{ 0x00e8, 27, 108, 180, 9, 12, 1.000000f, -3, 6 },
		{ 0x00e9, 27, 117, 180, 9, 12, 1.000000f, -3, 6 },
		{ 0x00ea, 27, 126, 180, 9, 12, 1.000000f, -3, 6 },
		{ 0x00eb, 27, 135, 180, 9, 12, 1.000000f, -3, 6 },
		{ 0x00ec, 27, 36, 24, 9, 12, 1.000000f, -3, 3 },
		{ 0x00ed, 27, 45, 24, 9, 12, 1.000000f, -3, 3 },
		{ 0x00ee, 27, 54, 24, 9, 12, 1.000000f, -3, 4 },
		{ 0x00ef, 27, 63, 24, 9, 12, 1.000000f, -3, 4 },
		{ 0x00f0, 28, 88, 0, 8, 8, 1.000000f, 0, 6 },
		{ 0x00f1, 27, 72, 24, 9, 12, 1.000000f, -3, 6 },
		{ 0x00f2, 27, 81, 24, 9, 12, 1.000000f, -3, 6 },
		{ 0x00f3, 27, 90, 24, 9, 12, 1.000000f, -3, 6 },
		{ 0x00f4, 27, 99, 24, 9, 12, 1.000000f, -3, 6 },
		{ 0x00f5, 27, 108, 24, 9, 12, 1.000000f, -3, 6 },
		{ 0x00f6, 27, 117, 24, 9, 12, 1.000000f, -3, 6 },
		{ 0x00f7, 26, 48, 120, 8, 8, 1.000000f, 0, 6 },
		{ 0x00f8, 28, 96, 0, 8, 8, 1.000000f, 0, 6 },
		{ 0x00f9, 27, 126, 24, 9, 12, 1.000000f, -3, 6 },
		{ 0x00fa, 27, 135, 24, 9, 12, 1.000000f, -3, 6 },
		{ 0x00fb, 27, 0, 36, 9, 12, 1.000000f, -3, 6 },
		{ 0x00fc, 27, 9, 36, 9, 12, 1.000000f, -3, 6 },
		{ 0x00fd, 27, 18, 36, 9, 12, 1.000000f, -3, 6 },
		{ 0x00fe, 28, 104, 0, 8, 8, 1.000000f, 0, 6 },
		{ 0x00ff, 27, 27, 36, 9, 12, 1.000000f, -3, 6 },
		{ 0x0100, 27, 36, 36, 9, 12, 1.000000f, -3, 6 },
		{ 0x0101, 27, 45, 36, 9, 12, 1.000000f, -3, 6 },
		{ 0x0102, 27, 54, 36, 9, 12, 1.000000f, -3, 6 },
		{ 0x0103, 27, 63, 36, 9, 12, 1.000000f, -3, 6 },
		{ 0x0104, 27, 72, 36, 9, 12, 1.000000f, -3, 6 },
		{ 0x0105, 27, 81, 36, 9, 12, 1.000000f, -3, 6 },
		{ 0x0106, 27, 90, 36, 9, 12, 1.000000f, -3, 6 },
		{ 0x0107, 27, 99, 36, 9, 12, 1.000000f, -3, 6 },
		{ 0x0108, 27, 108, 36, 9, 12, 1.000000f, -3, 6 },
		{ 0x0109, 27, 117, 36, 9, 12, 1.000000f, -3, 6 },
		{ 0x010a, 27, 126, 36, 9, 12, 1.000000f, -3, 6 },
		{ 0x010b, 27, 135, 36, 9, 12, 1.000000f, -3, 6 },
		{ 0x010c, 27, 0, 48, 9, 12, 1.000000f, -3, 6 },
		{ 0x010d, 27, 9, 48, 9, 12, 1.000000f, -3, 6 },
		{ 0x010e, 27, 18, 48, 9, 12, 1.000000f, -3, 6 },
		{ 0x010f, 27, 27, 48, 9, 12, 1.000000f, -3, 8 },
		{ 0x0110, 27, 36, 48, 9, 12, 1.000000f, -3, 7 },
		{ 0x0111, 27, 45, 48, 9, 12, 1.000000f, -3, 7 },
		{ 0x0112, 27, 54, 48, 9, 12, 1.000000f, -3, 6 },
		{ 0x0113, 27, 63, 48, 9, 12, 1.000000f, -3, 6 },
		{ 0x0114, 27, 72, 48, 9, 12, 1.000000f, -3, 6 },
		{ 0x0115, 27, 81, 48, 9, 12, 1.000000f, -3, 6 },
		{ 0x0116, 27, 90, 48, 9, 12, 1.000000f, -3, 6 },
		{ 0x0117, 27, 99, 48, 9, 12, 1.000000f, -3, 6 },
		{ 0x0118, 27, 108, 48, 9, 12, 1.000000f, -3, 6 },
		{ 0x0119, 27, 117, 48, 9, 12, 1.000000f, -3, 6 },
		{ 0x011a, 27, 126, 48, 9, 12, 1.000000f, -3, 6 },
		{ 0x011b, 27, 135, 48, 9, 12, 1.000000f, -3, 6 },
		{ 0x011c, 27, 0, 60, 9, 12, 1.000000f, -3, 6 },
		{ 0x011d, 27, 9, 60, 9, 12, 1.000000f, -3, 6 },
		{ 0x011e, 27, 36, 60, 9, 12, 1.000000f, -3, 6 },
		{ 0x011f, 27, 45, 60, 9, 12, 1.000000f, -3, 6 },
		{ 0x0120, 27, 54, 60, 9, 12, 1.000000f, -3, 6 },
		{ 0x0121, 27, 63, 60, 9, 12, 1.000000f, -3, 6 },
		{ 0x0122, 27, 72, 60, 9, 12, 1.000000f, -3, 6 },
		{ 0x0123, 27, 81, 60, 9, 12, 1.000000f, -3, 6 },
		{ 0x0124, 27, 90, 60, 9, 12, 1.000000f, -3, 6 },
		{ 0x0125, 27, 99, 60, 9, 12, 1.000000f, -3, 6 },
		{ 0x0126, 27, 108, 60, 9, 12, 1.000000f, -3, 8 },
		{ 0x0127, 27, 117, 60, 9, 12, 1.000000f, -3, 7 },
		{ 0x0128, 27, 126, 60, 9, 12, 1.000000f, -3, 5 },
		{ 0x0129, 27, 135, 60, 9, 12, 1.000000f, -3, 5 },
		{ 0x012a, 27, 0, 72, 9, 12, 1.000000f, -3, 4 },
		{ 0x012b, 27, 9, 72, 9, 12, 1.000000f, -3, 4 },
		{ 0x012c, 27, 18, 72, 9, 12, 1.000000f, -3, 5 },
		{ 0x012d, 27, 27, 72, 9, 12, 1.000000f, -3, 5 },
		{ 0x012e, 27, 36, 72, 9, 12, 1.000000f, -3, 4 },
		{ 0x012f, 27, 45, 72, 9, 12, 1.000000f, -3, 3 },
		{ 0x0130, 27, 54, 72, 9, 12, 1.000000f, -3, 4 },
		{ 0x0131, 27, 63, 72, 9, 12, 1.000000f, -3, 2 },
		{ 0x0132, 28, 16, 240, 8, 8, 1.000000f, 0, 6 },
		{ 0x0133, 28, 24, 240, 8, 8, 1.000000f, 0, 5 },
		{ 0x0134, 27, 72, 72, 9, 12, 1.000000f, -3, 6 },
		{ 0x0135, 27, 81, 72, 9, 12, 1.000000f, -3, 6 },
		{ 0x0136, 27, 90, 72, 9, 12, 1.000000f, -3, 6 },
		{ 0x0137, 27, 99, 72, 9, 12, 1.000000f, -3, 5 },
		{ 0x0138, 28, 32, 80, 8, 8, 1.000000f, 0, 5 },
		{ 0x0139, 27, 108, 72, 9, 12, 1.000000f, -3, 6 },
		{ 0x013a, 27, 117, 72, 9, 12, 1.000000f, -3, 3 },
		{ 0x013b, 27, 126, 72, 9, 12, 1.000000f, -3, 6 },
		{ 0x013c, 27, 135, 72, 9, 12, 1.000000f, -3, 3 },
		{ 0x013d, 27, 0, 84, 9, 12, 1.000000f, -3, 6 },
		{ 0x013e, 27, 9, 84, 9, 12, 1.000000f, -3, 4 },
		{ 0x013f, 27, 18, 84, 9, 12, 1.000000f, -3, 6 },
		{ 0x0140, 27, 27, 84, 9, 12, 1.000000f, -3, 4 },
		{ 0x0141, 27, 36, 84, 9, 12, 1.000000f, -3, 7 },
		{ 0x0142, 27, 45, 84, 9, 12, 1.000000f, -3, 5 },
		{ 0x0143, 27, 54, 84, 9, 12, 1.000000f, -3, 6 },
		{ 0x0144, 27, 63, 84, 9, 12, 1.000000f, -3, 6 },
		{ 0x0145, 27, 72, 84, 9, 12, 1.000000f, -3, 6 },
		{ 0x0146, 27, 81, 84, 9, 12, 1.000000f, -3, 6 },
		{ 0x0147, 27, 90, 84, 9, 12, 1.000000f, -3, 6 },
		{ 0x0148, 27, 99, 84, 9, 12, 1.000000f, -3, 6 },
		{ 0x0149, 27, 0, 192, 9, 12, 1.000000f, -3, 8 },
		{ 0x014a, 27, 108, 84, 9, 12, 1.000000f, -3, 6 },
		{ 0x014b, 27, 117, 84, 9, 12, 1.000000f, -3, 6 },
		{ 0x014c, 27, 126, 84, 9, 12, 1.000000f, -3, 6 },
		{ 0x014d, 27, 135, 84, 9, 12, 1.000000f, -3, 6 },
		{ 0x014e, 27, 0, 96, 9, 12, 1.000000f, -3, 6 },
		{ 0x014f, 27, 9, 96, 9, 12, 1.000000f, -3, 6 },
		{ 0x0150, 27, 18, 96, 9, 12, 1.000000f, -3, 6 },
		{ 0x0151, 27, 27, 96, 9, 12, 1.000000f, -3, 6 },
		{ 0x0152, 27, 36, 96, 9, 12, 1.000000f, -3, 10 },
		{ 0x0153, 27, 45, 96, 9, 12, 1.000000f, -3, 10 },
		{ 0x0154, 27, 54, 96, 9, 12, 1.000000f, -3, 6 },
		{ 0x0155, 27, 63, 96, 9, 12, 1.000000f, -3, 6 },
		{ 0x0156, 27, 72, 96, 9, 12, 1.000000f, -3, 6 },
		{ 0x0157, 27, 81, 96, 9, 12, 1.000000f, -3, 6 },
		{ 0x0158, 27, 90, 96, 9, 12, 1.000000f, -3, 6 },
		{ 0x0159, 27, 99, 96, 9, 12, 1.000000f, -3, 6 },
		{ 0x015a, 27, 108, 96, 9, 12, 1.000000f, -3, 6 },
		{ 0x015b, 27, 117, 96, 9, 12, 1.000000f, -3, 6 },
		{ 0x015c, 27, 126, 96, 9, 12, 1.000000f, -3, 6 },
		{ 0x015d, 27, 135, 96, 9, 12, 1.000000f, -3, 6 },
		{ 0x015e, 27, 0, 108, 9, 12, 1.000000f, -3, 6 },
		{ 0x015f, 27, 9, 108, 9, 12, 1.000000f, -3, 6 },
		{ 0x0160, 27, 18, 108, 9, 12, 1.000000f, -3, 6 },
		{ 0x0161, 27, 27, 108, 9, 12, 1.000000f, -3, 6 },
		{ 0x0162, 27, 36, 108, 9, 12, 1.000000f, -3, 6 },
		{ 0x0163, 27, 45, 108, 9, 12, 1.000000f, -3, 4 },
		{ 0x0164, 27, 54, 108, 9, 12, 1.000000f, -3, 6 },
		{ 0x0165, 27, 63, 108, 9, 12, 1.000000f, -3, 5 },
		{ 0x0166, 27, 72, 108, 9, 12, 1.000000f, -3, 6 },
		{ 0x0167, 27, 81, 108, 9, 12, 1.000000f, -3, 4 },
		{ 0x0168, 27, 90, 108, 9, 12, 1.000000f, -3, 6 },
		{ 0x0169, 27, 99, 108, 9, 12, 1.000000f, -3, 6 },
		{ 0x016a, 27, 108, 108, 9, 12, 1.000000f, -3, 6 },
		{ 0x016b, 27, 117, 108, 9, 12, 1.000000f, -3, 6 },
		{ 0x016c, 27, 126, 108, 9, 12, 1.000000f, -3, 6 },
		{ 0x016d, 27, 135, 108, 9, 12, 1.000000f, -3, 6 },
		{ 0x016e, 27, 0, 120, 9, 12, 1.000000f, -3, 6 },
		{ 0x016f, 27, 9, 120, 9, 12, 1.000000f, -3, 6 },
		{ 0x0170, 27, 18, 120, 9, 12, 1.000000f, -3, 6 },
		{ 0x0171, 27, 27, 120, 9, 12, 1.000000f, -3, 6 },
		{ 0x0172, 27, 36, 120, 9, 12, 1.000000f, -3, 6 },
		{ 0x0173, 27, 45, 120, 9, 12, 1.000000f, -3, 6 },
		{ 0x0174, 27, 54, 120, 9, 12, 1.000000f, -3, 6 },
		{ 0x0175, 27, 63, 120, 9, 12, 1.000000f, -3, 6 },
		{ 0x0176, 27, 72, 120, 9, 12, 1.000000f, -3, 6 },
		{ 0x0177, 27, 81, 120, 9, 12, 1.000000f, -3, 6 },
		{ 0x0178, 27, 90, 120, 9, 12, 1.000000f, -3, 6 },
		{ 0x0179, 27, 99, 120, 9, 12, 1.000000f, -3, 6 },
		{ 0x017a, 27, 108, 120, 9, 12, 1.000000f, -3, 6 },
		{ 0x017b, 27, 117, 120, 9, 12, 1.000000f, -3, 6 },
		{ 0x017c, 27, 126, 120, 9, 12, 1.000000f, -3, 6 },
		{ 0x017d, 27, 135, 120, 9, 12, 1.000000f, -3, 6 },
		{ 0x017e, 27, 0, 132, 9, 12, 1.000000f, -3, 6 },
		{ 0x017f, 28, 80, 216, 8, 8, 1.000000f, 0, 4 },
		{ 0x0180, 27, 135, 528, 9, 12, 1.000000f, -3, 7 },
		{ 0x0181, 28, 96, 328, 8, 8, 1.000000f, 0, 8 },
		{ 0x0182, 27, 0, 540, 9, 12, 1.000000f, -3, 6 },
		{ 0x0183, 27, 9, 540, 9, 12, 1.000000f, -3, 6 },
		{ 0x0184, 28, 0, 464, 8, 8, 1.000000f, 0, 7 },
		{ 0x0185, 28, 8, 464, 8, 8, 1.000000f, 0, 7 },
		{ 0x0186, 28, 32, 160, 8, 8, 1.000000f, 0, 6 },
		{ 0x0187, 27, 18, 540, 9, 12, 1.000000f, -3, 7 },
		{ 0x0188, 27, 27, 540, 9, 12, 1.000000f, -3, 7 },
		{ 0x0189, 28, 104, 328, 8, 8, 1.000000f, 0, 7 },
		{ 0x018a, 27, 36, 540, 9, 12, 1.000000f, -3, 8 },
		{ 0x018b, 27, 45, 540, 9, 12, 1.000000f, -3, 6 },
		{ 0x018c, 27, 54, 540, 9, 12, 1.000000f, -3, 6 },
		{ 0x018d, 27, 108, 852, 9, 12, 1.000000f, -3, 6 },
		{ 0x018e, 28, 48, 160, 8, 8, 1.000000f, 0, 6 },
		{ 0x018f, 28, 72, 72, 8, 8, 1.000000f, 0, 6 },
		{ 0x0190, 28, 112, 152, 8, 8, 1.000000f, 0, 6 },
		{ 0x0191, 28, 112, 328, 8, 8, 1.000000f, 0, 7 },
		{ 0x0192, 26, 120, 72, 8, 8, 1.000000f, 0, 6 },
		{ 0x0193, 27, 63, 540, 9, 12, 1.000000f, -3, 7 },
		{ 0x0194, 27, 9, 204, 9, 12, 1.000000f, -3, 6 },
		{ 0x0195, 27, 81, 276, 9, 12, 1.000000f, -3, 9 },
		{ 0x0196, 27, 99, 540, 9, 12, 1.000000f, -3, 4 },
		{ 0x0197, 27, 90, 540, 9, 12, 1.000000f, -3, 4 },
		{ 0x0198, 27, 117, 540, 9, 12, 1.000000f, -3, 6 },
		{ 0x0199, 27, 126, 540, 9, 12, 1.000000f, -3, 5 },
		{ 0x019a, 28, 32, 464, 8, 8, 1.000000f, 0, 4 },
		{ 0x019b, 28, 40, 464, 8, 8, 1.000000f, 0, 6 },
		{ 0x019c, 27, 90, 552, 9, 12, 1.000000f, -3, 6 },
		{ 0x019d, 27, 135, 540, 9, 12, 1.000000f, -3, 7 },
		{ 0x019e, 28, 56, 464, 8, 8, 1.000000f, 0, 6 },
		{ 0x019f, 28, 64, 464, 8, 8, 1.000000f, 0, 6 },
		{ 0x01a0, 27, 36, 228, 9, 12, 1.000000f, -3, 8 },
		{ 0x01a1, 27, 45, 228, 9, 12, 1.000000f, -3, 8 },
		{ 0x01a2, 27, 135, 552, 9, 12, 1.000000f, -3, 8 },
		{ 0x01a3, 27, 0, 564, 9, 12, 1.000000f, -3, 8 },
		{ 0x01a4, 27, 0, 552, 9, 12, 1.000000f, -3, 8 },
		{ 0x01a5, 27, 9, 552, 9, 12, 1.000000f, -3, 6 },
		{ 0x01a6, 27, 27, 552, 9, 12, 1.000000f, -3, 6 },
		{ 0x01a7, 28, 72, 464, 8, 8, 1.000000f, 0, 6 },
		{ 0x01a8, 28, 80, 464, 8, 8, 1.000000f, 0, 6 },
		{ 0x01a9, 28, 120, 328, 8, 8, 1.000000f, 0, 6 },
		{ 0x01aa, 28, 88, 464, 8, 8, 1.000000f, 0, 6 },
		{ 0x01ab, 27, 54, 552, 9, 12, 1.000000f, -3, 4 },
		{ 0x01ac, 27, 36, 552, 9, 12, 1.000000f, -3, 7 },
		{ 0x01ad, 27, 45, 552, 9, 12, 1.000000f, -3, 4 },
		{ 0x01ae, 27, 63, 552, 9, 12, 1.000000f, -3, 6 },
		{ 0x01af, 27, 54, 228, 9, 12, 1.000000f, -3, 8 },
		{ 0x01b0, 27, 63, 228, 9, 12, 1.000000f, -3, 8 },
		{ 0x01b1, 27, 81, 552, 9, 12, 1.000000f, -3, 6 },
		{ 0x01b2, 28, 0, 336, 8, 8, 1.000000f, 0, 6 },
		{ 0x01b3, 27, 99, 552, 9, 12, 1.000000f, -3, 7 },
		{ 0x01b4, 27, 108, 552, 9, 12, 1.000000f, -3, 8 },
		{ 0x01b5, 27, 117, 552, 9, 12, 1.000000f, -3, 6 },
		{ 0x01b6, 27, 126, 552, 9, 12, 1.000000f, -3, 6 },
		{ 0x01b7, 28, 88, 216, 8, 8, 1.000000f, 0, 6 },
		{ 0x01b8, 28, 96, 464, 8, 8, 1.000000f, 0, 6 },
		{ 0x01b9, 28, 104, 464, 8, 8, 1.000000f, 0, 6 },
		{ 0x01ba, 27, 117, 852, 9, 12, 1.000000f, -3, 6 },
		{ 0x01bb, 28, 112, 464, 8, 8, 1.000000f, 0, 6 },
		{ 0x01bc, 28, 120, 464, 8, 8, 1.000000f, 0, 6 },
		{ 0x01bd, 28, 0, 472, 8, 8, 1.000000f, 0, 6 },
		{ 0x01be, 28, 8, 472, 8, 8, 1.000000f, 0, 6 },
		{ 0x01bf, 28, 112, 216, 8, 8, 1.000000f, 0, 6 },
		{ 0x01c0, 28, 32, 320, 8, 8, 1.000000f, 0, 2 },
		{ 0x01c1, 28, 56, 320, 8, 8, 1.000000f, 0, 4 },
		{ 0x01c2, 28, 48, 320, 8, 8, 1.000000f, 0, 6 },
		{ 0x01c3, 28, 40, 320, 8, 8, 1.000000f, 0, 2 },
		{ 0x01c4, 27, 72, 204, 9, 12, 1.000000f, -3, 10 },
		{ 0x01c5, 27, 81, 204, 9, 12, 1.000000f, -3, 10 },
		{ 0x01c6, 27, 90, 204, 9, 12, 1.000000f, -3, 10 },
		{ 0x01c7, 27, 99, 204, 9, 12, 1.000000f, -3, 10 },
		{ 0x01c8, 27, 108, 204, 9, 12, 1.000000f, -3, 10 },
		{ 0x01c9, 28, 32, 240, 8, 8, 1.000000f, 0, 8 },
		{ 0x01ca, 27, 117, 204, 9, 12, 1.000000f, -3, 10 },
		{ 0x01cb, 27, 126, 204, 9, 12, 1.000000f, -3, 10 },
		{ 0x01cc, 27, 135, 204, 9, 12, 1.000000f, -3, 10 },
		{ 0x01cd, 27, 27, 360, 9, 12, 1.000000f, -3, 6 },
		{ 0x01ce, 27, 36, 360, 9, 12, 1.000000f, -3, 6 },
		{ 0x01cf, 27, 27, 408, 9, 12, 1.000000f, -3, 4 },
		{ 0x01d0, 27, 36, 408, 9, 12, 1.000000f, -3, 4 },
		{ 0x01d1, 27, 90, 444, 9, 12, 1.000000f, -3, 6 },
		{ 0x01d2, 27, 99, 444, 9, 12, 1.000000f, -3, 6 },
		{ 0x01d3, 27, 99, 480, 9, 12, 1.000000f, -3, 6 },
		{ 0x01d4, 27, 108, 480, 9, 12, 1.000000f, -3, 6 },
		{ 0x01d5, 27, 117, 480, 9, 12, 1.000000f, -3, 6 },
		{ 0x01d6, 27, 126, 480, 9, 12, 1.000000f, -3, 6 },
		{ 0x01d7, 27, 135, 480, 9, 12, 1.000000f, -3, 6 },
		{ 0x01d8, 27, 0, 492, 9, 12, 1.000000f, -3, 6 },
		{ 0x01d9, 27, 9, 492, 9, 12, 1.000000f, -3, 6 },
		{ 0x01da, 27, 18, 492, 9, 12, 1.000000f, -3, 6 },
		{ 0x01db, 27, 27, 492, 9, 12, 1.000000f, -3, 6 },
		{ 0x01dc, 27, 36, 492, 9, 12, 1.000000f, -3, 6 },
		{ 0x01dd, 28, 32, 168, 8, 8, 1.000000f, 0, 6 },
		{ 0x01de, 27, 45, 360, 9, 12, 1.000000f, -3, 6 },
		{ 0x01df, 27, 54, 360, 9, 12, 1.000000f, -3, 6 },
		{ 0x01e0, 27, 117, 360, 9, 12, 1.000000f, -3, 6 },
		{ 0x01e1, 27, 126, 360, 9, 12, 1.000000f, -3, 6 },
		{ 0x01e2, 27, 63, 516, 9, 12, 1.000000f, -3, 10 },
		{ 0x01e3, 27, 72, 516, 9, 12, 1.000000f, -3, 10 },
		{ 0x01e4, 27, 72, 540, 9, 12, 1.000000f, -3, 7 },
		{ 0x01e5, 27, 81, 540, 9, 12, 1.000000f, -3, 7 },
		{ 0x01e6, 27, 36, 396, 9, 12, 1.000000f, -3, 6 },
		{ 0x01e7, 27, 9, 192, 9, 12, 1.000000f, -3, 6 },
		{ 0x01e8, 27, 99, 408, 9, 12, 1.000000f, -3, 6 },
		{ 0x01e9, 27, 108, 408, 9, 12, 1.000000f, -3, 5 },
		{ 0x01ea, 27, 18, 456, 9, 12, 1.000000f, -3, 6 },
		{ 0x01eb, 27, 18, 192, 9, 12, 1.000000f, -3, 6 },
		{ 0x01ec, 27, 90, 432, 9, 12, 1.000000f, -3, 6 },
		{ 0x01ed, 27, 99, 432, 9, 12, 1.000000f, -3, 6 },
		{ 0x01ee, 27, 18, 516, 9, 12, 1.000000f, -3, 6 },
		{ 0x01ef, 27, 27, 516, 9, 12, 1.000000f, -3, 6 },
		{ 0x01f0, 27, 81, 408, 9, 12, 1.000000f, -3, 6 },
		{ 0x01f1, 27, 45, 204, 9, 12, 1.000000f, -3, 10 },
		{ 0x01f2, 27, 54, 204, 9, 12, 1.000000f, -3, 10 },
		{ 0x01f3, 27, 63, 204, 9, 12, 1.000000f, -3, 10 },
		{ 0x01f4, 27, 18, 396, 9, 12, 1.000000f, -3, 6 },
		{ 0x01f5, 27, 27, 396, 9, 12, 1.000000f, -3, 6 },
		{ 0x01f6, 27, 36, 300, 9, 12, 1.000000f, -3, 9 },
		{ 0x01f7, 28, 104, 216, 8, 8, 1.000000f, 0, 6 },
		{ 0x01f8, 27, 45, 432, 9, 12, 1.000000f, -3, 6 },
		{ 0x01f9, 27, 54, 432, 9, 12, 1.000000f, -3, 6 },
		{ 0x01fa, 27, 63, 360, 9, 12, 1.000000f, -3, 6 },
		{ 0x01fb, 27, 72, 360, 9, 12, 1.000000f, -3, 6 },
		{ 0x01fc, 27, 9, 132, 9, 12, 1.000000f, -3, 10 },
		{ 0x01fd, 27, 18, 132, 9, 12, 1.000000f, -3, 10 },
		{ 0x01fe, 27, 27, 132, 9, 12, 1.000000f, -3, 6 },
		{ 0x01ff, 27, 36, 132, 9, 12, 1.000000f, -3, 6 },
		{ 0x0200, 27, 9, 372, 9, 12, 1.000000f, -3, 6 },
		{ 0x0201, 27, 18, 372, 9, 12, 1.000000f, -3, 6 },
		{ 0x0202, 27, 81, 360, 9, 12, 1.000000f, -3, 6 },
		{ 0x0203, 27, 90, 360, 9, 12, 1.000000f, -3, 6 },
		{ 0x0204, 27, 126, 384, 9, 12, 1.000000f, -3, 6 },
		{ 0x0205, 27, 135, 384, 9, 12, 1.000000f, -3, 6 },
		{ 0x0206, 27, 0, 396, 9, 12, 1.000000f, -3, 6 },
		{ 0x0207, 27, 0, 204, 9, 12, 1.000000f, -3, 6 },
		{ 0x0208, 27, 45, 408, 9, 12, 1.000000f, -3, 6 },
		{ 0x0209, 27, 54, 408, 9, 12, 1.000000f, -3, 6 },
		{ 0x020a, 27, 9, 408, 9, 12, 1.000000f, -3, 5 },
		{ 0x020b, 27, 18, 408, 9, 12, 1.000000f, -3, 5 },
		{ 0x020c, 27, 0, 456, 9, 12, 1.000000f, -3, 6 },
		{ 0x020d, 27, 9, 456, 9, 12, 1.000000f, -3, 6 },
		{ 0x020e, 27, 54, 444, 9, 12, 1.000000f, -3, 6 },
		{ 0x020f, 27, 63, 444, 9, 12, 1.000000f, -3, 6 },
		{ 0x0210, 27, 126, 456, 9, 12, 1.000000f, -3, 6 },
		{ 0x0211, 27, 135, 456, 9, 12, 1.000000f, -3, 6 },
		{ 0x0212, 27, 54, 456, 9, 12, 1.000000f, -3, 6 },
		{ 0x0213, 27, 63, 456, 9, 12, 1.000000f, -3, 6 },
		{ 0x0214, 27, 63, 492, 9, 12, 1.000000f, -3, 6 },
		{ 0x0215, 27, 72, 492, 9, 12, 1.000000f, -3, 6 },
		{ 0x0216, 27, 81, 492, 9, 12, 1.000000f, -3, 6 },
		{ 0x0217, 27, 72, 552, 9, 12, 1.000000f, -3, 6 },
		{ 0x0218, 27, 45, 132, 9, 12, 1.000000f, -3, 6 },
		{ 0x0219, 27, 54, 132, 9, 12, 1.000000f, -3, 6 },
		{ 0x021a, 27, 63, 132, 9, 12, 1.000000f, -3, 6 },
		{ 0x021b, 27, 72, 132, 9, 12, 1.000000f, -3, 4 },
		{ 0x021c, 28, 120, 216, 8, 8, 1.000000f, 0, 6 },
		{ 0x021d, 28, 0, 224, 8, 8, 1.000000f, 0, 6 },
		{ 0x021e, 27, 99, 396, 9, 12, 1.000000f, -3, 6 },
		{ 0x021f, 27, 108, 396, 9, 12, 1.000000f, -3, 6 },
		{ 0x0220, 28, 48, 464, 8, 8, 1.000000f, 0, 6 },
		{ 0x0221, 28, 16, 472, 8, 8, 1.000000f, 0, 8 },
		{ 0x0222, 27, 9, 564, 9, 12, 1.000000f, -3, 6 },
		{ 0x0223, 27, 18, 564, 9, 12, 1.000000f, -3, 6 },
		{ 0x0224, 28, 8, 224, 8, 8, 1.000000f, 0, 6 },
		{ 0x0225, 28, 16, 224, 8, 8, 1.000000f, 0, 6 },
		{ 0x0226, 27, 99, 360, 9, 12, 1.000000f, -3, 6 },
		{ 0x0227, 27, 108, 360, 9, 12, 1.000000f, -3, 6 },
		{ 0x0228, 27, 90, 384, 9, 12, 1.000000f, -3, 6 },
		{ 0x0229, 27, 99, 384, 9, 12, 1.000000f, -3, 6 },
		{ 0x022a, 27, 72, 444, 9, 12, 1.000000f, -3, 6 },
		{ 0x022b, 27, 81, 444, 9, 12, 1.000000f, -3, 6 },
		{ 0x022c, 27, 108, 432, 9, 12, 1.000000f, -3, 6 },
		{ 0x022d, 27, 117, 432, 9, 12, 1.000000f, -3, 6 },
		{ 0x022e, 27, 108, 444, 9, 12, 1.000000f, -3, 6 },
		{ 0x022f, 27, 117, 444, 9, 12, 1.000000f, -3, 6 },
		{ 0x0230, 27, 126, 444, 9, 12, 1.000000f, -3, 6 },
		{ 0x0231, 27, 135, 444, 9, 12, 1.000000f, -3, 6 },
		{ 0x0232, 27, 63, 504, 9, 12, 1.000000f, -3, 6 },
		{ 0x0233, 27, 72, 504, 9, 12, 1.000000f, -3, 6 },
		{ 0x0234, 28, 24, 472, 8, 8, 1.000000f, 0, 4 },
		{ 0x0235, 28, 32, 472, 8, 8, 1.000000f, 0, 8 },
		{ 0x0236, 28, 40, 472, 8, 8, 1.000000f, 0, 5 },
		{ 0x0237, 27, 90, 408, 9, 12, 1.000000f, -3, 6 },
		{ 0x0238, 27, 126, 516, 9, 12, 1.000000f, -3, 10 },
		{ 0x0239, 27, 45, 528, 9, 12, 1.000000f, -3, 10 },
		{ 0x023a, 28, 48, 472, 8, 8, 1.000000f, 0, 6 },
		{ 0x023b, 28, 64, 472, 8, 8, 1.000000f, 0, 6 },
		{ 0x023c, 28, 72, 472, 8, 8, 1.000000f, 0, 6 },
		{ 0x023d, 28, 24, 464, 8, 8, 1.000000f, 0, 7 },
		{ 0x023e, 28, 96, 472, 8, 8, 1.000000f, 0, 6 },
		{ 0x023f, 27, 135, 852, 9, 12, 1.000000f, -3, 6 },
		{ 0x0240, 27, 9, 864, 9, 12, 1.000000f, -3, 6 },
		{ 0x0241, 28, 112, 472, 8, 8, 1.000000f, 0, 6 },
		{ 0x0242, 28, 120, 472, 8, 8, 1.000000f, 0, 6 },
		{ 0x0243, 28, 0, 480, 8, 8, 1.000000f, 0, 7 },
		{ 0x0244, 28, 8, 480, 8, 8, 1.000000f, 0, 8 },
		{ 0x0245, 28, 0, 168, 8, 8, 1.000000f, 0, 6 },
		{ 0x0246, 28, 80, 472, 8, 8, 1.000000f, 0, 6 },
		{ 0x0247, 28, 88, 472, 8, 8, 1.000000f, 0, 7 },
		{ 0x0248, 28, 16, 480, 8, 8, 1.000000f, 0, 7 },
		{ 0x0249, 28, 24, 480, 8, 8, 1.000000f, 0, 7 },
		{ 0x024a, 28, 32, 480, 8, 8, 1.000000f, 0, 7 },
		{ 0x024b, 28, 40, 480, 8, 8, 1.000000f, 0, 7 },
		{ 0x024c, 28, 48, 480, 8, 8, 1.000000f, 0, 7 },
		{ 0x024d, 28, 56, 480, 8, 8, 1.000000f, 0, 7 },
		{ 0x024e, 28, 64, 480, 8, 8, 1.000000f, 0, 8 },
		{ 0x024f, 28, 72, 480, 8, 8, 1.000000f, 0, 8 },
		{ 0x0250, 28, 16, 168, 8, 8, 1.000000f, 0, 6 },
		{ 0x0251, 28, 64, 328, 8, 8, 1.000000f, 0, 6 },
		{ 0x0252, 28, 72, 328, 8, 8, 1.000000f, 0, 6 },
		{ 0x0253, 28, 64, 320, 8, 8, 1.000000f, 0, 6 },
		{ 0x0254, 28, 24, 168, 8, 8, 1.000000f, 0, 6 },
		{ 0x0255, 28, 56, 312, 8, 8, 1.000000f, 0, 6 },
		{ 0x0256, 28, 32, 312, 8, 8, 1.000000f, 0, 7 },
		{ 0x0257, 28, 72, 320, 8, 8, 1.000000f, 0, 7 },
		{ 0x0258, 28, 24, 328, 8, 8, 1.000000f, 0, 6 },
		{ 0x0259, 28, 80, 72, 8, 8, 1.000000f, 0, 6 },
		{ 0x025a, 28, 80, 328, 8, 8, 1.000000f, 0, 8 },
		{ 0x025b, 28, 88, 72, 8, 8, 1.000000f, 0, 6 },
		{ 0x025c, 28, 48, 328, 8, 8, 1.000000f, 0, 6 },
		{ 0x025d, 28, 88, 328, 8, 8, 1.000000f, 0, 8 },
		{ 0x025e, 28, 56, 328, 8, 8, 1.000000f, 0, 6 },
		{ 0x025f, 28, 40, 168, 8, 8, 1.000000f, 0, 5 },
		{ 0x0260, 28, 96, 320, 8, 8, 1.000000f, 0, 7 },
		{ 0x0261, 28, 40, 312, 8, 8, 1.000000f, 0, 6 },
		{ 0x0262, 28, 104, 296, 8, 8, 1.000000f, 0, 6 },
		{ 0x0263, 27, 18, 204, 9, 12, 1.000000f, -3, 6 },
		{ 0x0264, 28, 40, 328, 8, 8, 1.000000f, 0, 6 },
		{ 0x0265, 28, 56, 168, 8, 8, 1.000000f, 0, 6 },
		{ 0x0266, 28, 112, 312, 8, 8, 1.000000f, 0, 6 },
		{ 0x0267, 28, 112, 320, 8, 8, 1.000000f, 0, 6 },
		{ 0x0268, 28, 0, 328, 8, 8, 1.000000f, 0, 4 },
		{ 0x0269, 27, 108, 540, 9, 12, 1.000000f, -3, 3 },
		{ 0x026a, 28, 96, 72, 8, 8, 1.000000f, 0, 4 },
		{ 0x026b, 28, 120, 320, 8, 8, 1.000000f, 0, 6 },
		{ 0x026c, 28, 8, 320, 8, 8, 1.000000f, 0, 5 },
		{ 0x026d, 28, 88, 384, 8, 8, 1.000000f, 0, 3 },
		{ 0x026e, 28, 16, 320, 8, 8, 1.000000f, 0, 6 },
		{ 0x026f, 28, 96, 168, 8, 8, 1.000000f, 0, 6 },
		{ 0x0270, 28, 0, 320, 8, 8, 1.000000f, 0, 6 },
		{ 0x0271, 28, 0, 312, 8, 8, 1.000000f, 0, 6 },
		{ 0x0272, 28, 16, 312, 8, 8, 1.000000f, 0, 7 },
		{ 0x0273, 28, 8, 312, 8, 8, 1.000000f, 0, 7 },
		{ 0x0274, 28, 24, 304, 8, 8, 1.000000f, 0, 6 },
		{ 0x0275, 28, 32, 328, 8, 8, 1.000000f, 0, 6 },
		{ 0x0276, 27, 18, 360, 9, 12, 1.000000f, -3, 10 },
		{ 0x0277, 28, 96, 384, 8, 8, 1.000000f, 0, 8 },
		{ 0x0278, 28, 72, 312, 8, 8, 1.000000f, 0, 6 },
		{ 0x0279, 28, 104, 168, 8, 8, 1.000000f, 0, 6 },
		{ 0x027a, 28, 48, 384, 8, 8, 1.000000f, 0, 6 },
		{ 0x027b, 28, 96, 312, 8, 8, 1.000000f, 0, 7 },
		{ 0x027c, 28, 120, 456, 8, 8, 1.000000f, 0, 6 },
		{ 0x027d, 27, 18, 552, 9, 12, 1.000000f, -3, 6 },
		{ 0x027e, 28, 72, 168, 8, 8, 1.000000f, 0, 6 },
		{ 0x027f, 28, 104, 384, 8, 8, 1.000000f, 0, 6 },
		{ 0x0280, 28, 56, 304, 8, 8, 1.000000f, 0, 6 },
		{ 0x0281, 28, 104, 312, 8, 8, 1.000000f, 0, 6 },
		{ 0x0282, 27, 0, 360, 9, 12, 1.000000f, -3, 6 },
		{ 0x0283, 27, 27, 204, 9, 12, 1.000000f, -3, 6 },
		{ 0x0284, 28, 88, 320, 8, 8, 1.000000f, 0, 7 },
		{ 0x0285, 28, 112, 384, 8, 8, 1.000000f, 0, 6 },
		{ 0x0286, 28, 120, 384, 8, 8, 1.000000f, 0, 7 },
		{ 0x0287, 28, 112, 168, 8, 8, 1.000000f, 0, 4 },
		{ 0x0288, 28, 24, 312, 8, 8, 1.000000f, 0, 4 },
		{ 0x0289, 28, 8, 328, 8, 8, 1.000000f, 0, 8 },
		{ 0x028a, 28, 16, 328, 8, 8, 1.000000f, 0, 6 },
		{ 0x028b, 28, 120, 312, 8, 8, 1.000000f, 0, 6 },
		{ 0x028c, 28, 120, 168, 8, 8, 1.000000f, 0, 6 },
		{ 0x028d, 28, 0, 176, 8, 8, 1.000000f, 0, 6 },
		{ 0x028e, 28, 8, 176, 8, 8, 1.000000f, 0, 6 },
		{ 0x028f, 28, 104, 304, 8, 8, 1.000000f, 0, 6 },
		{ 0x0290, 27, 9, 360, 9, 12, 1.000000f, -3, 7 },
		{ 0x0291, 28, 64, 312, 8, 8, 1.000000f, 0, 6 },
		{ 0x0292, 28, 96, 216, 8, 8, 1.000000f, 0, 6 },
		{ 0x0293, 28, 0, 392, 8, 8, 1.000000f, 0, 6 },
		{ 0x0294, 28, 0, 96, 8, 8, 1.000000f, 0, 6 },
		{ 0x0295, 28, 8, 96, 8, 8, 1.000000f, 0, 6 },
		{ 0x0296, 28, 80, 384, 8, 8, 1.000000f, 0, 6 },
		{ 0x0297, 28, 72, 384, 8, 8, 1.000000f, 0, 6 },
		{ 0x0298, 28, 24, 320, 8, 8, 1.000000f, 0, 6 },
		{ 0x0299, 28, 64, 296, 8, 8, 1.000000f, 0, 6 },
		{ 0x029a, 28, 8, 392, 8, 8, 1.000000f, 0, 6 },
		{ 0x029b, 28, 104, 320, 8, 8, 1.000000f, 0, 7 },
		{ 0x029c, 28, 112, 296, 8, 8, 1.000000f, 0, 6 },
		{ 0x029d, 28, 80, 312, 8, 8, 1.000000f, 0, 6 },
		{ 0x029e, 28, 80, 168, 8, 8, 1.000000f, 0, 5 },
		{ 0x029f, 28, 8, 304, 8, 8, 1.000000f, 0, 6 },
		{ 0x02a0, 28, 64, 384, 8, 8, 1.000000f, 0, 7 },
		{ 0x02a1, 28, 48, 312, 8, 8, 1.000000f, 0, 6 },
		{ 0x02a2, 28, 88, 312, 8, 8, 1.000000f, 0, 6 },
		{ 0x02a3, 27, 135, 516, 9, 12, 1.000000f, -3, 10 },
		{ 0x02a4, 27, 9, 528, 9, 12, 1.000000f, -3, 10 },
		{ 0x02a5, 27, 0, 528, 9, 12, 1.000000f, -3, 10 },
		{ 0x02a6, 27, 63, 528, 9, 12, 1.000000f, -3, 9 },
		{ 0x02a7, 27, 72, 528, 9, 12, 1.000000f, -3, 8 },
		{ 0x02a8, 27, 54, 528, 9, 12, 1.000000f, -3, 9 },
		{ 0x02a9, 27, 18, 528, 9, 12, 1.000000f, -3, 10 },
		{ 0x02aa, 27, 27, 528, 9, 12, 1.000000f, -3, 8 },
		{ 0x02ab, 27, 36, 528, 9, 12, 1.000000f, -3, 8 },
		{ 0x02ac, 28, 112, 144, 8, 8, 1.000000f, 0, 6 },
		{ 0x02ad, 27, 27, 564, 9, 12, 1.000000f, -3, 6 },
		{ 0x02ae, 27, 36, 564, 9, 12, 1.000000f, -3, 7 },
		{ 0x02af, 27, 45, 564, 9, 12, 1.000000f, -3, 8 },
		{ 0x02bb, 28, 8, 80, 8, 8, 1.000000f, 0, 2 },
		{ 0x02cc, 28, 16, 80, 8, 8, 1.000000f, 0, 2 },
		{ 0x02d9, 28, 24, 224, 8, 8, 1.000000f, 0, 2 },
		{ 0x0327, 27, 135, 348, 9, 12, 1.000000f, -3, 3 },
		{ 0x037e, 28, 24, 80, 8, 8, 1.000000f, 0, 2 },
		{ 0x0386, 27, 81, 132, 9, 12, 1.000000f, -3, 8 },
		{ 0x0387, 28, 32, 120, 8, 8, 1.000000f, 0, 2 },
		{ 0x0388, 27, 90, 132, 9, 12, 1.000000f, -3, 8 },
		{ 0x0389, 27, 99, 132, 9, 12, 1.000000f, -3, 8 },
		{ 0x038a, 27, 108, 132, 9, 12, 1.000000f, -3, 6 },
		{ 0x038c, 27, 117, 132, 9, 12, 1.000000f, -3, 8 },
		{ 0x038e, 27, 126, 132, 9, 12, 1.000000f, -3, 8 },
		{ 0x038f, 27, 135, 132, 9, 12, 1.000000f, -3, 8 },
		{ 0x0390, 27, 0, 144, 9, 12, 1.000000f, -3, 6 },
		{ 0x0391, 28, 112, 0, 8, 8, 1.000000f, 0, 6 },
		{ 0x0392, 28, 120, 0, 8, 8, 1.000000f, 0, 6 },
		{ 0x0393, 28, 0, 8, 8, 8, 1.000000f, 0, 6 },
		{ 0x0394, 28, 8, 8, 8, 8, 1.000000f, 0, 6 },
		{ 0x0395, 28, 16, 8, 8, 8, 1.000000f, 0, 6 },
		{ 0x0396, 28, 24, 8, 8, 8, 1.000000f, 0, 6 },
		{ 0x0397, 28, 32, 8, 8, 8, 1.000000f, 0, 6 },
		{ 0x0398, 28, 40, 8, 8, 8, 1.000000f, 0, 6 },
		{ 0x0399, 28, 48, 8, 8, 8, 1.000000f, 0, 4 },
		{ 0x039a, 28, 56, 8, 8, 8, 1.000000f, 0, 6 },
		{ 0x039b, 28, 64, 8, 8, 8, 1.000000f, 0, 6 },
		{ 0x039c, 28, 72, 8, 8, 8, 1.000000f, 0, 6 },
		{ 0x039d, 28, 80, 8, 8, 8, 1.000000f, 0, 6 },
		{ 0x039e, 28, 88, 8, 8, 8, 1.000000f, 0, 6 },
		{ 0x039f, 28, 96, 8, 8, 8, 1.000000f, 0, 6 },
		{ 0x03a0, 28, 104, 8, 8, 8, 1.000000f, 0, 6 },
		{ 0x03a1, 28, 112, 8, 8, 8, 1.000000f, 0, 6 },
		{ 0x03a3, 28, 120, 8, 8, 8, 1.000000f, 0, 6 },
		{ 0x03a4, 28, 0, 16, 8, 8, 1.000000f, 0, 6 },
		{ 0x03a5, 28, 8, 16, 8, 8, 1.000000f, 0, 6 },
		{ 0x03a6, 28, 16, 16, 8, 8, 1.000000f, 0, 6 },
		{ 0x03a7, 28, 24, 16, 8, 8, 1.000000f, 0, 6 },
		{ 0x03a8, 28, 32, 16, 8, 8, 1.000000f, 0, 6 },
		{ 0x03a9, 28, 40, 16, 8, 8, 1.000000f, 0, 6 },
		{ 0x03aa, 27, 9, 144, 9, 12, 1.000000f, -3, 4 },
		{ 0x03ab, 27, 18, 144, 9, 12, 1.000000f, -3, 6 },
		{ 0x03ac, 27, 27, 144, 9, 12, 1.000000f, -3, 6 },
		{ 0x03ad, 27, 36, 144, 9, 12, 1.000000f, -3, 6 },
		{ 0x03ae, 27, 45, 144, 9, 12, 1.000000f, -3, 6 },
		{ 0x03af, 27, 54, 144, 9, 12, 1.000000f, -3, 3 },
		{ 0x03b0, 27, 63, 144, 9, 12, 1.000000f, -3, 6 },
		{ 0x03b1, 28, 48, 16, 8, 8, 1.000000f, 0, 6 },
		{ 0x03b2, 28, 56, 16, 8, 8, 1.000000f, 0, 6 },
		{ 0x03b3, 28, 64, 16, 8, 8, 1.000000f, 0, 6 },
		{ 0x03b4, 28, 72, 16, 8, 8, 1.000000f, 0, 6 },
		{ 0x03b5, 28, 80, 16, 8, 8, 1.000000f, 0, 6 },
		{ 0x03b6, 28, 88, 16, 8, 8, 1.000000f, 0, 6 },
		{ 0x03b7, 28, 96, 16, 8, 8, 1.000000f, 0, 6 },
		{ 0x03b8, 28, 104, 16, 8, 8, 1.000000f, 0, 6 },
		{ 0x03b9, 28, 112, 16, 8, 8, 1.000000f, 0, 3 },
		{ 0x03ba, 28, 120, 16, 8, 8, 1.000000f, 0, 5 },
		{ 0x03bb, 28, 0, 24, 8, 8, 1.000000f, 0, 6 },
		{ 0x03bc, 28, 8, 24, 8, 8, 1.000000f, 0, 6 },
		{ 0x03bd, 28, 16, 24, 8, 8, 1.000000f, 0, 6 },
		{ 0x03be, 28, 24, 24, 8, 8, 1.000000f, 0, 6 },
		{ 0x03bf, 28, 32, 24, 8, 8, 1.000000f, 0, 6 },
		{ 0x03c0, 28, 40, 24, 8, 8, 1.000000f, 0, 6 },
		{ 0x03c1, 28, 48, 24, 8, 8, 1.000000f, 0, 6 },
		{ 0x03c2, 28, 56, 24, 8, 8, 1.000000f, 0, 6 },
		{ 0x03c3, 28, 64, 24, 8, 8, 1.000000f, 0, 7 },
		{ 0x03c4, 28, 72, 24, 8, 8, 1.000000f, 0, 6 },
		{ 0x03c5, 28, 80, 24, 8, 8, 1.000000f, 0, 6 },
		{ 0x03c6, 28, 88, 24, 8, 8, 1.000000f, 0, 6 },
		{ 0x03c7, 28, 96, 24, 8, 8, 1.000000f, 0, 6 },
		{ 0x03c8, 28, 104, 24, 8, 8, 1.000000f, 0, 6 },
		{ 0x03c9, 28, 112, 24, 8, 8, 1.000000f, 0, 8 },
		{ 0x03ca, 27, 72, 144, 9, 12, 1.000000f, -3, 4 },
		{ 0x03cb, 27, 81, 144, 9, 12, 1.000000f, -3, 6 },
		{ 0x03cc, 27, 90, 144, 9, 12, 1.000000f, -3, 6 },
		{ 0x03cd, 27, 99, 144, 9, 12, 1.000000f, -3, 6 },
		{ 0x03ce, 27, 108, 144, 9, 12, 1.000000f, -3, 8 },
		{ 0x03d3, 27, 36, 816, 9, 12, 1.000000f, -3, 10 },
		{ 0x03d4, 27, 45, 816, 9, 12, 1.000000f, -3, 7 },
		{ 0x03db, 28, 0, 160, 8, 8, 1.000000f, 0, 6 },
		{ 0x0400, 27, 117, 144, 9, 12, 1.000000f, -3, 6 },
		{ 0x0401, 27, 126, 144, 9, 12, 1.000000f, -3, 6 },
		{ 0x0402, 28, 120, 24, 8, 8, 1.000000f, 0, 8 },
		{ 0x0403, 27, 135, 144, 9, 12, 1.000000f, -3, 6 },
		{ 0x0404, 28, 48, 136, 8, 8, 1.000000f, 0, 6 },
		{ 0x0405, 28, 0, 32, 8, 8, 1.000000f, 0, 6 },
		{ 0x0406, 28, 8, 32, 8, 8, 1.000000f, 0, 4 },
		{ 0x0407, 27, 0, 156, 9, 12, 1.000000f, -3, 4 },
		{ 0x0408, 28, 16, 32, 8, 8, 1.000000f, 0, 6 },
		{ 0x0409, 28, 24, 32, 8, 8, 1.000000f, 0, 8 },
		{ 0x040a, 28, 32, 32, 8, 8, 1.000000f, 0, 7 },
		{ 0x040b, 28, 40, 32, 8, 8, 1.000000f, 0, 7 },
		{ 0x040c, 27, 9, 156, 9, 12, 1.000000f, -3, 6 },
		{ 0x040d, 27, 18, 156, 9, 12, 1.000000f, -3, 6 },
		{ 0x040e, 27, 27, 156, 9, 12, 1.000000f, -3, 6 },
		{ 0x040f, 27, 27, 192, 9, 12, 1.000000f, -3, 6 },
		{ 0x0410, 28, 48, 32, 8, 8, 1.000000f, 0, 6 },
		{ 0x0411, 28, 56, 32, 8, 8, 1.000000f, 0, 6 },
		{ 0x0412, 28, 64, 32, 8, 8, 1.000000f, 0, 6 },
		{ 0x0413, 28, 72, 32, 8, 8, 1.000000f, 0, 6 },
		{ 0x0414, 28, 80, 32, 8, 8, 1.000000f, 0, 7 },
		{ 0x0415, 28, 88, 32, 8, 8, 1.000000f, 0, 6 },
		{ 0x0416, 28, 96, 32, 8, 8, 1.000000f, 0, 8 },
		{ 0x0417, 28, 104, 32, 8, 8, 1.000000f, 0, 6 },
		{ 0x0418, 28, 112, 32, 8, 8, 1.000000f, 0, 6 },
		{ 0x0419, 27, 36, 156, 9, 12, 1.000000f, -3, 6 },
		{ 0x041a, 28, 120, 32, 8, 8, 1.000000f, 0, 6 },
		{ 0x041b, 28, 0, 40, 8, 8, 1.000000f, 0, 6 },
		{ 0x041c, 28, 8, 40, 8, 8, 1.000000f, 0, 6 },
		{ 0x041d, 28, 16, 40, 8, 8, 1.000000f, 0, 6 },
		{ 0x041e, 28, 24, 40, 8, 8, 1.000000f, 0, 6 },
		{ 0x041f, 28, 32, 40, 8, 8, 1.000000f, 0, 6 },
		{ 0x0420, 28, 40, 40, 8, 8, 1.000000f, 0, 6 },
		{ 0x0421, 28, 48, 40, 8, 8, 1.000000f, 0, 6 },
		{ 0x0422, 28, 56, 40, 8, 8, 1.000000f, 0, 6 },
		{ 0x0423, 28, 64, 40, 8, 8, 1.000000f, 0, 6 },
		{ 0x0424, 28, 72, 40, 8, 8, 1.000000f, 0, 8 },
		{ 0x0425, 28, 80, 40, 8, 8, 1.000000f, 0, 6 },
		{ 0x0426, 28, 88, 40, 8, 8, 1.000000f, 0, 7 },
		{ 0x0427, 28, 96, 40, 8, 8, 1.000000f, 0, 6 },
		{ 0x0428, 28, 104, 40, 8, 8, 1.000000f, 0, 8 },
		{ 0x0429, 28, 112, 40, 8, 8, 1.000000f, 0, 9 },
		{ 0x042a, 28, 120, 40, 8, 8, 1.000000f, 0, 7 },
		{ 0x042b, 28, 0, 48, 8, 8, 1.000000f, 0, 8 },
		{ 0x042c, 28, 8, 48, 8, 8, 1.000000f, 0, 6 },
		{ 0x042d, 28, 16, 48, 8, 8, 1.000000f, 0, 6 },
		{ 0x042e, 28, 24, 48, 8, 8, 1.000000f, 0, 8 },
		{ 0x042f, 28, 32, 48, 8, 8, 1.000000f, 0, 6 },
		{ 0x0430, 28, 40, 48, 8, 8, 1.000000f, 0, 6 },
		{ 0x0431, 28, 48, 48, 8, 8, 1.000000f, 0, 6 },
		{ 0x0432, 28, 56, 48, 8, 8, 1.000000f, 0, 6 },
		{ 0x0433, 28, 64, 48, 8, 8, 1.000000f, 0, 5 },
		{ 0x0434, 28, 72, 48, 8, 8, 1.000000f, 0, 7 },
		{ 0x0435, 28, 80, 48, 8, 8, 1.000000f, 0, 6 },
		{ 0x0436, 28, 88, 48, 8, 8, 1.000000f, 0, 6 },
		{ 0x0437, 28, 96, 48, 8, 8, 1.000000f, 0, 6 },
		{ 0x0438, 28, 104, 48, 8, 8, 1.000000f, 0, 6 },
		{ 0x0439, 27, 45, 156, 9, 12, 1.000000f, -3, 6 },
		{ 0x043a, 28, 112, 48, 8, 8, 1.000000f, 0, 5 },
		{ 0x043b, 28, 120, 48, 8, 8, 1.000000f, 0, 6 },
		{ 0x043c, 28, 0, 56, 8, 8, 1.000000f, 0, 6 },
		{ 0x043d, 28, 8, 56, 8, 8, 1.000000f, 0, 6 },
		{ 0x043e, 28, 16, 56, 8, 8, 1.000000f, 0, 6 },
		{ 0x043f, 28, 24, 56, 8, 8, 1.000000f, 0, 6 },
		{ 0x0440, 28, 32, 56, 8, 8, 1.000000f, 0, 6 },
		{ 0x0441, 28, 40, 56, 8, 8, 1.000000f, 0, 6 },
		{ 0x0442, 28, 48, 56, 8, 8, 1.000000f, 0, 6 },
		{ 0x0443, 28, 56, 56, 8, 8, 1.000000f, 0, 6 },
		{ 0x0444, 28, 64, 56, 8, 8, 1.000000f, 0, 6 },
		{ 0x0445, 28, 72, 56, 8, 8, 1.000000f, 0, 6 },
		{ 0x0446, 28, 80, 56, 8, 8, 1.000000f, 0, 6 },
		{ 0x0447, 28, 88, 56, 8, 8, 1.000000f, 0, 6 },
		{ 0x0448, 28, 96, 56, 8, 8, 1.000000f, 0, 6 },
		{ 0x0449, 28, 104, 56, 8, 8, 1.000000f, 0, 7 },
		{ 0x044a, 28, 112, 56, 8, 8, 1.000000f, 0, 7 },
		{ 0x044b, 28, 120, 56, 8, 8, 1.000000f, 0, 7 },
		{ 0x044c, 28, 0, 64, 8, 8, 1.000000f, 0, 6 },
		{ 0x044d, 28, 8, 64, 8, 8, 1.000000f, 0, 6 },
		{ 0x044e, 28, 16, 64, 8, 8, 1.000000f, 0, 8 },
		{ 0x044f, 28, 24, 64, 8, 8, 1.000000f, 0, 6 },
		{ 0x0450, 27, 54, 156, 9, 12, 1.000000f, -3, 6 },
		{ 0x0451, 27, 63, 156, 9, 12, 1.000000f, -3, 6 },
		{ 0x0452, 27, 72, 156, 9, 12, 1.000000f, -3, 7 },
		{ 0x0453, 27, 81, 156, 9, 12, 1.000000f, -3, 5 },
		{ 0x0454, 28, 32, 64, 8, 8, 1.000000f, 0, 6 },
		{ 0x0455, 28, 40, 64, 8, 8, 1.000000f, 0, 6 },
		{ 0x0456, 28, 48, 64, 8, 8, 1.000000f, 0, 2 },
		{ 0x0457, 27, 90, 156, 9, 12, 1.000000f, -3, 4 },
		{ 0x0458, 28, 56, 64, 8, 8, 1.000000f, 0, 6 },
		{ 0x0459, 28, 64, 64, 8, 8, 1.000000f, 0, 8 },
		{ 0x045a, 28, 72, 64, 8, 8, 1.000000f, 0, 7 },
		{ 0x045b, 27, 99, 156, 9, 12, 1.000000f, -3, 7 },
		{ 0x045c, 27, 108, 156, 9, 12, 1.000000f, -3, 5 },
		{ 0x045d, 27, 117, 156, 9, 12, 1.000000f, -3, 6 },
		{ 0x045e, 27, 126, 156, 9, 12, 1.000000f, -3, 6 },
		{ 0x045f, 27, 135, 156, 9, 12, 1.000000f, -3, 6 },
		{ 0x0462, 28, 72, 80, 8, 8, 1.000000f, 0, 7 },
		{ 0x0463, 28, 80, 80, 8, 8, 1.000000f, 0, 7 },
		{ 0x0472, 28, 112, 80, 8, 8, 1.000000f, 0, 6 },
		{ 0x0473, 28, 120, 80, 8, 8, 1.000000f, 0, 6 },
		{ 0x0474, 28, 88, 80, 8, 8, 1.000000f, 0, 7 },
		{ 0x0475, 28, 96, 80, 8, 8, 1.000000f, 0, 7 },
		{ 0x0476, 27, 45, 600, 9, 12, 1.000000f, -3, 7 },
		{ 0x0477, 27, 54, 600, 9, 12, 1.000000f, -3, 7 },
		{ 0x048a, 27, 36, 612, 9, 12, 1.000000f, -3, 7 },
		{ 0x048b, 27, 135, 648, 9, 12, 1.000000f, -3, 7 },
		{ 0x048c, 27, 135, 636, 9, 12, 1.000000f, -3, 7 },
		{ 0x048d, 27, 90, 684, 9, 12, 1.000000f, -3, 7 },
		{ 0x048e, 27, 90, 624, 9, 12, 1.000000f, -3, 6 },
		{ 0x048f, 27, 45, 672, 9, 12, 1.000000f, -3, 6 },
		{ 0x0490, 27, 0, 168, 9, 12, 1.000000f, -3, 6 },
		{ 0x0491, 27, 9, 168, 9, 12, 1.000000f, -3, 6 },
		{ 0x0492, 28, 56, 96, 8, 8, 1.000000f, 0, 7 },
		{ 0x0493, 28, 64, 96, 8, 8, 1.000000f, 0, 6 },
		{ 0x0494, 27, 9, 576, 9, 12, 1.000000f, -3, 6 },
		{ 0x0495, 27, 18, 576, 9, 12, 1.000000f, -3, 5 },
		{ 0x0496, 28, 104, 96, 8, 8, 1.000000f, 0, 9 },
		{ 0x0497, 28, 112, 96, 8, 8, 1.000000f, 0, 7 },
		{ 0x0498, 27, 126, 288, 9, 12, 1.000000f, -3, 6 },
		{ 0x0499, 27, 135, 288, 9, 12, 1.000000f, -3, 6 },
		{ 0x049a, 28, 40, 96, 8, 8, 1.000000f, 0, 7 },
		{ 0x049b, 28, 48, 96, 8, 8, 1.000000f, 0, 6 },
		{ 0x049c, 27, 63, 612, 9, 12, 1.000000f, -3, 6 },
		{ 0x049d, 27, 18, 660, 9, 12, 1.000000f, -3, 6 },
		{ 0x049e, 27, 54, 612, 9, 12, 1.000000f, -3, 7 },
		{ 0x049f, 27, 9, 660, 9, 12, 1.000000f, -3, 6 },
		{ 0x04a0, 27, 0, 300, 9, 12, 1.000000f, -3, 7 },
		{ 0x04a1, 27, 9, 300, 9, 12, 1.000000f, -3, 6 },
		{ 0x04a2, 28, 120, 96, 8, 8, 1.000000f, 0, 7 },
		{ 0x04a3, 28, 0, 104, 8, 8, 1.000000f, 0, 7 },
		{ 0x04a4, 27, 36, 624, 9, 12, 1.000000f, -3, 7 },
		{ 0x04a5, 27, 135, 660, 9, 12, 1.000000f, -3, 7 },
		{ 0x04a6, 27, 81, 624, 9, 12, 1.000000f, -3, 9 },
		{ 0x04a7, 27, 36, 672, 9, 12, 1.000000f, -3, 9 },
		{ 0x04a8, 27, 63, 624, 9, 12, 1.000000f, -3, 7 },
		{ 0x04a9, 27, 18, 672, 9, 12, 1.000000f, -3, 7 },
		{ 0x04aa, 27, 18, 300, 9, 12, 1.000000f, -3, 6 },
		{ 0x04ab, 27, 27, 300, 9, 12, 1.000000f, -3, 6 },
		{ 0x04ac, 27, 126, 624, 9, 12, 1.000000f, -3, 6 },
		{ 0x04ad, 27, 81, 672, 9, 12, 1.000000f, -3, 6 },
		{ 0x04ae, 28, 104, 72, 8, 8, 1.000000f, 0, 6 },
		{ 0x04af, 28, 112, 72, 8, 8, 1.000000f, 0, 6 },
		{ 0x04b0, 28, 72, 96, 8, 8, 1.000000f, 0, 6 },
		{ 0x04b1, 28, 80, 96, 8, 8, 1.000000f, 0, 6 },
		{ 0x04b2, 27, 18, 636, 9, 12, 1.000000f, -3, 7 },
		{ 0x04b3, 27, 117, 672, 9, 12, 1.000000f, -3, 7 },
		{ 0x04b4, 27, 63, 636, 9, 12, 1.000000f, -3, 8 },
		{ 0x04b5, 27, 18, 684, 9, 12, 1.000000f, -3, 7 },
		{ 0x04b6, 27, 81, 636, 9, 12, 1.000000f, -3, 7 },
		{ 0x04b7, 27, 36, 684, 9, 12, 1.000000f, -3, 7 },
		{ 0x04b8, 27, 99, 636, 9, 12, 1.000000f, -3, 6 },
		{ 0x04b9, 27, 54, 684, 9, 12, 1.000000f, -3, 6 },
		{ 0x04ba, 28, 8, 104, 8, 8, 1.000000f, 0, 6 },
		{ 0x04bb, 28, 80, 0, 8, 8, 1.000000f, 0, 6 },
		{ 0x04bc, 27, 45, 576, 9, 12, 1.000000f, -3, 8 },
		{ 0x04bd, 27, 54, 576, 9, 12, 1.000000f, -3, 8 },
		{ 0x04be, 27, 63, 576, 9, 12, 1.000000f, -3, 8 },
		{ 0x04bf, 27, 72, 576, 9, 12, 1.000000f, -3, 8 },
		{ 0x04c0, 28, 104, 80, 8, 8, 1.000000f, 0, 4 },
		{ 0x04c1, 27, 117, 576, 9, 12, 1.000000f, -3, 8 },
		{ 0x04c2, 27, 126, 576, 9, 12, 1.000000f, -3, 6 },
		{ 0x04c3, 27, 45, 612, 9, 12, 1.000000f, -3, 6 },
		{ 0x04c4, 27, 0, 660, 9, 12, 1.000000f, -3, 5 },
		{ 0x04c5, 27, 90, 612, 9, 12, 1.000000f, -3, 7 },
		{ 0x04c6, 27, 45, 660, 9, 12, 1.000000f, -3, 7 },
		{ 0x04c7, 27, 27, 624, 9, 12, 1.000000f, -3, 6 },
		{ 0x04c8, 27, 126, 660, 9, 12, 1.000000f, -3, 6 },
		{ 0x04c9, 27, 9, 624, 9, 12, 1.000000f, -3, 7 },
		{ 0x04ca, 27, 108, 660, 9, 12, 1.000000f, -3, 7 },
		{ 0x04cb, 27, 90, 636, 9, 12, 1.000000f, -3, 6 },
		{ 0x04cc, 27, 45, 684, 9, 12, 1.000000f, -3, 6 },
		{ 0x04cd, 27, 0, 624, 9, 12, 1.000000f, -3, 7 },
		{ 0x04ce, 27, 99, 660, 9, 12, 1.000000f, -3, 7 },
		{ 0x04d0, 27, 99, 564, 9, 12, 1.000000f, -3, 6 },
		{ 0x04d1, 27, 108, 564, 9, 12, 1.000000f, -3, 6 },
		{ 0x04d2, 27, 117, 564, 9, 12, 1.000000f, -3, 6 },
		{ 0x04d3, 27, 126, 564, 9, 12, 1.000000f, -3, 6 },
		{ 0x04d4, 27, 63, 600, 9, 12, 1.000000f, -3, 10 },
		{ 0x04d5, 27, 18, 648, 9, 12, 1.000000f, -3, 10 },
		{ 0x04d6, 27, 27, 576, 9, 12, 1.000000f, -3, 6 },
		{ 0x04d7, 27, 36, 576, 9, 12, 1.000000f, -3, 6 },
		{ 0x04d8, 28, 88, 96, 8, 8, 1.000000f, 0, 6 },
		{ 0x04d9, 28, 96, 96, 8, 8, 1.000000f, 0, 6 },
		{ 0x04da, 27, 81, 576, 9, 12, 1.000000f, -3, 6 },
		{ 0x04db, 27, 90, 576, 9, 12, 1.000000f, -3, 6 },
		{ 0x04dc, 27, 99, 576, 9, 12, 1.000000f, -3, 8 },
		{ 0x04dd, 27, 108, 576, 9, 12, 1.000000f, -3, 6 },
		{ 0x04de, 27, 135, 576, 9, 12, 1.000000f, -3, 6 },
		{ 0x04df, 27, 0, 588, 9, 12, 1.000000f, -3, 6 },
		{ 0x04e0, 27, 18, 612, 9, 12, 1.000000f, -3, 6 },
		{ 0x04e1, 27, 117, 648, 9, 12, 1.000000f, -3, 6 },
		{ 0x04e2, 27, 9, 588, 9, 12, 1.000000f, -3, 6 },
		{ 0x04e3, 27, 18, 588, 9, 12, 1.000000f, -3, 6 },
		{ 0x04e4, 27, 27, 588, 9, 12, 1.000000f, -3, 6 },
		{ 0x04e5, 27, 36, 588, 9, 12, 1.000000f, -3, 6 },
		{ 0x04e6, 27, 45, 588, 9, 12, 1.000000f, -3, 6 },
		{ 0x04e7, 27, 54, 588, 9, 12, 1.000000f, -3, 6 },
		{ 0x04e8, 28, 120, 72, 8, 8, 1.000000f, 0, 6 },
		{ 0x04e9, 28, 0, 80, 8, 8, 1.000000f, 0, 6 },
		{ 0x04ea, 27, 63, 588, 9, 12, 1.000000f, -3, 6 },
		{ 0x04eb, 27, 72, 588, 9, 12, 1.000000f, -3, 6 },
		{ 0x04ec, 27, 27, 600, 9, 12, 1.000000f, -3, 6 },
		{ 0x04ed, 27, 36, 600, 9, 12, 1.000000f, -3, 6 },
		{ 0x04ee, 27, 99, 588, 9, 12, 1.000000f, -3, 6 },
		{ 0x04ef, 27, 108, 588, 9, 12, 1.000000f, -3, 6 },
		{ 0x04f0, 27, 81, 588, 9, 12, 1.000000f, -3, 6 },
		{ 0x04f1, 27, 90, 588, 9, 12, 1.000000f, -3, 6 },
		{ 0x04f2, 27, 117, 588, 9, 12, 1.000000f, -3, 6 },
		{ 0x04f3, 27, 126, 588, 9, 12, 1.000000f, -3, 6 },
		{ 0x04f4, 27, 135, 588, 9, 12, 1.000000f, -3, 6 },
		{ 0x04f5, 27, 0, 600, 9, 12, 1.000000f, -3, 6 },
		{ 0x04f6, 27, 135, 564, 9, 12, 1.000000f, -3, 6 },
		{ 0x04f7, 27, 0, 576, 9, 12, 1.000000f, -3, 5 },
		{ 0x04f8, 27, 9, 600, 9, 12, 1.000000f, -3, 8 },
		{ 0x04f9, 27, 18, 600, 9, 12, 1.000000f, -3, 7 },
		{ 0x04fa, 27, 72, 600, 9, 12, 1.000000f, -3, 7 },
		{ 0x04fb, 27, 27, 648, 9, 12, 1.000000f, -3, 6 },
		{ 0x04fc, 27, 27, 636, 9, 12, 1.000000f, -3, 6 },
		{ 0x04fd, 27, 126, 672, 9, 12, 1.000000f, -3, 6 },
		{ 0x04fe, 27, 36, 636, 9, 12, 1.000000f, -3, 6 },
		{ 0x04ff, 27, 135, 672, 9, 12, 1.000000f, -3, 6 },
		{ 0x0500, 28, 88, 160, 8, 8, 1.000000f, 0, 6 },
		{ 0x0502, 27, 81, 600, 9, 12, 1.000000f, -3, 9 },
		{ 0x0503, 27, 36, 648, 9, 12, 1.000000f, -3, 9 },
		{ 0x0504, 27, 0, 612, 9, 12, 1.000000f, -3, 8 },
		{ 0x0505, 27, 99, 648, 9, 12, 1.000000f, -3, 8 },
		{ 0x0506, 27, 27, 612, 9, 12, 1.000000f, -3, 7 },
		{ 0x0507, 27, 126, 648, 9, 12, 1.000000f, -3, 7 },
		{ 0x0508, 27, 126, 612, 9, 12, 1.000000f, -3, 9 },
		{ 0x0509, 27, 81, 660, 9, 12, 1.000000f, -3, 9 },
		{ 0x050a, 27, 54, 624, 9, 12, 1.000000f, -3, 9 },
		{ 0x050b, 27, 9, 672, 9, 12, 1.000000f, -3, 9 },
		{ 0x050c, 27, 108, 624, 9, 12, 1.000000f, -3, 6 },
		{ 0x050d, 27, 63, 672, 9, 12, 1.000000f, -3, 6 },
		{ 0x050e, 27, 9, 636, 9, 12, 1.000000f, -3, 7 },
		{ 0x050f, 27, 108, 672, 9, 12, 1.000000f, -3, 7 },
		{ 0x0510, 27, 9, 612, 9, 12, 1.000000f, -3, 6 },
		{ 0x0511, 27, 108, 648, 9, 12, 1.000000f, -3, 6 },
		{ 0x0512, 27, 108, 612, 9, 12, 1.000000f, -3, 6 },
		{ 0x0513, 27, 63, 660, 9, 12, 1.000000f, -3, 6 },
		{ 0x0514, 27, 135, 612, 9, 12, 1.000000f, -3, 9 },
		{ 0x0515, 27, 90, 660, 9, 12, 1.000000f, -3, 9 },
		{ 0x0516, 27, 99, 624, 9, 12, 1.000000f, -3, 9 },
		{ 0x0517, 27, 54, 672, 9, 12, 1.000000f, -3, 9 },
		{ 0x0518, 27, 0, 648, 9, 12, 1.000000f, -3, 10 },
		{ 0x0519, 27, 99, 684, 9, 12, 1.000000f, -3, 10 },
		{ 0x051a, 27, 81, 612, 9, 12, 1.000000f, -3, 6 },
		{ 0x051b, 27, 36, 660, 9, 12, 1.000000f, -3, 6 },
		{ 0x051c, 27, 9, 648, 9, 12, 1.000000f, -3, 6 },
		{ 0x051d, 27, 108, 684, 9, 12, 1.000000f, -3, 6 },
		{ 0x051e, 27, 72, 612, 9, 12, 1.000000f, -3, 6 },
		{ 0x051f, 27, 27, 660, 9, 12, 1.000000f, -3, 6 },
		{ 0x0520, 27, 117, 612, 9, 12, 1.000000f, -3, 9 },
		{ 0x0521, 27, 72, 660, 9, 12, 1.000000f, -3, 9 },
		{ 0x0522, 27, 45, 624, 9, 12, 1.000000f, -3, 9 },
		{ 0x0523, 27, 0, 672, 9, 12, 1.000000f, -3, 9 },
		{ 0x0524, 27, 72, 624, 9, 12, 1.000000f, -3, 7 },
		{ 0x0525, 27, 27, 672, 9, 12, 1.000000f, -3, 7 },
		{ 0x0526, 27, 45, 636, 9, 12, 1.000000f, -3, 7 },
		{ 0x0527, 27, 0, 684, 9, 12, 1.000000f, -3, 7 },
		{ 0x0528, 27, 18, 624, 9, 12, 1.000000f, -3, 7 },
		{ 0x0529, 27, 117, 660, 9, 12, 1.000000f, -3, 7 },
		{ 0x052a, 27, 117, 600, 9, 12, 1.000000f, -3, 10 },
		{ 0x052b, 27, 72, 648, 9, 12, 1.000000f, -3, 10 },
		{ 0x052c, 27, 126, 600, 9, 12, 1.000000f, -3, 7 },
		{ 0x052d, 27, 81, 648, 9, 12, 1.000000f, -3, 7 },
		{ 0x052e, 27, 99, 612, 9, 12, 1.000000f, -3, 7 },
		{ 0x052f, 27, 54, 660, 9, 12, 1.000000f, -3, 7 },
		{ 0x0531, 28, 16, 176, 8, 8, 1.000000f, 0, 6 },
		{ 0x0532, 28, 24, 176, 8, 8, 1.000000f, 0, 6 },
		{ 0x0533, 28, 32, 176, 8, 8, 1.000000f, 0, 7 },
		{ 0x0534, 28, 40, 176, 8, 8, 1.000000f, 0, 7 },
		{ 0x0535, 28, 120, 240, 8, 8, 1.000000f, 0, 6 },
		{ 0x0536, 28, 48, 176, 8, 8, 1.000000f, 0, 6 },
		{ 0x0537, 28, 56, 176, 8, 8, 1.000000f, 0, 6 },
		{ 0x0538, 28, 120, 208, 8, 8, 1.000000f, 0, 6 },
		{ 0x0539, 28, 64, 176, 8, 8, 1.000000f, 0, 7 },
		{ 0x053a, 28, 72, 176, 8, 8, 1.000000f, 0, 7 },
		{ 0x053b, 28, 80, 176, 8, 8, 1.000000f, 0, 6 },
		{ 0x053c, 28, 88, 176, 8, 8, 1.000000f, 0, 5 },
		{ 0x053d, 28, 96, 176, 8, 8, 1.000000f, 0, 7 },
		{ 0x053e, 28, 104, 176, 8, 8, 1.000000f, 0, 6 },
		{ 0x053f, 28, 112, 176, 8, 8, 1.000000f, 0, 6 },
		{ 0x0540, 28, 120, 176, 8, 8, 1.000000f, 0, 6 },
		{ 0x0541, 28, 0, 184, 8, 8, 1.000000f, 0, 6 },
		{ 0x0542, 28, 8, 184, 8, 8, 1.000000f, 0, 7 },
		{ 0x0543, 28, 16, 184, 8, 8, 1.000000f, 0, 6 },
		{ 0x0544, 28, 24, 184, 8, 8, 1.000000f, 0, 7 },
		{ 0x0545, 28, 32, 184, 8, 8, 1.000000f, 0, 6 },
		{ 0x0546, 28, 40, 184, 8, 8, 1.000000f, 0, 6 },
		{ 0x0547, 28, 48, 184, 8, 8, 1.000000f, 0, 6 },
		{ 0x0548, 28, 56, 184, 8, 8, 1.000000f, 0, 6 },
		{ 0x0549, 28, 64, 184, 8, 8, 1.000000f, 0, 6 },
		{ 0x054a, 28, 0, 248, 8, 8, 1.000000f, 0, 6 },
		{ 0x054b, 28, 72, 184, 8, 8, 1.000000f, 0, 6 },
		{ 0x054c, 28, 80, 184, 8, 8, 1.000000f, 0, 7 },
		{ 0x054d, 28, 88, 184, 8, 8, 1.000000f, 0, 6 },
		{ 0x054e, 28, 96, 184, 8, 8, 1.000000f, 0, 6 },
		{ 0x054f, 28, 104, 184, 8, 8, 1.000000f, 0, 6 },
		{ 0x0550, 28, 112, 184, 8, 8, 1.000000f, 0, 6 },
		{ 0x0551, 28, 120, 184, 8, 8, 1.000000f, 0, 6 },
		{ 0x0552, 28, 0, 192, 8, 8, 1.000000f, 0, 5 },
		{ 0x0553, 28, 8, 192, 8, 8, 1.000000f, 0, 6 },
		{ 0x0554, 28, 16, 192, 8, 8, 1.000000f, 0, 6 },
		{ 0x0555, 28, 24, 192, 8, 8, 1.000000f, 0, 6 },
		{ 0x0556, 28, 32, 192, 8, 8, 1.000000f, 0, 6 },
		{ 0x0559, 28, 40, 192, 8, 8, 1.000000f, 0, 3 },
		{ 0x055a, 28, 0, 216, 8, 8, 1.000000f, 0, 3 },
		{ 0x055b, 28, 8, 216, 8, 8, 1.000000f, 0, 3 },
		{ 0x055c, 28, 16, 216, 8, 8, 1.000000f, 0, 4 },
		{ 0x055d, 28, 24, 216, 8, 8, 1.000000f, 0, 3 },
		{ 0x055e, 28, 32, 216, 8, 8, 1.000000f, 0, 4 },
		{ 0x055f, 28, 40, 216, 8, 8, 1.000000f, 0, 6 },
		{ 0x0560, 28, 48, 216, 8, 8, 1.000000f, 0, 6 },
		{ 0x0561, 28, 48, 192, 8, 8, 1.000000f, 0, 6 },
		{ 0x0562, 28, 56, 192, 8, 8, 1.000000f, 0, 6 },
		{ 0x0563, 28, 64, 192, 8, 8, 1.000000f, 0, 7 },
		{ 0x0564, 28, 72, 192, 8, 8, 1.000000f, 0, 7 },
		{ 0x0565, 28, 80, 192, 8, 8, 1.000000f, 0, 6 },
		{ 0x0566, 28, 88, 192, 8, 8, 1.000000f, 0, 7 },
		{ 0x0567, 28, 96, 192, 8, 8, 1.000000f, 0, 5 },
		{ 0x0568, 28, 104, 192, 8, 8, 1.000000f, 0, 6 },
		{ 0x0569, 28, 112, 192, 8, 8, 1.000000f, 0, 6 },
		{ 0x056a, 28, 120, 192, 8, 8, 1.000000f, 0, 7 },
		{ 0x056b, 28, 0, 200, 8, 8, 1.000000f, 0, 6 },
		{ 0x056c, 28, 8, 200, 8, 8, 1.000000f, 0, 3 },
		{ 0x056d, 28, 16, 200, 8, 8, 1.000000f, 0, 7 },
		{ 0x056e, 28, 24, 200, 8, 8, 1.000000f, 0, 6 },
		{ 0x056f, 28, 32, 200, 8, 8, 1.000000f, 0, 6 },
		{ 0x0570, 28, 40, 200, 8, 8, 1.000000f, 0, 6 },
		{ 0x0571, 28, 48, 200, 8, 8, 1.000000f, 0, 6 },
		{ 0x0572, 28, 56, 200, 8, 8, 1.000000f, 0, 7 },
		{ 0x0573, 28, 64, 200, 8, 8, 1.000000f, 0, 6 },
		{ 0x0574, 28, 72, 200, 8, 8, 1.000000f, 0, 7 },
		{ 0x0575, 28, 80, 200, 8, 8, 1.000000f, 0, 6 },
		{ 0x0576, 28, 88, 200, 8, 8, 1.000000f, 0, 7 },
		{ 0x0577, 28, 96, 200, 8, 8, 1.000000f, 0, 6 },
		{ 0x0578, 28, 104, 200, 8, 8, 1.000000f, 0, 6 },
		{ 0x0579, 28, 112, 200, 8, 8, 1.000000f, 0, 6 },
		{ 0x057a, 28, 120, 200, 8, 8, 1.000000f, 0, 6 },
		{ 0x057b, 28, 0, 208, 8, 8, 1.000000f, 0, 6 },
		{ 0x057c, 28, 8, 208, 8, 8, 1.000000f, 0, 6 },
		{ 0x057d, 28, 16, 208, 8, 8, 1.000000f, 0, 6 },
		{ 0x057e, 28, 24, 208, 8, 8, 1.000000f, 0, 7 },
		{ 0x057f, 28, 32, 208, 8, 8, 1.000000f, 0, 8 },
		{ 0x0580, 28, 40, 208, 8, 8, 1.000000f, 0, 6 },
		{ 0x0581, 28, 48, 208, 8, 8, 1.000000f, 0, 6 },
		{ 0x0582, 28, 56, 208, 8, 8, 1.000000f, 0, 5 },
		{ 0x0583, 28, 64, 208, 8, 8, 1.000000f, 0, 8 },
		{ 0x0584, 28, 72, 208, 8, 8, 1.000000f, 0, 7 },
		{ 0x0585, 28, 80, 208, 8, 8, 1.000000f, 0, 6 },
		{ 0x0586, 28, 88, 208, 8, 8, 1.000000f, 0, 6 },
		{ 0x0587, 28, 96, 208, 8, 8, 1.000000f, 0, 7 },
		{ 0x0588, 28, 56, 216, 8, 8, 1.000000f, 0, 7 },
		{ 0x058a, 28, 32, 392, 8, 8, 1.000000f, 0, 6 },
		{ 0x058f, 28, 64, 216, 8, 8, 1.000000f, 0, 6 },
		{ 0x05be, 28, 16, 296, 8, 8, 1.000000f, 0, 6 },
		{ 0x05c3, 28, 24, 296, 8, 8, 1.000000f, 0, 2 },
		{ 0x05c6, 28, 32, 296, 8, 8, 1.000000f, 0, 4 },
		{ 0x05d0, 28, 16, 104, 8, 8, 1.000000f, 0, 6 },
		{ 0x05d1, 28, 24, 104, 8, 8, 1.000000f, 0, 6 },
		{ 0x05d2, 28, 32, 104, 8, 8, 1.000000f, 0, 5 },
		{ 0x05d3, 28, 40, 104, 8, 8, 1.000000f, 0, 6 },
		{ 0x05d4, 28, 48, 104, 8, 8, 1.000000f, 0, 6 },
		{ 0x05d5, 28, 56, 104, 8, 8, 1.000000f, 0, 2 },
		{ 0x05d6, 28, 64, 104, 8, 8, 1.000000f, 0, 4 },
		{ 0x05d7, 28, 72, 104, 8, 8, 1.000000f, 0, 6 },
		{ 0x05d8, 28, 80, 104, 8, 8, 1.000000f, 0, 6 },
		{ 0x05d9, 28, 88, 104, 8, 8, 1.000000f, 0, 2 },
		{ 0x05da, 28, 96, 288, 8, 8, 1.000000f, 0, 6 },
		{ 0x05db, 28, 96, 104, 8, 8, 1.000000f, 0, 6 },
		{ 0x05dc, 28, 104, 104, 8, 8, 1.000000f, 0, 6 },
		{ 0x05dd, 28, 120, 104, 8, 8, 1.000000f, 0, 6 },
		{ 0x05de, 28, 112, 104, 8, 8, 1.000000f, 0, 6 },
		{ 0x05df, 28, 8, 112, 8, 8, 1.000000f, 0, 2 },
		{ 0x05e0, 28, 0, 112, 8, 8, 1.000000f, 0, 4 },
		{ 0x05e1, 28, 16, 112, 8, 8, 1.000000f, 0, 6 },
		{ 0x05e2, 28, 24, 112, 8, 8, 1.000000f, 0, 6 },
		{ 0x05e3, 28, 40, 112, 8, 8, 1.000000f, 0, 6 },
		{ 0x05e4, 28, 32, 112, 8, 8, 1.000000f, 0, 6 },
		{ 0x05e5, 28, 56, 112, 8, 8, 1.000000f, 0, 6 },
		{ 0x05e6, 28, 48, 112, 8, 8, 1.000000f, 0, 6 },
		{ 0x05e7, 28, 64, 112, 8, 8, 1.000000f, 0, 6 },
		{ 0x05e8, 28, 72, 112, 8, 8, 1.000000f, 0, 6 },
		{ 0x05e9, 28, 104, 208, 8, 8, 1.000000f, 0, 6 },
		{ 0x05ea, 28, 112, 208, 8, 8, 1.000000f, 0, 6 },
		{ 0x05f0, 28, 120, 288, 8, 8, 1.000000f, 0, 4 },
		{ 0x05f1, 28, 0, 296, 8, 8, 1.000000f, 0, 4 },
		{ 0x05f2, 28, 8, 296, 8, 8, 1.000000f, 0, 4 },
		{ 0x05f3, 28, 104, 288, 8, 8, 1.000000f, 0, 3 },
		{ 0x05f4, 28, 112, 288, 8, 8, 1.000000f, 0, 5 },
		{ 0x07c8, 28, 120, 152, 8, 8, 1.000000f, 0, 6 },
		{ 0x10a0, 28, 8, 336, 8, 8, 1.000000f, 0, 6 },
		{ 0x10a1, 28, 16, 336, 8, 8, 1.000000f, 0, 8 },
		{ 0x10a2, 28, 24, 336, 8, 8, 1.000000f, 0, 8 },
		{ 0x10a3, 28, 32, 336, 8, 8, 1.000000f, 0, 6 },
		{ 0x10a4, 28, 40, 336, 8, 8, 1.000000f, 0, 6 },
		{ 0x10a5, 28, 48, 336, 8, 8, 1.000000f, 0, 8 },
		{ 0x10a6, 28, 56, 336, 8, 8, 1.000000f, 0, 8 },
		{ 0x10a7, 28, 64, 336, 8, 8, 1.000000f, 0, 8 },
		{ 0x10a8, 28, 72, 336, 8, 8, 1.000000f, 0, 6 },
		{ 0x10a9, 28, 80, 336, 8, 8, 1.000000f, 0, 6 },
		{ 0x10aa, 28, 88, 336, 8, 8, 1.000000f, 0, 8 },
		{ 0x10ab, 28, 96, 336, 8, 8, 1.000000f, 0, 7 },
		{ 0x10ac, 28, 104, 336, 8, 8, 1.000000f, 0, 6 },
		{ 0x10ad, 28, 112, 336, 8, 8, 1.000000f, 0, 8 },
		{ 0x10ae, 28, 120, 336, 8, 8, 1.000000f, 0, 8 },
		{ 0x10af, 28, 0, 344, 8, 8, 1.000000f, 0, 7 },
		{ 0x10b0, 28, 8, 344, 8, 8, 1.000000f, 0, 8 },
		{ 0x10b1, 28, 16, 344, 8, 8, 1.000000f, 0, 6 },
		{ 0x10b2, 28, 24, 344, 8, 8, 1.000000f, 0, 6 },
		{ 0x10b3, 28, 32, 344, 8, 8, 1.000000f, 0, 8 },
		{ 0x10b4, 28, 40, 344, 8, 8, 1.000000f, 0, 6 },
		{ 0x10b5, 28, 48, 344, 8, 8, 1.000000f, 0, 6 },
		{ 0x10b6, 28, 56, 344, 8, 8, 1.000000f, 0, 6 },
		{ 0x10b7, 28, 64, 344, 8, 8, 1.000000f, 0, 6 },
		{ 0x10b8, 28, 72, 344, 8, 8, 1.000000f, 0, 6 },
		{ 0x10b9, 28, 80, 344, 8, 8, 1.000000f, 0, 6 },
		{ 0x10ba, 28, 88, 344, 8, 8, 1.000000f, 0, 6 },
		{ 0x10bb, 28, 96, 344, 8, 8, 1.000000f, 0, 8 },
		{ 0x10bc, 28, 104, 344, 8, 8, 1.000000f, 0, 6 },
		{ 0x10bd, 28, 112, 344, 8, 8, 1.000000f, 0, 6 },
		{ 0x10be, 28, 120, 344, 8, 8, 1.000000f, 0, 6 },
		{ 0x10bf, 28, 0, 352, 8, 8, 1.000000f, 0, 6 },
		{ 0x10c0, 28, 8, 352, 8, 8, 1.000000f, 0, 8 },
		{ 0x10c1, 28, 16, 352, 8, 8, 1.000000f, 0, 6 },
		{ 0x10c2, 28, 24, 352, 8, 8, 1.000000f, 0, 6 },
		{ 0x10c3, 28, 32, 352, 8, 8, 1.000000f, 0, 6 },
		{ 0x10c4, 28, 40, 352, 8, 8, 1.000000f, 0, 6 },
		{ 0x10c5, 28, 48, 352, 8, 8, 1.000000f, 0, 8 },
		{ 0x10c7, 28, 56, 352, 8, 8, 1.000000f, 0, 6 },
		{ 0x10cd, 28, 64, 352, 8, 8, 1.000000f, 0, 6 },
		{ 0x10d0, 28, 72, 352, 8, 8, 1.000000f, 0, 6 },
		{ 0x10d1, 28, 80, 352, 8, 8, 1.000000f, 0, 6 },
		{ 0x10d2, 28, 88, 352, 8, 8, 1.000000f, 0, 6 },
		{ 0x10d3, 28, 96, 352, 8, 8, 1.000000f, 0, 6 },
		{ 0x10d4, 28, 104, 352, 8, 8, 1.000000f, 0, 6 },
		{ 0x10d5, 28, 112, 352, 8, 8, 1.000000f, 0, 6 },
		{ 0x10d6, 28, 120, 352, 8, 8, 1.000000f, 0, 6 },
		{ 0x10d7, 28, 0, 360, 8, 8, 1.000000f, 0, 6 },
		{ 0x10d8, 28, 8, 360, 8, 8, 1.000000f, 0, 6 },
		{ 0x10d9, 28, 16, 360, 8, 8, 1.000000f, 0, 6 },
		{ 0x10da, 28, 24, 360, 8, 8, 1.000000f, 0, 8 },
		{ 0x10db, 28, 32, 360, 8, 8, 1.000000f, 0, 6 },
		{ 0x10dc, 28, 40, 360, 8, 8, 1.000000f, 0, 6 },
		{ 0x10dd, 28, 48, 360, 8, 8, 1.000000f, 0, 6 },
		{ 0x10de, 28, 56, 360, 8, 8, 1.000000f, 0, 6 },
		{ 0x10df, 28, 64, 360, 8, 8, 1.000000f, 0, 6 },
		{ 0x10e0, 28, 72, 360, 8, 8, 1.000000f, 0, 6 },
		{ 0x10e1, 28, 80, 360, 8, 8, 1.000000f, 0, 6 },
		{ 0x10e2, 28, 88, 360, 8, 8, 1.000000f, 0, 6 },
		{ 0x10e3, 28, 96, 360, 8, 8, 1.000000f, 0, 6 },
		{ 0x10e4, 28, 104, 360, 8, 8, 1.000000f, 0, 6 },
		{ 0x10e5, 28, 112, 360, 8, 8, 1.000000f, 0, 6 },
		{ 0x10e6, 28, 120, 360, 8, 8, 1.000000f, 0, 6 },
		{ 0x10e7, 28, 0, 368, 8, 8, 1.000000f, 0, 6 },
		{ 0x10e8, 28, 8, 368, 8, 8, 1.000000f, 0, 6 },
		{ 0x10e9, 28, 16, 368, 8, 8, 1.000000f, 0, 6 },
		{ 0x10ea, 28, 24, 368, 8, 8, 1.000000f, 0, 6 },
		{ 0x10eb, 28, 32, 368, 8, 8, 1.000000f, 0, 6 },
		{ 0x10ec, 28, 40, 368, 8, 8, 1.000000f, 0, 6 },
		{ 0x10ed, 28, 48, 368, 8, 8, 1.000000f, 0, 6 },
		{ 0x10ee, 28, 56, 368, 8, 8, 1.000000f, 0, 6 },
		{ 0x10ef, 28, 64, 368, 8, 8, 1.000000f, 0, 5 },
		{ 0x10f0, 28, 72, 368, 8, 8, 1.000000f, 0, 6 },
		{ 0x10f1, 28, 80, 368, 8, 8, 1.000000f, 0, 7 },
		{ 0x10f2, 28, 88, 368, 8, 8, 1.000000f, 0, 6 },
		{ 0x10f3, 28, 96, 368, 8, 8, 1.000000f, 0, 6 },
		{ 0x10f4, 28, 104, 368, 8, 8, 1.000000f, 0, 6 },
		{ 0x10f5, 28, 112, 368, 8, 8, 1.000000f, 0, 6 },
		{ 0x10f6, 28, 120, 368, 8, 8, 1.000000f, 0, 6 },
		{ 0x10f7, 28, 0, 376, 8, 8, 1.000000f, 0, 6 },
		{ 0x10f8, 28, 8, 376, 8, 8, 1.000000f, 0, 6 },
		{ 0x10f9, 28, 16, 376, 8, 8, 1.000000f, 0, 6 },
		{ 0x10fa, 28, 24, 376, 8, 8, 1.000000f, 0, 6 },
		{ 0x10fb, 28, 32, 376, 8, 8, 1.000000f, 0, 4 },
		{ 0x10fc, 28, 40, 376, 8, 8, 1.000000f, 0, 4 },
		{ 0x10fd, 28, 48, 376, 8, 8, 1.000000f, 0, 6 },
		{ 0x10fe, 28, 56, 376, 8, 8, 1.000000f, 0, 6 },
		{ 0x10ff, 28, 64, 376, 8, 8, 1.000000f, 0, 6 },
		{ 0x15e1, 28, 40, 160, 8, 8, 1.000000f, 0, 6 },
		{ 0x15fa, 28, 24, 160, 8, 8, 1.000000f, 0, 6 },
		{ 0x1614, 28, 104, 152, 8, 8, 1.000000f, 0, 6 },
		{ 0x16a0, 28, 8, 248, 8, 8, 1.000000f, 0, 5 },
		{ 0x16a1, 27, 18, 228, 9, 12, 1.000000f, -3, 5 },
		{ 0x16a2, 28, 16, 248, 8, 8, 1.000000f, 0, 6 },
		{ 0x16a3, 28, 24, 248, 8, 8, 1.000000f, 0, 6 },
		{ 0x16a4, 28, 32, 248, 8, 8, 1.000000f, 0, 6 },
		{ 0x16a5, 28, 40, 248, 8, 8, 1.000000f, 0, 6 },
		{ 0x16a6, 28, 48, 248, 8, 8, 1.000000f, 0, 5 },
		{ 0x16a7, 28, 56, 248, 8, 8, 1.000000f, 0, 5 },
		{ 0x16a8, 28, 64, 248, 8, 8, 1.000000f, 0, 4 },
		{ 0x16a9, 28, 72, 248, 8, 8, 1.000000f, 0, 5 },
		{ 0x16aa, 28, 80, 248, 8, 8, 1.000000f, 0, 5 },
		{ 0x16ab, 28, 88, 248, 8, 8, 1.000000f, 0, 5 },
		{ 0x16ac, 28, 96, 248, 8, 8, 1.000000f, 0, 6 },
		{ 0x16ad, 28, 104, 248, 8, 8, 1.000000f, 0, 4 },
		{ 0x16ae, 28, 112, 248, 8, 8, 1.000000f, 0, 4 },
		{ 0x16af, 28, 120, 248, 8, 8, 1.000000f, 0, 6 },
		{ 0x16b0, 28, 0, 256, 8, 8, 1.000000f, 0, 6 },
		{ 0x16b1, 28, 8, 256, 8, 8, 1.000000f, 0, 5 },
		{ 0x16b2, 28, 16, 256, 8, 8, 1.000000f, 0, 4 },
		{ 0x16b3, 28, 24, 256, 8, 8, 1.000000f, 0, 5 },
		{ 0x16b4, 28, 32, 256, 8, 8, 1.000000f, 0, 5 },
		{ 0x16b5, 27, 27, 228, 9, 12, 1.000000f, -3, 5 },
		{ 0x16b6, 28, 40, 256, 8, 8, 1.000000f, 0, 6 },
		{ 0x16b7, 28, 48, 256, 8, 8, 1.000000f, 0, 6 },
		{ 0x16b8, 28, 56, 256, 8, 8, 1.000000f, 0, 6 },
		{ 0x16b9, 28, 64, 256, 8, 8, 1.000000f, 0, 5 },
		{ 0x16ba, 28, 72, 256, 8, 8, 1.000000f, 0, 6 },
		{ 0x16bb, 28, 80, 256, 8, 8, 1.000000f, 0, 6 },
		{ 0x16bc, 28, 88, 256, 8, 8, 1.000000f, 0, 6 },
		{ 0x16bd, 28, 96, 256, 8, 8, 1.000000f, 0, 4 },
		{ 0x16be, 28, 104, 256, 8, 8, 1.000000f, 0, 6 },
		{ 0x16bf, 28, 112, 256, 8, 8, 1.000000f, 0, 4 },
		{ 0x16c0, 28, 120, 256, 8, 8, 1.000000f, 0, 6 },
		{ 0x16c1, 28, 0, 264, 8, 8, 1.000000f, 0, 2 },
		{ 0x16c2, 28, 8, 264, 8, 8, 1.000000f, 0, 4 },
		{ 0x16c3, 28, 16, 264, 8, 8, 1.000000f, 0, 7 },
		{ 0x16c4, 28, 24, 264, 8, 8, 1.000000f, 0, 6 },
		{ 0x16c5, 28, 32, 264, 8, 8, 1.000000f, 0, 6 },
		{ 0x16c6, 28, 40, 264, 8, 8, 1.000000f, 0, 4 },
		{ 0x16c7, 28, 48, 264, 8, 8, 1.000000f, 0, 6 },
		{ 0x16c8, 28, 56, 264, 8, 8, 1.000000f, 0, 5 },
		{ 0x16c9, 28, 64, 264, 8, 8, 1.000000f, 0, 6 },
		{ 0x16ca, 28, 72, 264, 8, 8, 1.000000f, 0, 4 },
		{ 0x16cb, 28, 80, 264, 8, 8, 1.000000f, 0, 6 },
		{ 0x16cc, 28, 88, 264, 8, 8, 1.000000f, 0, 2 },
		{ 0x16cd, 28, 96, 264, 8, 8, 1.000000f, 0, 4 },
		{ 0x16ce, 28, 104, 264, 8, 8, 1.000000f, 0, 6 },
		{ 0x16cf, 28, 112, 264, 8, 8, 1.000000f, 0, 6 },
		{ 0x16d0, 28, 120, 264, 8, 8, 1.000000f, 0, 4 },
		{ 0x16d1, 28, 0, 272, 8, 8, 1.000000f, 0, 5 },
		{ 0x16d2, 28, 8, 272, 8, 8, 1.000000f, 0, 5 },
		{ 0x16d3, 28, 16, 272, 8, 8, 1.000000f, 0, 4 },
		{ 0x16d4, 28, 24, 272, 8, 8, 1.000000f, 0, 5 },
		{ 0x16d5, 28, 32, 272, 8, 8, 1.000000f, 0, 5 },
		{ 0x16d6, 28, 40, 272, 8, 8, 1.000000f, 0, 6 },
		{ 0x16d7, 28, 48, 272, 8, 8, 1.000000f, 0, 6 },
		{ 0x16d8, 28, 56, 272, 8, 8, 1.000000f, 0, 6 },
		{ 0x16d9, 28, 64, 272, 8, 8, 1.000000f, 0, 4 },
		{ 0x16da, 28, 72, 272, 8, 8, 1.000000f, 0, 4 },
		{ 0x16db, 28, 80, 272, 8, 8, 1.000000f, 0, 5 },
		{ 0x16dc, 28, 88, 272, 8, 8, 1.000000f, 0, 6 },
		{ 0x16dd, 28, 96, 272, 8, 8, 1.000000f, 0, 6 },
		{ 0x16de, 28, 104, 272, 8, 8, 1.000000f, 0, 6 },
		{ 0x16df, 28, 112, 272, 8, 8, 1.000000f, 0, 7 },
		{ 0x16e0, 28, 120, 272, 8, 8, 1.000000f, 0, 8 },
		{ 0x16e1, 28, 0, 280, 8, 8, 1.000000f, 0, 6 },
		{ 0x16e2, 28, 8, 280, 8, 8, 1.000000f, 0, 8 },
		{ 0x16e3, 28, 16, 280, 8, 8, 1.000000f, 0, 6 },
		{ 0x16e4, 28, 24, 280, 8, 8, 1.000000f, 0, 6 },
		{ 0x16e5, 28, 32, 280, 8, 8, 1.000000f, 0, 6 },
		{ 0x16e6, 28, 40, 280, 8, 8, 1.000000f, 0, 6 },
		{ 0x16e7, 28, 48, 280, 8, 8, 1.000000f, 0, 2 },
		{ 0x16e8, 28, 56, 280, 8, 8, 1.000000f, 0, 6 },
		{ 0x16e9, 28, 64, 280, 8, 8, 1.000000f, 0, 5 },
		{ 0x16ea, 28, 72, 280, 8, 8, 1.000000f, 0, 8 },
		{ 0x16eb, 28, 80, 280, 8, 8, 1.000000f, 0, 3 },
		{ 0x16ec, 28, 88, 280, 8, 8, 1.000000f, 0, 2 },
		{ 0x16ed, 28, 96, 280, 8, 8, 1.000000f, 0, 6 },
		{ 0x16ee, 28, 104, 280, 8, 8, 1.000000f, 0, 6 },
		{ 0x16ef, 28, 112, 280, 8, 8, 1.000000f, 0, 6 },
		{ 0x16f0, 28, 120, 280, 8, 8, 1.000000f, 0, 6 },
		{ 0x16f1, 28, 0, 288, 8, 8, 1.000000f, 0, 6 },
		{ 0x16f2, 28, 8, 288, 8, 8, 1.000000f, 0, 6 },
		{ 0x16f3, 28, 16, 288, 8, 8, 1.000000f, 0, 8 },
		{ 0x16f4, 28, 24, 288, 8, 8, 1.000000f, 0, 5 },
		{ 0x16f5, 28, 32, 288, 8, 8, 1.000000f, 0, 3 },
		{ 0x16f6, 28, 40, 288, 8, 8, 1.000000f, 0, 6 },
		{ 0x16f7, 28, 48, 288, 8, 8, 1.000000f, 0, 6 },
		{ 0x16f8, 28, 56, 288, 8, 8, 1.000000f, 0, 6 },
		{ 0x1d00, 28, 56, 296, 8, 8, 1.000000f, 0, 6 },
		{ 0x1d02, 27, 99, 516, 9, 12, 1.000000f, -3, 10 },
		{ 0x1d04, 28, 72, 296, 8, 8, 1.000000f, 0, 6 },
		{ 0x1d05, 28, 80, 296, 8, 8, 1.000000f, 0, 6 },
		{ 0x1d07, 28, 88, 296, 8, 8, 1.000000f, 0, 6 },
		{ 0x1d09, 28, 64, 168, 8, 8, 1.000000f, 0, 2 },
		{ 0x1d0a, 28, 120, 296, 8, 8, 1.000000f, 0, 6 },
		{ 0x1d0b, 28, 0, 304, 8, 8, 1.000000f, 0, 6 },
		{ 0x1d0d, 28, 16, 304, 8, 8, 1.000000f, 0, 6 },
		{ 0x1d0f, 28, 32, 304, 8, 8, 1.000000f, 0, 6 },
		{ 0x1d14, 27, 108, 516, 9, 12, 1.000000f, -3, 10 },
		{ 0x1d18, 28, 40, 304, 8, 8, 1.000000f, 0, 6 },
		{ 0x1d1a, 28, 104, 160, 8, 8, 1.000000f, 0, 6 },
		{ 0x1d1b, 28, 72, 304, 8, 8, 1.000000f, 0, 6 },
		{ 0x1d1c, 28, 80, 304, 8, 8, 1.000000f, 0, 6 },
		{ 0x1d20, 28, 88, 304, 8, 8, 1.000000f, 0, 6 },
		{ 0x1d21, 28, 96, 304, 8, 8, 1.000000f, 0, 6 },
		{ 0x1d22, 28, 112, 304, 8, 8, 1.000000f, 0, 6 },
		{ 0x1d6b, 27, 9, 216, 9, 12, 1.000000f, -3, 10 },
		{ 0x1d6c, 27, 63, 372, 9, 12, 1.000000f, -3, 8 },
		{ 0x1d6d, 27, 9, 384, 9, 12, 1.000000f, -3, 8 },
		{ 0x1d6e, 27, 9, 396, 9, 12, 1.000000f, -3, 6 },
		{ 0x1d6f, 27, 126, 420, 9, 12, 1.000000f, -3, 8 },
		{ 0x1d70, 27, 81, 432, 9, 12, 1.000000f, -3, 8 },
		{ 0x1d71, 27, 45, 456, 9, 12, 1.000000f, -3, 8 },
		{ 0x1d72, 27, 18, 468, 9, 12, 1.000000f, -3, 8 },
		{ 0x1d73, 27, 9, 468, 9, 12, 1.000000f, -3, 8 },
		{ 0x1d74, 27, 99, 468, 9, 12, 1.000000f, -3, 8 },
		{ 0x1d75, 27, 18, 480, 9, 12, 1.000000f, -3, 6 },
		{ 0x1d76, 27, 9, 516, 9, 12, 1.000000f, -3, 6 },
		{ 0x1d77, 28, 48, 168, 8, 8, 1.000000f, 0, 6 },
		{ 0x1d7a, 27, 81, 516, 9, 12, 1.000000f, -3, 9 },
		{ 0x1d80, 27, 18, 864, 9, 12, 1.000000f, -3, 6 },
		{ 0x1d81, 27, 45, 864, 9, 12, 1.000000f, -3, 7 },
		{ 0x1d82, 27, 54, 864, 9, 12, 1.000000f, -3, 5 },
		{ 0x1d83, 27, 63, 864, 9, 12, 1.000000f, -3, 7 },
		{ 0x1d84, 27, 81, 864, 9, 12, 1.000000f, -3, 6 },
		{ 0x1d85, 27, 90, 864, 9, 12, 1.000000f, -3, 3 },
		{ 0x1d86, 27, 99, 864, 9, 12, 1.000000f, -3, 7 },
		{ 0x1d87, 27, 108, 864, 9, 12, 1.000000f, -3, 7 },
		{ 0x1d88, 27, 117, 864, 9, 12, 1.000000f, -3, 6 },
		{ 0x1d89, 27, 126, 864, 9, 12, 1.000000f, -3, 6 },
		{ 0x1d8a, 27, 135, 864, 9, 12, 1.000000f, -3, 6 },
		{ 0x1d8b, 27, 0, 876, 9, 12, 1.000000f, -3, 6 },
		{ 0x1d8c, 27, 9, 876, 9, 12, 1.000000f, -3, 6 },
		{ 0x1d8d, 27, 18, 876, 9, 12, 1.000000f, -3, 7 },
		{ 0x1d8e, 27, 36, 876, 9, 12, 1.000000f, -3, 7 },
		{ 0x1d8f, 27, 45, 876, 9, 12, 1.000000f, -3, 7 },
		{ 0x1d90, 27, 54, 876, 9, 12, 1.000000f, -3, 7 },
		{ 0x1d91, 28, 80, 320, 8, 8, 1.000000f, 0, 7 },
		{ 0x1d92, 27, 63, 876, 9, 12, 1.000000f, -3, 7 },
		{ 0x1d93, 27, 72, 876, 9, 12, 1.000000f, -3, 7 },
		{ 0x1d94, 27, 81, 876, 9, 12, 1.000000f, -3, 6 },
		{ 0x1d95, 27, 90, 876, 9, 12, 1.000000f, -3, 7 },
		{ 0x1d96, 27, 99, 876, 9, 12, 1.000000f, -3, 3 },
		{ 0x1d97, 27, 108, 876, 9, 12, 1.000000f, -3, 7 },
		{ 0x1d98, 27, 117, 876, 9, 12, 1.000000f, -3, 6 },
		{ 0x1d99, 27, 126, 876, 9, 12, 1.000000f, -3, 7 },
		{ 0x1d9a, 27, 135, 876, 9, 12, 1.000000f, -3, 6 },
		{ 0x1e00, 27, 135, 360, 9, 12, 1.000000f, -3, 6 },
		{ 0x1e01, 27, 0, 372, 9, 12, 1.000000f, -3, 6 },
		{ 0x1e02, 27, 18, 168, 9, 12, 1.000000f, -3, 6 },
		{ 0x1e03, 27, 27, 168, 9, 12, 1.000000f, -3, 6 },
		{ 0x1e04, 27, 45, 372, 9, 12, 1.000000f, -3, 6 },
		{ 0x1e05, 27, 54, 372, 9, 12, 1.000000f, -3, 6 },
		{ 0x1e06, 27, 27, 372, 9, 12, 1.000000f, -3, 6 },
		{ 0x1e07, 27, 36, 372, 9, 12, 1.000000f, -3, 6 },
		{ 0x1e08, 27, 72, 372, 9, 12, 1.000000f, -3, 6 },
		{ 0x1e09, 27, 81, 372, 9, 12, 1.000000f, -3, 6 },
		{ 0x1e0a, 27, 36, 168, 9, 12, 1.000000f, -3, 6 },
		{ 0x1e0b, 27, 45, 168, 9, 12, 1.000000f, -3, 6 },
		{ 0x1e0c, 27, 0, 384, 9, 12, 1.000000f, -3, 6 },
		{ 0x1e0d, 27, 36, 192, 9, 12, 1.000000f, -3, 6 },
		{ 0x1e0e, 27, 126, 372, 9, 12, 1.000000f, -3, 6 },
		{ 0x1e0f, 27, 135, 372, 9, 12, 1.000000f, -3, 6 },
		{ 0x1e10, 27, 90, 372, 9, 12, 1.000000f, -3, 6 },
		{ 0x1e11, 27, 99, 372, 9, 12, 1.000000f, -3, 6 },
		{ 0x1e12, 27, 108, 372, 9, 12, 1.000000f, -3, 6 },
		{ 0x1e13, 27, 117, 372, 9, 12, 1.000000f, -3, 6 },
		{ 0x1e14, 27, 18, 384, 9, 12, 1.000000f, -3, 6 },
		{ 0x1e15, 27, 27, 384, 9, 12, 1.000000f, -3, 6 },
		{ 0x1e16, 27, 36, 384, 9, 12, 1.000000f, -3, 6 },
		{ 0x1e17, 27, 45, 384, 9, 12, 1.000000f, -3, 6 },
		{ 0x1e18, 27, 54, 384, 9, 12, 1.000000f, -3, 6 },
		{ 0x1e19, 27, 63, 384, 9, 12, 1.000000f, -3, 6 },
		{ 0x1e1a, 27, 108, 384, 9, 12, 1.000000f, -3, 6 },
		{ 0x1e1b, 27, 117, 384, 9, 12, 1.000000f, -3, 6 },
		{ 0x1e1c, 27, 72, 384, 9, 12, 1.000000f, -3, 6 },
		{ 0x1e1d, 27, 81, 384, 9, 12, 1.000000f, -3, 6 },
		{ 0x1e1e, 27, 54, 168, 9, 12, 1.000000f, -3, 6 },
		{ 0x1e1f, 27, 63, 168, 9, 12, 1.000000f, -3, 5 },
		{ 0x1e20, 27, 18, 60, 9, 12, 1.000000f, -3, 6 },
		{ 0x1e21, 27, 27, 60, 9, 12, 1.000000f, -3, 6 },
		{ 0x1e22, 27, 72, 168, 9, 12, 1.000000f, -3, 6 },
		{ 0x1e23, 27, 81, 168, 9, 12, 1.000000f, -3, 6 },
		{ 0x1e24, 27, 117, 396, 9, 12, 1.000000f, -3, 6 },
		{ 0x1e25, 27, 45, 192, 9, 12, 1.000000f, -3, 6 },
		{ 0x1e26, 27, 45, 396, 9, 12, 1.000000f, -3, 6 },
		{ 0x1e27, 27, 54, 396, 9, 12, 1.000000f, -3, 6 },
		{ 0x1e28, 27, 63, 396, 9, 12, 1.000000f, -3, 6 },
		{ 0x1e29, 27, 72, 396, 9, 12, 1.000000f, -3, 6 },
		{ 0x1e2a, 27, 81, 396, 9, 12, 1.000000f, -3, 6 },
		{ 0x1e2b, 27, 90, 396, 9, 12, 1.000000f, -3, 6 },
		{ 0x1e2c, 27, 63, 408, 9, 12, 1.000000f, -3, 5 },
		{ 0x1e2d, 27, 72, 408, 9, 12, 1.000000f, -3, 5 },
		{ 0x1e2e, 27, 135, 396, 9, 12, 1.000000f, -3, 4 },
		{ 0x1e2f, 27, 0, 408, 9, 12, 1.000000f, -3, 4 },
		{ 0x1e30, 27, 90, 168, 9, 12, 1.000000f, -3, 6 },
		{ 0x1e31, 27, 99, 168, 9, 12, 1.000000f, -3, 5 },
		{ 0x1e32, 27, 117, 408, 9, 12, 1.000000f, -3, 6 },
		{ 0x1e33, 27, 126, 408, 9, 12, 1.000000f, -3, 5 },
		{ 0x1e34, 27, 135, 408, 9, 12, 1.000000f, -3, 6 },
		{ 0x1e35, 27, 0, 420, 9, 12, 1.000000f, -3, 5 },
		{ 0x1e36, 27, 45, 420, 9, 12, 1.000000f, -3, 6 },
		{ 0x1e37, 27, 54, 420, 9, 12, 1.000000f, -3, 3 },
		{ 0x1e38, 27, 63, 420, 9, 12, 1.000000f, -3, 6 },
		{ 0x1e39, 27, 72, 420, 9, 12, 1.000000f, -3, 4 },
		{ 0x1e3a, 27, 9, 420, 9, 12, 1.000000f, -3, 6 },
		{ 0x1e3b, 27, 18, 420, 9, 12, 1.000000f, -3, 4 },
		{ 0x1e3c, 27, 27, 420, 9, 12, 1.000000f, -3, 6 },
		{ 0x1e3d, 27, 36, 420, 9, 12, 1.000000f, -3, 4 },
		{ 0x1e3e, 27, 90, 420, 9, 12, 1.000000f, -3, 6 },
		{ 0x1e3f, 27, 99, 420, 9, 12, 1.000000f, -3, 6 },
		{ 0x1e40, 27, 108, 168, 9, 12, 1.000000f, -3, 6 },
		{ 0x1e41, 27, 117, 168, 9, 12, 1.000000f, -3, 6 },
		{ 0x1e42, 27, 108, 420, 9, 12, 1.000000f, -3, 6 },
		{ 0x1e43, 27, 117, 420, 9, 12, 1.000000f, -3, 6 },
		{ 0x1e44, 27, 135, 420, 9, 12, 1.000000f, -3, 6 },
		{ 0x1e45, 27, 0, 432, 9, 12, 1.000000f, -3, 6 },
		{ 0x1e46, 27, 9, 432, 9, 12, 1.000000f, -3, 6 },
		{ 0x1e47, 27, 18, 432, 9, 12, 1.000000f, -3, 6 },
		{ 0x1e48, 27, 63, 432, 9, 12, 1.000000f, -3, 6 },
		{ 0x1e49, 27, 72, 432, 9, 12, 1.000000f, -3, 6 },
		{ 0x1e4a, 27, 27, 432, 9, 12, 1.000000f, -3, 6 },
		{ 0x1e4b, 27, 36, 432, 9, 12, 1.000000f, -3, 6 },
		{ 0x1e4c, 27, 126, 432, 9, 12, 1.000000f, -3, 6 },
		{ 0x1e4d, 27, 135, 432, 9, 12, 1.000000f, -3, 6 },
		{ 0x1e4e, 27, 0, 444, 9, 12, 1.000000f, -3, 6 },
		{ 0x1e4f, 27, 9, 444, 9, 12, 1.000000f, -3, 6 },
		{ 0x1e50, 27, 18, 444, 9, 12, 1.000000f, -3, 6 },
		{ 0x1e51, 27, 27, 444, 9, 12, 1.000000f, -3, 6 },
		{ 0x1e52, 27, 36, 444, 9, 12, 1.000000f, -3, 6 },
		{ 0x1e53, 27, 45, 444, 9, 12, 1.000000f, -3, 6 },
		{ 0x1e54, 27, 27, 456, 9, 12, 1.000000f, -3, 6 },
		{ 0x1e55, 27, 36, 456, 9, 12, 1.000000f, -3, 6 },
		{ 0x1e56, 27, 126, 168, 9, 12, 1.000000f, -3, 6 },
		{ 0x1e57, 27, 135, 168, 9, 12, 1.000000f, -3, 6 },
		{ 0x1e58, 27, 72, 456, 9, 12, 1.000000f, -3, 6 },
		{ 0x1e59, 27, 81, 456, 9, 12, 1.000000f, -3, 6 },
		{ 0x1e5a, 27, 0, 468, 9, 12, 1.000000f, -3, 6 },
		{ 0x1e5b, 27, 54, 192, 9, 12, 1.000000f, -3, 6 },
		{ 0x1e5c, 27, 90, 456, 9, 12, 1.000000f, -3, 6 },
		{ 0x1e5d, 27, 99, 456, 9, 12, 1.000000f, -3, 6 },
		{ 0x1e5e, 27, 108, 456, 9, 12, 1.000000f, -3, 6 },
		{ 0x1e5f, 27, 117, 456, 9, 12, 1.000000f, -3, 6 },
		{ 0x1e60, 27, 0, 180, 9, 12, 1.000000f, -3, 6 },
		{ 0x1e61, 27, 9, 180, 9, 12, 1.000000f, -3, 6 },
		{ 0x1e62, 27, 63, 468, 9, 12, 1.000000f, -3, 6 },
		{ 0x1e63, 27, 72, 468, 9, 12, 1.000000f, -3, 6 },
		{ 0x1e64, 27, 27, 468, 9, 12, 1.000000f, -3, 6 },
		{ 0x1e65, 27, 36, 468, 9, 12, 1.000000f, -3, 6 },
		{ 0x1e66, 27, 45, 468, 9, 12, 1.000000f, -3, 6 },
		{ 0x1e67, 27, 54, 468, 9, 12, 1.000000f, -3, 6 },
		{ 0x1e68, 27, 81, 468, 9, 12, 1.000000f, -3, 6 },
		{ 0x1e69, 27, 90, 468, 9, 12, 1.000000f, -3, 6 },
		{ 0x1e6a, 27, 18, 180, 9, 12, 1.000000f, -3, 6 },
		{ 0x1e6b, 27, 27, 180, 9, 12, 1.000000f, -3, 4 },
		{ 0x1e6c, 27, 0, 480, 9, 12, 1.000000f, -3, 6 },
		{ 0x1e6d, 27, 63, 192, 9, 12, 1.000000f, -3, 4 },
		{ 0x1e6e, 27, 126, 468, 9, 12, 1.000000f, -3, 6 },
		{ 0x1e6f, 27, 135, 468, 9, 12, 1.000000f, -3, 4 },
		{ 0x1e70, 27, 108, 468, 9, 12, 1.000000f, -3, 6 },
		{ 0x1e71, 27, 117, 468, 9, 12, 1.000000f, -3, 4 },
		{ 0x1e72, 27, 27, 480, 9, 12, 1.000000f, -3, 6 },
		{ 0x1e73, 27, 36, 480, 9, 12, 1.000000f, -3, 6 },
		{ 0x1e74, 27, 45, 492, 9, 12, 1.000000f, -3, 6 },
		{ 0x1e75, 27, 54, 492, 9, 12, 1.000000f, -3, 6 },
		{ 0x1e76, 27, 45, 480, 9, 12, 1.000000f, -3, 6 },
		{ 0x1e77, 27, 54, 480, 9, 12, 1.000000f, -3, 6 },
		{ 0x1e78, 27, 63, 480, 9, 12, 1.000000f, -3, 6 },
		{ 0x1e79, 27, 72, 480, 9, 12, 1.000000f, -3, 6 },
		{ 0x1e7a, 27, 81, 480, 9, 12, 1.000000f, -3, 6 },
		{ 0x1e7b, 27, 90, 480, 9, 12, 1.000000f, -3, 6 },
		{ 0x1e7c, 27, 108, 492, 9, 12, 1.000000f, -3, 6 },
		{ 0x1e7d, 27, 117, 492, 9, 12, 1.000000f, -3, 6 },
		{ 0x1e7e, 27, 90, 492, 9, 12, 1.000000f, -3, 6 },
		{ 0x1e7f, 27, 99, 492, 9, 12, 1.000000f, -3, 6 },
		{ 0x1e80, 27, 36, 180, 9, 12, 1.000000f, -3, 6 },
		{ 0x1e81, 27, 45, 180, 9, 12, 1.000000f, -3, 6 },
		{ 0x1e82, 27, 54, 180, 9, 12, 1.000000f, -3, 6 },
		{ 0x1e83, 27, 63, 180, 9, 12, 1.000000f, -3, 6 },
		{ 0x1e84, 27, 72, 180, 9, 12, 1.000000f, -3, 6 },
		{ 0x1e85, 27, 81, 180, 9, 12, 1.000000f, -3, 6 },
		{ 0x1e86, 27, 126, 492, 9, 12, 1.000000f, -3, 6 },
		{ 0x1e87, 27, 135, 492, 9, 12, 1.000000f, -3, 6 },
		{ 0x1e88, 27, 0, 504, 9, 12, 1.000000f, -3, 6 },
		{ 0x1e89, 27, 9, 504, 9, 12, 1.000000f, -3, 6 },
		{ 0x1e8a, 27, 45, 504, 9, 12, 1.000000f, -3, 6 },
		{ 0x1e8b, 27, 54, 504, 9, 12, 1.000000f, -3, 6 },
		{ 0x1e8c, 27, 27, 504, 9, 12, 1.000000f, -3, 6 },
		{ 0x1e8d, 27, 36, 504, 9, 12, 1.000000f, -3, 6 },
		{ 0x1e8e, 27, 81, 504, 9, 12, 1.000000f, -3, 6 },
		{ 0x1e8f, 27, 90, 504, 9, 12, 1.000000f, -3, 6 },
		{ 0x1e90, 27, 126, 504, 9, 12, 1.000000f, -3, 6 },
		{ 0x1e91, 27, 135, 504, 9, 12, 1.000000f, -3, 6 },
		{ 0x1e92, 27, 72, 192, 9, 12, 1.000000f, -3, 6 },
		{ 0x1e93, 27, 0, 516, 9, 12, 1.000000f, -3, 6 },
		{ 0x1e94, 27, 108, 504, 9, 12, 1.000000f, -3, 6 },
		{ 0x1e95, 27, 117, 504, 9, 12, 1.000000f, -3, 6 },
		{ 0x1e96, 27, 126, 396, 9, 12, 1.000000f, -3, 6 },
		{ 0x1e97, 27, 9, 480, 9, 12, 1.000000f, -3, 4 },
		{ 0x1e98, 27, 18, 504, 9, 12, 1.000000f, -3, 6 },
		{ 0x1e99, 27, 99, 504, 9, 12, 1.000000f, -3, 6 },
		{ 0x1e9a, 27, 0, 888, 9, 12, 1.000000f, -3, 6 },
		{ 0x1e9b, 27, 36, 516, 9, 12, 1.000000f, -3, 4 },
		{ 0x1e9c, 28, 80, 480, 8, 8, 1.000000f, 0, 5 },
		{ 0x1e9d, 28, 88, 480, 8, 8, 1.000000f, 0, 5 },
		{ 0x1e9e, 28, 40, 80, 8, 8, 1.000000f, 0, 6 },
		{ 0x1e9f, 28, 16, 464, 8, 8, 1.000000f, 0, 6 },
		{ 0x1ea0, 27, 54, 264, 9, 12, 1.000000f, -3, 6 },
		{ 0x1ea1, 27, 63, 264, 9, 12, 1.000000f, -3, 6 },
		{ 0x1ea2, 27, 126, 240, 9, 12, 1.000000f, -3, 6 },
		{ 0x1ea3, 27, 135, 240, 9, 12, 1.000000f, -3, 6 },
		{ 0x1ea4, 27, 90, 228, 9, 12, 1.000000f, -3, 6 },
		{ 0x1ea5, 27, 99, 228, 9, 12, 1.000000f, -3, 6 },
		{ 0x1ea6, 27, 45, 240, 9, 12, 1.000000f, -3, 6 },
		{ 0x1ea7, 27, 54, 240, 9, 12, 1.000000f, -3, 6 },
		{ 0x1ea8, 27, 18, 252, 9, 12, 1.000000f, -3, 6 },
		{ 0x1ea9, 27, 27, 252, 9, 12, 1.000000f, -3, 6 },
		{ 0x1eaa, 27, 90, 276, 9, 12, 1.000000f, -3, 6 },
		{ 0x1eab, 27, 99, 276, 9, 12, 1.000000f, -3, 6 },
		{ 0x1eac, 27, 90, 264, 9, 12, 1.000000f, -3, 6 },
		{ 0x1ead, 27, 99, 264, 9, 12, 1.000000f, -3, 6 },
		{ 0x1eae, 27, 72, 228, 9, 12, 1.000000f, -3, 6 },
		{ 0x1eaf, 27, 81, 228, 9, 12, 1.000000f, -3, 6 },
		{ 0x1eb0, 27, 27, 240, 9, 12, 1.000000f, -3, 6 },
		{ 0x1eb1, 27, 36, 240, 9, 12, 1.000000f, -3, 6 },
		{ 0x1eb2, 27, 0, 252, 9, 12, 1.000000f, -3, 6 },
		{ 0x1eb3, 27, 9, 252, 9, 12, 1.000000f, -3, 6 },
		{ 0x1eb4, 27, 18, 288, 9, 12, 1.000000f, -3, 6 },
		{ 0x1eb5, 27, 27, 288, 9, 12, 1.000000f, -3, 6 },
		{ 0x1eb6, 27, 72, 264, 9, 12, 1.000000f, -3, 6 },
		{ 0x1eb7, 27, 81, 264, 9, 12, 1.000000f, -3, 6 },
		{ 0x1eb8, 27, 108, 264, 9, 12, 1.000000f, -3, 6 },
		{ 0x1eb9, 27, 117, 264, 9, 12, 1.000000f, -3, 6 },
		{ 0x1eba, 27, 36, 252, 9, 12, 1.000000f, -3, 6 },
		{ 0x1ebb, 27, 45, 252, 9, 12, 1.000000f, -3, 6 },
		{ 0x1ebc, 27, 36, 288, 9, 12, 1.000000f, -3, 6 },
		{ 0x1ebd, 27, 45, 288, 9, 12, 1.000000f, -3, 6 },
		{ 0x1ebe, 27, 108, 228, 9, 12, 1.000000f, -3, 6 },
		{ 0x1ebf, 27, 117, 228, 9, 12, 1.000000f, -3, 6 },
		{ 0x1ec0, 27, 63, 240, 9, 12, 1.000000f, -3, 6 },
		{ 0x1ec1, 27, 72, 240, 9, 12, 1.000000f, -3, 6 },
		{ 0x1ec2, 27, 72, 252, 9, 12, 1.000000f, -3, 6 },
		{ 0x1ec3, 27, 81, 252, 9, 12, 1.000000f, -3, 6 },
		{ 0x1ec4, 27, 54, 288, 9, 12, 1.000000f, -3, 6 },
		{ 0x1ec5, 27, 63, 288, 9, 12, 1.000000f, -3, 6 },
		{ 0x1ec6, 27, 126, 264, 9, 12, 1.000000f, -3, 6 },
		{ 0x1ec7, 27, 135, 264, 9, 12, 1.000000f, -3, 6 },
		{ 0x1ec8, 27, 90, 252, 9, 12, 1.000000f, -3, 4 },
		{ 0x1ec9, 27, 99, 252, 9, 12, 1.000000f, -3, 4 },
		{ 0x1eca, 27, 81, 192, 9, 12, 1.000000f, -3, 4 },
		{ 0x1ecb, 27, 90, 192, 9, 12, 1.000000f, -3, 2 },
		{ 0x1ecc, 27, 99, 192, 9, 12, 1.000000f, -3, 6 },
		{ 0x1ecd, 27, 108, 192, 9, 12, 1.000000f, -3, 6 },
		{ 0x1ece, 27, 108, 252, 9, 12, 1.000000f, -3, 6 },
		{ 0x1ecf, 27, 117, 252, 9, 12, 1.000000f, -3, 6 },
		{ 0x1ed0, 27, 72, 276, 9, 12, 1.000000f, -3, 6 },
		{ 0x1ed1, 27, 126, 228, 9, 12, 1.000000f, -3, 6 },
		{ 0x1ed2, 27, 72, 288, 9, 12, 1.000000f, -3, 6 },
		{ 0x1ed3, 27, 81, 240, 9, 12, 1.000000f, -3, 6 },
		{ 0x1ed4, 27, 126, 252, 9, 12, 1.000000f, -3, 6 },
		{ 0x1ed5, 27, 54, 252, 9, 12, 1.000000f, -3, 6 },
		{ 0x1ed6, 27, 108, 276, 9, 12, 1.000000f, -3, 6 },
		{ 0x1ed7, 27, 117, 276, 9, 12, 1.000000f, -3, 6 },
		{ 0x1ed8, 27, 0, 276, 9, 12, 1.000000f, -3, 6 },
		{ 0x1ed9, 27, 9, 276, 9, 12, 1.000000f, -3, 6 },
		{ 0x1eda, 27, 135, 228, 9, 12, 1.000000f, -3, 8 },
		{ 0x1edb, 27, 0, 240, 9, 12, 1.000000f, -3, 8 },
		{ 0x1edc, 27, 90, 240, 9, 12, 1.000000f, -3, 8 },
		{ 0x1edd, 27, 99, 240, 9, 12, 1.000000f, -3, 8 },
		{ 0x1ede, 27, 63, 252, 9, 12, 1.000000f, -3, 8 },
		{ 0x1edf, 27, 135, 252, 9, 12, 1.000000f, -3, 8 },
		{ 0x1ee0, 27, 81, 288, 9, 12, 1.000000f, -3, 8 },
		{ 0x1ee1, 27, 90, 288, 9, 12, 1.000000f, -3, 8 },
		{ 0x1ee2, 27, 18, 276, 9, 12, 1.000000f, -3, 8 },
		{ 0x1ee3, 27, 27, 276, 9, 12, 1.000000f, -3, 8 },
		{ 0x1ee4, 27, 117, 192, 9, 12, 1.000000f, -3, 6 },
		{ 0x1ee5, 27, 126, 192, 9, 12, 1.000000f, -3, 6 },
		{ 0x1ee6, 27, 0, 264, 9, 12, 1.000000f, -3, 6 },
		{ 0x1ee7, 27, 9, 264, 9, 12, 1.000000f, -3, 6 },
		{ 0x1ee8, 27, 9, 240, 9, 12, 1.000000f, -3, 8 },
		{ 0x1ee9, 27, 18, 240, 9, 12, 1.000000f, -3, 8 },
		{ 0x1eea, 27, 108, 240, 9, 12, 1.000000f, -3, 8 },
		{ 0x1eeb, 27, 117, 240, 9, 12, 1.000000f, -3, 8 },
		{ 0x1eec, 27, 18, 264, 9, 12, 1.000000f, -3, 8 },
		{ 0x1eed, 27, 27, 264, 9, 12, 1.000000f, -3, 8 },
		{ 0x1eee, 27, 99, 288, 9, 12, 1.000000f, -3, 8 },
		{ 0x1eef, 27, 126, 276, 9, 12, 1.000000f, -3, 8 },
		{ 0x1ef0, 27, 36, 276, 9, 12, 1.000000f, -3, 8 },
		{ 0x1ef1, 27, 45, 276, 9, 12, 1.000000f, -3, 8 },
		{ 0x1ef2, 27, 90, 180, 9, 12, 1.000000f, -3, 6 },
		{ 0x1ef3, 27, 99, 180, 9, 12, 1.000000f, -3, 6 },
		{ 0x1ef4, 27, 54, 276, 9, 12, 1.000000f, -3, 6 },
		{ 0x1ef5, 27, 63, 276, 9, 12, 1.000000f, -3, 6 },
		{ 0x1ef6, 27, 36, 264, 9, 12, 1.000000f, -3, 6 },
		{ 0x1ef7, 27, 45, 264, 9, 12, 1.000000f, -3, 6 },
		{ 0x1ef8, 27, 108, 288, 9, 12, 1.000000f, -3, 6 },
		{ 0x1ef9, 27, 117, 288, 9, 12, 1.000000f, -3, 6 },
		{ 0x1efa, 27, 108, 528, 9, 12, 1.000000f, -3, 8 },
		{ 0x1efb, 27, 90, 516, 9, 12, 1.000000f, -3, 7 },
		{ 0x1efc, 28, 96, 480, 8, 8, 1.000000f, 0, 6 },
		{ 0x1efd, 28, 104, 480, 8, 8, 1.000000f, 0, 5 },
		{ 0x1efe, 28, 112, 480, 8, 8, 1.000000f, 0, 6 },
		{ 0x1eff, 28, 120, 480, 8, 8, 1.000000f, 0, 7 },
		{ 0x1f00, 27, 126, 684, 9, 12, 1.000000f, -3, 6 },
		{ 0x1f01, 27, 0, 696, 9, 12, 1.000000f, -3, 6 },
		{ 0x1f02, 27, 18, 696, 9, 12, 1.000000f, -3, 6 },
		{ 0x1f03, 27, 36, 696, 9, 12, 1.000000f, -3, 6 },
		{ 0x1f04, 27, 54, 696, 9, 12, 1.000000f, -3, 6 },
		{ 0x1f05, 27, 72, 696, 9, 12, 1.000000f, -3, 7 },
		{ 0x1f06, 27, 90, 696, 9, 12, 1.000000f, -3, 6 },
		{ 0x1f07, 27, 108, 696, 9, 12, 1.000000f, -3, 6 },
		{ 0x1f08, 27, 117, 684, 9, 12, 1.000000f, -3, 9 },
		{ 0x1f09, 27, 135, 684, 9, 12, 1.000000f, -3, 9 },
		{ 0x1f0a, 27, 9, 696, 9, 12, 1.000000f, -3, 10 },
		{ 0x1f0b, 27, 27, 696, 9, 12, 1.000000f, -3, 10 },
		{ 0x1f0c, 27, 45, 696, 9, 12, 1.000000f, -3, 10 },
		{ 0x1f0d, 27, 63, 696, 9, 12, 1.000000f, -3, 10 },
		{ 0x1f0e, 27, 81, 696, 9, 12, 1.000000f, -3, 9 },
		{ 0x1f0f, 27, 99, 696, 9, 12, 1.000000f, -3, 9 },
		{ 0x1f10, 27, 108, 720, 9, 12, 1.000000f, -3, 6 },
		{ 0x1f11, 27, 126, 720, 9, 12, 1.000000f, -3, 6 },
		{ 0x1f12, 27, 0, 732, 9, 12, 1.000000f, -3, 6 },
		{ 0x1f13, 27, 18, 732, 9, 12, 1.000000f, -3, 6 },
		{ 0x1f14, 27, 36, 732, 9, 12, 1.000000f, -3, 6 },
		{ 0x1f15, 27, 54, 732, 9, 12, 1.000000f, -3, 6 },
		{ 0x1f18, 27, 99, 720, 9, 12, 1.000000f, -3, 9 },
		{ 0x1f19, 27, 117, 720, 9, 12, 1.000000f, -3, 9 },
		{ 0x1f1a, 27, 135, 720, 9, 12, 1.000000f, -3, 10 },
		{ 0x1f1b, 27, 9, 732, 9, 12, 1.000000f, -3, 10 },
		{ 0x1f1c, 27, 27, 732, 9, 12, 1.000000f, -3, 10 },
		{ 0x1f1d, 27, 45, 732, 9, 12, 1.000000f, -3, 10 },
		{ 0x1f20, 27, 108, 732, 9, 12, 1.000000f, -3, 6 },
		{ 0x1f21, 27, 0, 744, 9, 12, 1.000000f, -3, 6 },
		{ 0x1f22, 27, 18, 744, 9, 12, 1.000000f, -3, 6 },
		{ 0x1f23, 27, 36, 744, 9, 12, 1.000000f, -3, 6 },
		{ 0x1f24, 27, 54, 744, 9, 12, 1.000000f, -3, 6 },
		{ 0x1f25, 27, 72, 744, 9, 12, 1.000000f, -3, 6 },
		{ 0x1f26, 27, 90, 744, 9, 12, 1.000000f, -3, 6 },
		{ 0x1f27, 27, 108, 744, 9, 12, 1.000000f, -3, 6 },
		{ 0x1f28, 27, 99, 732, 9, 12, 1.000000f, -3, 9 },
		{ 0x1f29, 27, 135, 732, 9, 12, 1.000000f, -3, 9 },
		{ 0x1f2a, 27, 9, 744, 9, 12, 1.000000f, -3, 10 },
		{ 0x1f2b, 27, 27, 744, 9, 12, 1.000000f, -3, 10 },
		{ 0x1f2c, 27, 45, 744, 9, 12, 1.000000f, -3, 10 },
		{ 0x1f2d, 27, 63, 744, 9, 12, 1.000000f, -3, 10 },
		{ 0x1f2e, 27, 81, 744, 9, 12, 1.000000f, -3, 9 },
		{ 0x1f2f, 27, 99, 744, 9, 12, 1.000000f, -3, 9 },
		{ 0x1f30, 27, 90, 768, 9, 12, 1.000000f, -3, 4 },
		{ 0x1f31, 27, 108, 768, 9, 12, 1.000000f, -3, 3 },
		{ 0x1f32, 27, 126, 768, 9, 12, 1.000000f, -3, 6 },
		{ 0x1f33, 27, 0, 780, 9, 12, 1.000000f, -3, 6 },
		{ 0x1f34, 27, 18, 780, 9, 12, 1.000000f, -3, 6 },
		{ 0x1f35, 27, 36, 780, 9, 12, 1.000000f, -3, 6 },
		{ 0x1f36, 27, 54, 780, 9, 12, 1.000000f, -3, 5 },
		{ 0x1f37, 27, 72, 780, 9, 12, 1.000000f, -3, 5 },
		{ 0x1f38, 27, 81, 768, 9, 12, 1.000000f, -3, 7 },
		{ 0x1f39, 27, 99, 768, 9, 12, 1.000000f, -3, 10 },
		{ 0x1f3a, 27, 117, 768, 9, 12, 1.000000f, -3, 9 },
		{ 0x1f3b, 27, 135, 768, 9, 12, 1.000000f, -3, 8 },
		{ 0x1f3c, 27, 9, 780, 9, 12, 1.000000f, -3, 9 },
		{ 0x1f3d, 27, 27, 780, 9, 12, 1.000000f, -3, 8 },
		{ 0x1f3e, 27, 45, 780, 9, 12, 1.000000f, -3, 7 },
		{ 0x1f3f, 27, 63, 780, 9, 12, 1.000000f, -3, 7 },
		{ 0x1f40, 27, 54, 792, 9, 12, 1.000000f, -3, 6 },
		{ 0x1f41, 27, 72, 792, 9, 12, 1.000000f, -3, 6 },
		{ 0x1f42, 27, 90, 792, 9, 12, 1.000000f, -3, 6 },
		{ 0x1f43, 27, 108, 792, 9, 12, 1.000000f, -3, 6 },
		{ 0x1f44, 27, 126, 792, 9, 12, 1.000000f, -3, 6 },
		{ 0x1f45, 27, 0, 804, 9, 12, 1.000000f, -3, 6 },
		{ 0x1f48, 27, 45, 792, 9, 12, 1.000000f, -3, 9 },
		{ 0x1f49, 27, 63, 792, 9, 12, 1.000000f, -3, 9 },
		{ 0x1f4a, 27, 81, 792, 9, 12, 1.000000f, -3, 10 },
		{ 0x1f4b, 27, 99, 792, 9, 12, 1.000000f, -3, 10 },
		{ 0x1f4c, 27, 117, 792, 9, 12, 1.000000f, -3, 10 },
		{ 0x1f4d, 27, 135, 792, 9, 12, 1.000000f, -3, 10 },
		{ 0x1f50, 27, 81, 816, 9, 12, 1.000000f, -3, 6 },
		{ 0x1f51, 27, 81, 804, 9, 12, 1.000000f, -3, 6 },
		{ 0x1f52, 27, 90, 816, 9, 12, 1.000000f, -3, 6 },
		{ 0x1f53, 27, 99, 804, 9, 12, 1.000000f, -3, 6 },
		{ 0x1f54, 27, 99, 816, 9, 12, 1.000000f, -3, 6 },
		{ 0x1f55, 27, 117, 804, 9, 12, 1.000000f, -3, 6 },
		{ 0x1f56, 27, 117, 816, 9, 12, 1.000000f, -3, 6 },
		{ 0x1f57, 27, 135, 804, 9, 12, 1.000000f, -3, 6 },
		{ 0x1f59, 27, 72, 804, 9, 12, 1.000000f, -3, 9 },
		{ 0x1f5b, 27, 90, 804, 9, 12, 1.000000f, -3, 10 },
		{ 0x1f5d, 27, 108, 804, 9, 12, 1.000000f, -3, 10 },
		{ 0x1f5f, 27, 126, 804, 9, 12, 1.000000f, -3, 9 },
		{ 0x1f60, 27, 27, 828, 9, 12, 1.000000f, -3, 8 },
		{ 0x1f61, 27, 45, 828, 9, 12, 1.000000f, -3, 8 },
		{ 0x1f62, 27, 63, 828, 9, 12, 1.000000f, -3, 8 },
		{ 0x1f63, 27, 81, 828, 9, 12, 1.000000f, -3, 8 },
		{ 0x1f64, 27, 99, 828, 9, 12, 1.000000f, -3, 8 },
		{ 0x1f65, 27, 117, 828, 9, 12, 1.000000f, -3, 8 },
		{ 0x1f66, 27, 135, 828, 9, 12, 1.000000f, -3, 8 },
		{ 0x1f67, 27, 9, 840, 9, 12, 1.000000f, -3, 8 },
		{ 0x1f68, 27, 18, 828, 9, 12, 1.000000f, -3, 9 },
		{ 0x1f69, 27, 36, 828, 9, 12, 1.000000f, -3, 9 },
		{ 0x1f6a, 27, 54, 828, 9, 12, 1.000000f, -3, 10 },
		{ 0x1f6b, 27, 72, 828, 9, 12, 1.000000f, -3, 10 },
		{ 0x1f6c, 27, 90, 828, 9, 12, 1.000000f, -3, 10 },
		{ 0x1f6d, 27, 108, 828, 9, 12, 1.000000f, -3, 10 },
		{ 0x1f6e, 27, 126, 828, 9, 12, 1.000000f, -3, 9 },
		{ 0x1f6f, 27, 0, 840, 9, 12, 1.000000f, -3, 10 },
		{ 0x1f70, 27, 126, 696, 9, 12, 1.000000f, -3, 6 },
		{ 0x1f71, 27, 36, 708, 9, 12, 1.000000f, -3, 6 },
		{ 0x1f72, 27, 81, 732, 9, 12, 1.000000f, -3, 6 },
		{ 0x1f73, 27, 90, 732, 9, 12, 1.000000f, -3, 6 },
		{ 0x1f74, 27, 126, 732, 9, 12, 1.000000f, -3, 6 },
		{ 0x1f75, 27, 126, 756, 9, 12, 1.000000f, -3, 6 },
		{ 0x1f76, 27, 54, 768, 9, 12, 1.000000f, -3, 4 },
		{ 0x1f77, 27, 72, 768, 9, 12, 1.000000f, -3, 3 },
		{ 0x1f78, 27, 18, 792, 9, 12, 1.000000f, -3, 6 },
		{ 0x1f79, 27, 36, 792, 9, 12, 1.000000f, -3, 6 },
		{ 0x1f7a, 27, 45, 804, 9, 12, 1.000000f, -3, 6 },
		{ 0x1f7b, 27, 63, 804, 9, 12, 1.000000f, -3, 6 },
		{ 0x1f7c, 27, 135, 816, 9, 12, 1.000000f, -3, 8 },
		{ 0x1f7d, 27, 9, 828, 9, 12, 1.000000f, -3, 8 },
		{ 0x1f80, 27, 54, 708, 9, 12, 1.000000f, -3, 6 },
		{ 0x1f81, 27, 72, 708, 9, 12, 1.000000f, -3, 6 },
		{ 0x1f82, 27, 90, 708, 9, 12, 1.000000f, -3, 6 },
		{ 0x1f83, 27, 108, 708, 9, 12, 1.000000f, -3, 6 },
		{ 0x1f84, 27, 126, 708, 9, 12, 1.000000f, -3, 6 },
		{ 0x1f85, 27, 0, 720, 9, 12, 1.000000f, -3, 6 },
		{ 0x1f86, 27, 18, 720, 9, 12, 1.000000f, -3, 6 },
		{ 0x1f87, 27, 36, 720, 9, 12, 1.000000f, -3, 6 },
		{ 0x1f88, 27, 45, 708, 9, 12, 1.000000f, -3, 9 },
		{ 0x1f89, 27, 63, 708, 9, 12, 1.000000f, -3, 9 },
		{ 0x1f8a, 27, 81, 708, 9, 12, 1.000000f, -3, 10 },
		{ 0x1f8b, 27, 99, 708, 9, 12, 1.000000f, -3, 10 },
		{ 0x1f8c, 27, 117, 708, 9, 12, 1.000000f, -3, 10 },
		{ 0x1f8d, 27, 135, 708, 9, 12, 1.000000f, -3, 10 },
		{ 0x1f8e, 27, 9, 720, 9, 12, 1.000000f, -3, 9 },
		{ 0x1f8f, 27, 27, 720, 9, 12, 1.000000f, -3, 9 },
		{ 0x1f90, 27, 126, 744, 9, 12, 1.000000f, -3, 6 },
		{ 0x1f91, 27, 0, 756, 9, 12, 1.000000f, -3, 6 },
		{ 0x1f92, 27, 18, 756, 9, 12, 1.000000f, -3, 6 },
		{ 0x1f93, 27, 36, 756, 9, 12, 1.000000f, -3, 6 },
		{ 0x1f94, 27, 54, 756, 9, 12, 1.000000f, -3, 6 },
		{ 0x1f95, 27, 72, 756, 9, 12, 1.000000f, -3, 6 },
		{ 0x1f96, 27, 90, 756, 9, 12, 1.000000f, -3, 6 },
		{ 0x1f97, 27, 108, 756, 9, 12, 1.000000f, -3, 6 },
		{ 0x1f98, 27, 117, 744, 9, 12, 1.000000f, -3, 9 },
		{ 0x1f99, 27, 135, 744, 9, 12, 1.000000f, -3, 9 },
		{ 0x1f9a, 27, 9, 756, 9, 12, 1.000000f, -3, 10 },
		{ 0x1f9b, 27, 27, 756, 9, 12, 1.000000f, -3, 10 },
		{ 0x1f9c, 27, 45, 756, 9, 12, 1.000000f, -3, 10 },
		{ 0x1f9d, 27, 63, 756, 9, 12, 1.000000f, -3, 10 },
		{ 0x1f9e, 27, 81, 756, 9, 12, 1.000000f, -3, 9 },
		{ 0x1f9f, 27, 99, 756, 9, 12, 1.000000f, -3, 9 },
		{ 0x1fa0, 27, 27, 840, 9, 12, 1.000000f, -3, 8 },
		{ 0x1fa1, 27, 45, 840, 9, 12, 1.000000f, -3, 8 },
		{ 0x1fa2, 27, 63, 840, 9, 12, 1.000000f, -3, 8 },
		{ 0x1fa3, 27, 81, 840, 9, 12, 1.000000f, -3, 8 },
		{ 0x1fa4, 27, 99, 840, 9, 12, 1.000000f, -3, 8 },
		{ 0x1fa5, 27, 117, 840, 9, 12, 1.000000f, -3, 8 },
		{ 0x1fa6, 27, 135, 840, 9, 12, 1.000000f, -3, 8 },
		{ 0x1fa7, 27, 9, 852, 9, 12, 1.000000f, -3, 8 },
		{ 0x1fa8, 27, 18, 840, 9, 12, 1.000000f, -3, 9 },
		{ 0x1fa9, 27, 36, 840, 9, 12, 1.000000f, -3, 9 },
		{ 0x1faa, 27, 54, 840, 9, 12, 1.000000f, -3, 10 },
		{ 0x1fab, 27, 72, 840, 9, 12, 1.000000f, -3, 10 },
		{ 0x1fac, 27, 90, 840, 9, 12, 1.000000f, -3, 10 },
		{ 0x1fad, 27, 108, 840, 9, 12, 1.000000f, -3, 10 },
		{ 0x1fae, 27, 126, 840, 9, 12, 1.000000f, -3, 9 },
		{ 0x1faf, 27, 0, 852, 9, 12, 1.000000f, -3, 10 },
		{ 0x1fb0, 27, 0, 708, 9, 12, 1.000000f, -3, 6 },
		{ 0x1fb1, 27, 18, 708, 9, 12, 1.000000f, -3, 6 },
		{ 0x1fb2, 27, 81, 720, 9, 12, 1.000000f, -3, 6 },
		{ 0x1fb3, 27, 90, 720, 9, 12, 1.000000f, -3, 6 },
		{ 0x1fb4, 27, 54, 720, 9, 12, 1.000000f, -3, 6 },
		{ 0x1fb6, 27, 63, 720, 9, 12, 1.000000f, -3, 6 },
		{ 0x1fb7, 27, 72, 720, 9, 12, 1.000000f, -3, 6 },
		{ 0x1fb8, 27, 135, 696, 9, 12, 1.000000f, -3, 6 },
		{ 0x1fb9, 27, 9, 708, 9, 12, 1.000000f, -3, 6 },
		{ 0x1fba, 27, 117, 696, 9, 12, 1.000000f, -3, 9 },
		{ 0x1fbb, 27, 27, 708, 9, 12, 1.000000f, -3, 9 },
		{ 0x1fbc, 27, 45, 720, 9, 12, 1.000000f, -3, 6 },
		{ 0x1fc2, 27, 9, 768, 9, 12, 1.000000f, -3, 6 },
		{ 0x1fc3, 27, 0, 768, 9, 12, 1.000000f, -3, 6 },
		{ 0x1fc4, 27, 18, 768, 9, 12, 1.000000f, -3, 6 },
		{ 0x1fc6, 27, 27, 768, 9, 12, 1.000000f, -3, 6 },
		{ 0x1fc7, 27, 36, 768, 9, 12, 1.000000f, -3, 6 },
		{ 0x1fc8, 27, 63, 732, 9, 12, 1.000000f, -3, 9 },
		{ 0x1fc9, 27, 72, 732, 9, 12, 1.000000f, -3, 9 },
		{ 0x1fca, 27, 117, 732, 9, 12, 1.000000f, -3, 9 },
		{ 0x1fcb, 27, 117, 756, 9, 12, 1.000000f, -3, 9 },
		{ 0x1fcc, 27, 135, 756, 9, 12, 1.000000f, -3, 6 },
		{ 0x1fd0, 27, 90, 780, 9, 12, 1.000000f, -3, 5 },
		{ 0x1fd1, 27, 108, 780, 9, 12, 1.000000f, -3, 4 },
		{ 0x1fd2, 27, 117, 780, 9, 12, 1.000000f, -3, 4 },
		{ 0x1fd3, 27, 126, 780, 9, 12, 1.000000f, -3, 4 },
		{ 0x1fd6, 27, 135, 780, 9, 12, 1.000000f, -3, 5 },
		{ 0x1fd7, 27, 0, 792, 9, 12, 1.000000f, -3, 5 },
		{ 0x1fd8, 27, 81, 780, 9, 12, 1.000000f, -3, 5 },
		{ 0x1fd9, 27, 99, 780, 9, 12, 1.000000f, -3, 4 },
		{ 0x1fda, 27, 45, 768, 9, 12, 1.000000f, -3, 7 },
		{ 0x1fdb, 27, 63, 768, 9, 12, 1.000000f, -3, 7 },
		{ 0x1fe0, 27, 9, 816, 9, 12, 1.000000f, -3, 6 },
		{ 0x1fe1, 27, 27, 816, 9, 12, 1.000000f, -3, 6 },
		{ 0x1fe2, 27, 54, 816, 9, 12, 1.000000f, -3, 6 },
		{ 0x1fe3, 27, 63, 816, 9, 12, 1.000000f, -3, 6 },
		{ 0x1fe4, 27, 18, 804, 9, 12, 1.000000f, -3, 6 },
		{ 0x1fe5, 27, 27, 804, 9, 12, 1.000000f, -3, 6 },
		{ 0x1fe6, 27, 108, 816, 9, 12, 1.000000f, -3, 6 },
		{ 0x1fe7, 27, 72, 816, 9, 12, 1.000000f, -3, 6 },
		{ 0x1fe8, 27, 0, 816, 9, 12, 1.000000f, -3, 6 },
		{ 0x1fe9, 27, 18, 816, 9, 12, 1.000000f, -3, 6 },
		{ 0x1fea, 27, 36, 804, 9, 12, 1.000000f, -3, 9 },
		{ 0x1feb, 27, 54, 804, 9, 12, 1.000000f, -3, 9 },
		{ 0x1fec, 27, 9, 804, 9, 12, 1.000000f, -3, 9 },
		{ 0x1ff2, 27, 36, 852, 9, 12, 1.000000f, -3, 8 },
		{ 0x1ff3, 27, 27, 852, 9, 12, 1.000000f, -3, 8 },
		{ 0x1ff4, 27, 45, 852, 9, 12, 1.000000f, -3, 8 },
		{ 0x1ff6, 27, 54, 852, 9, 12, 1.000000f, -3, 8 },
		{ 0x1ff7, 27, 63, 852, 9, 12, 1.000000f, -3, 8 },
		{ 0x1ff8, 27, 9, 792, 9, 12, 1.000000f, -3, 9 },
		{ 0x1ff9, 27, 27, 792, 9, 12, 1.000000f, -3, 9 },
		{ 0x1ffa, 27, 126, 816, 9, 12, 1.000000f, -3, 9 },
		{ 0x1ffb, 27, 0, 828, 9, 12, 1.000000f, -3, 9 },
		{ 0x1ffc, 27, 18, 852, 9, 12, 1.000000f, -3, 6 },
		{ 0x2010, 28, 40, 120, 8, 8, 1.000000f, 0, 4 },
		{ 0x2011, 28, 48, 224, 8, 8, 1.000000f, 0, 4 },
		{ 0x2013, 28, 80, 64, 8, 8, 1.000000f, 0, 7 },
		{ 0x2014, 28, 88, 64, 8, 8, 1.000000f, 0, 9 },
		{ 0x2018, 28, 96, 64, 8, 8, 1.000000f, 0, 3 },
		{ 0x2019, 28, 104, 64, 8, 8, 1.000000f, 0, 3 },
		{ 0x201a, 28, 48, 120, 8, 8, 1.000000f, 0, 3 },
		{ 0x201c, 28, 112, 64, 8, 8, 1.000000f, 0, 5 },
		{ 0x201d, 28, 120, 64, 8, 8, 1.000000f, 0, 5 },
		{ 0x201e, 28, 0, 72, 8, 8, 1.000000f, 0, 5 },
		{ 0x2020, 28, 56, 120, 8, 8, 1.000000f, 0, 6 },
		{ 0x2021, 28, 64, 120, 8, 8, 1.000000f, 0, 6 },
		{ 0x2022, 28, 72, 120, 8, 8, 1.000000f, 0, 3 },
		{ 0x2026, 28, 8, 72, 8, 8, 1.000000f, 0, 8 },
		{ 0x2030, 28, 8, 0, 8, 8, 1.000000f, 0, 8 },
		{ 0x2031, 28, 80, 120, 8, 8, 1.000000f, 0, 9 },
		{ 0x2032, 28, 88, 120, 8, 8, 1.000000f, 0, 3 },
		{ 0x2033, 28, 96, 120, 8, 8, 1.000000f, 0, 5 },
		{ 0x2034, 28, 104, 120, 8, 8, 1.000000f, 0, 7 },
		{ 0x2035, 28, 112, 120, 8, 8, 1.000000f, 0, 3 },
		{ 0x2036, 28, 120, 120, 8, 8, 1.000000f, 0, 5 },
		{ 0x2037, 28, 0, 128, 8, 8, 1.000000f, 0, 7 },
		{ 0x2039, 28, 8, 128, 8, 8, 1.000000f, 0, 4 },
		{ 0x203a, 28, 16, 128, 8, 8, 1.000000f, 0, 4 },
		{ 0x203b, 28, 24, 128, 8, 8, 1.000000f, 0, 8 },
		{ 0x203c, 28, 32, 128, 8, 8, 1.000000f, 0, 4 },
		{ 0x203d, 28, 40, 128, 8, 8, 1.000000f, 0, 6 },
		{ 0x2042, 28, 48, 128, 8, 8, 1.000000f, 0, 8 },
		{ 0x2047, 27, 36, 204, 9, 12, 1.000000f, -3, 10 },
		{ 0x2048, 28, 56, 128, 8, 8, 1.000000f, 0, 8 },
		{ 0x2049, 28, 64, 128, 8, 8, 1.000000f, 0, 8 },
		{ 0x204a, 28, 16, 72, 8, 8, 1.000000f, 0, 5 },
		{ 0x204b, 28, 72, 128, 8, 8, 1.000000f, 0, 7 },
		{ 0x204e, 28, 80, 128, 8, 8, 1.000000f, 0, 4 },
		{ 0x204f, 28, 88, 128, 8, 8, 1.000000f, 0, 2 },
		{ 0x2051, 28, 96, 128, 8, 8, 1.000000f, 0, 4 },
		{ 0x2052, 28, 104, 128, 8, 8, 1.000000f, 0, 4 },
		{ 0x2057, 28, 112, 128, 8, 8, 1.000000f, 0, 9 },
		{ 0x2070, 28, 0, 88, 8, 8, 1.000000f, 0, 5 },
		{ 0x2071, 28, 112, 88, 8, 8, 1.000000f, 0, 2 },
		{ 0x2074, 28, 24, 88, 8, 8, 1.000000f, 0, 5 },
		{ 0x2075, 28, 32, 88, 8, 8, 1.000000f, 0, 5 },
		{ 0x2076, 28, 40, 88, 8, 8, 1.000000f, 0, 5 },
		{ 0x2077, 28, 48, 88, 8, 8, 1.000000f, 0, 5 },
		{ 0x2078, 28, 56, 88, 8, 8, 1.000000f, 0, 5 },
		{ 0x2079, 28, 64, 88, 8, 8, 1.000000f, 0, 5 },
		{ 0x207a, 28, 72, 88, 8, 8, 1.000000f, 0, 4 },
		{ 0x207b, 28, 80, 88, 8, 8, 1.000000f, 0, 4 },
		{ 0x207c, 28, 88, 88, 8, 8, 1.000000f, 0, 4 },
		{ 0x207d, 28, 96, 88, 8, 8, 1.000000f, 0, 3 },
		{ 0x207e, 28, 104, 88, 8, 8, 1.000000f, 0, 3 },
		{ 0x207f, 26, 96, 120, 8, 8, 1.000000f, 0, 5 },
		{ 0x2080, 28, 72, 448, 8, 8, 1.000000f, 0, 5 },
		{ 0x2081, 28, 80, 448, 8, 8, 1.000000f, 0, 4 },
		{ 0x2082, 28, 88, 448, 8, 8, 1.000000f, 0, 5 },
		{ 0x2083, 28, 96, 448, 8, 8, 1.000000f, 0, 5 },
		{ 0x2084, 28, 104, 448, 8, 8, 1.000000f, 0, 5 },
		{ 0x2085, 28, 112, 448, 8, 8, 1.000000f, 0, 5 },
		{ 0x2086, 28, 120, 448, 8, 8, 1.000000f, 0, 5 },
		{ 0x2087, 28, 0, 456, 8, 8, 1.000000f, 0, 5 },
		{ 0x2088, 28, 8, 456, 8, 8, 1.000000f, 0, 5 },
		{ 0x2089, 28, 16, 456, 8, 8, 1.000000f, 0, 5 },
		{ 0x208a, 28, 24, 456, 8, 8, 1.000000f, 0, 4 },
		{ 0x208b, 28, 32, 456, 8, 8, 1.000000f, 0, 4 },
		{ 0x208c, 28, 40, 456, 8, 8, 1.000000f, 0, 4 },
		{ 0x208d, 28, 48, 456, 8, 8, 1.000000f, 0, 3 },
		{ 0x208e, 28, 56, 456, 8, 8, 1.000000f, 0, 3 },
		{ 0x20a0, 28, 80, 512, 8, 8, 1.000000f, 0, 6 },
		{ 0x20a1, 28, 88, 512, 8, 8, 1.000000f, 0, 6 },
		{ 0x20a2, 28, 96, 512, 8, 8, 1.000000f, 0, 6 },
		{ 0x20a3, 28, 104, 512, 8, 8, 1.000000f, 0, 7 },
		{ 0x20a4, 28, 112, 512, 8, 8, 1.000000f, 0, 6 },
		{ 0x20a5, 28, 120, 512, 8, 8, 1.000000f, 0, 6 },
		{ 0x20a6, 28, 0, 520, 8, 8, 1.000000f, 0, 8 },
		{ 0x20a7, 27, 99, 528, 9, 12, 1.000000f, -3, 10 },
		{ 0x20a8, 27, 27, 888, 9, 12, 1.000000f, -3, 10 },
		{ 0x20a9, 28, 8, 520, 8, 8, 1.000000f, 0, 8 },
		{ 0x20aa, 28, 16, 392, 8, 8, 1.000000f, 0, 8 },
		{ 0x20ab, 28, 16, 520, 8, 8, 1.000000f, 0, 7 },
		{ 0x20ac, 28, 64, 80, 8, 8, 1.000000f, 0, 7 },
		{ 0x20ad, 28, 24, 520, 8, 8, 1.000000f, 0, 7 },
		{ 0x20ae, 28, 32, 520, 8, 8, 1.000000f, 0, 6 },
		{ 0x20af, 27, 36, 888, 9, 12, 1.000000f, -3, 10 },
		{ 0x20b0, 28, 40, 520, 8, 8, 1.000000f, 0, 6 },
		{ 0x20b1, 28, 48, 520, 8, 8, 1.000000f, 0, 8 },
		{ 0x20b2, 28, 56, 520, 8, 8, 1.000000f, 0, 6 },
		{ 0x20b3, 28, 64, 520, 8, 8, 1.000000f, 0, 8 },
		{ 0x20b4, 28, 32, 0, 8, 8, 1.000000f, 0, 8 },
		{ 0x20b5, 28, 72, 520, 8, 8, 1.000000f, 0, 6 },
		{ 0x20b6, 28, 80, 520, 8, 8, 1.000000f, 0, 6 },
		{ 0x20b7, 28, 88, 520, 8, 8, 1.000000f, 0, 8 },
		{ 0x20b8, 28, 96, 520, 8, 8, 1.000000f, 0, 6 },
		{ 0x20b9, 28, 104, 520, 8, 8, 1.000000f, 0, 6 },
		{ 0x20ba, 28, 112, 520, 8, 8, 1.000000f, 0, 7 },
		{ 0x20bb, 28, 120, 520, 8, 8, 1.000000f, 0, 8 },
		{ 0x20bc, 28, 0, 528, 8, 8, 1.000000f, 0, 6 },
		{ 0x20bd, 28, 56, 80, 8, 8, 1.000000f, 0, 7 },
		{ 0x20be, 28, 24, 392, 8, 8, 1.000000f, 0, 7 },
		{ 0x20bf, 28, 8, 528, 8, 8, 1.000000f, 0, 6 },
		{ 0x2116, 27, 135, 192, 9, 12, 1.000000f, -3, 10 },
		{ 0x2117, 28, 120, 128, 8, 8, 1.000000f, 0, 8 },
		{ 0x2122, 28, 120, 88, 8, 8, 1.000000f, 0, 9 },
		{ 0x2132, 28, 56, 160, 8, 8, 1.000000f, 0, 6 },
		{ 0x2139, 27, 0, 216, 9, 12, 1.000000f, -3, 10 },
		{ 0x2141, 28, 64, 160, 8, 8, 1.000000f, 0, 6 },
		{ 0x2144, 28, 8, 168, 8, 8, 1.000000f, 0, 6 },
		{ 0x214b, 28, 56, 224, 8, 8, 1.000000f, 0, 6 },
		{ 0x2150, 28, 0, 504, 8, 8, 1.000000f, 0, 9 },
		{ 0x2151, 28, 8, 504, 8, 8, 1.000000f, 0, 9 },
		{ 0x2152, 27, 9, 888, 9, 12, 1.000000f, -3, 10 },
		{ 0x2153, 28, 120, 408, 8, 8, 1.000000f, 0, 9 },
		{ 0x2154, 28, 0, 416, 8, 8, 1.000000f, 0, 9 },
		{ 0x2155, 28, 16, 504, 8, 8, 1.000000f, 0, 9 },
		{ 0x2156, 28, 24, 504, 8, 8, 1.000000f, 0, 9 },
		{ 0x2157, 28, 32, 504, 8, 8, 1.000000f, 0, 9 },
		{ 0x2158, 27, 18, 888, 9, 12, 1.000000f, -3, 10 },
		{ 0x2159, 28, 40, 504, 8, 8, 1.000000f, 0, 8 },
		{ 0x215a, 28, 48, 504, 8, 8, 1.000000f, 0, 8 },
		{ 0x215b, 28, 88, 408, 8, 8, 1.000000f, 0, 9 },
		{ 0x215c, 28, 96, 408, 8, 8, 1.000000f, 0, 9 },
		{ 0x215d, 28, 104, 408, 8, 8, 1.000000f, 0, 9 },
		{ 0x215e, 28, 112, 408, 8, 8, 1.000000f, 0, 9 },
		{ 0x215f, 28, 56, 504, 8, 8, 1.000000f, 0, 7 },
		{ 0x2189, 28, 64, 504, 8, 8, 1.000000f, 0, 9 },
		{ 0x2190, 28, 24, 72, 8, 8, 1.000000f, 0, 8 },
		{ 0x2191, 28, 32, 72, 8, 8, 1.000000f, 0, 6 },
		{ 0x2192, 28, 40, 72, 8, 8, 1.000000f, 0, 8 },
		{ 0x2193, 28, 48, 72, 8, 8, 1.000000f, 0, 6 },
		{ 0x2194, 28, 56, 424, 8, 8, 1.000000f, 0, 9 },
		{ 0x21c4, 28, 56, 72, 8, 8, 1.000000f, 0, 8 },
		{ 0x21cf, 28, 72, 424, 8, 8, 1.000000f, 0, 9 },
		{ 0x21d2, 28, 64, 424, 8, 8, 1.000000f, 0, 9 },
		{ 0x21d4, 28, 80, 424, 8, 8, 1.000000f, 0, 9 },
		{ 0x21f5, 28, 88, 424, 8, 8, 1.000000f, 0, 7 },
		{ 0x2200, 28, 96, 424, 8, 8, 1.000000f, 0, 8 },
		{ 0x2201, 28, 32, 440, 8, 8, 1.000000f, 0, 5 },
		{ 0x2202, 28, 72, 440, 8, 8, 1.000000f, 0, 6 },
		{ 0x2203, 28, 104, 424, 8, 8, 1.000000f, 0, 6 },
		{ 0x2204, 28, 112, 424, 8, 8, 1.000000f, 0, 6 },
		{ 0x2205, 26, 104, 112, 8, 8, 1.000000f, 0, 8 },
		{ 0x2208, 26, 112, 112, 8, 8, 1.000000f, 0, 6 },
		{ 0x2209, 28, 120, 424, 8, 8, 1.000000f, 0, 6 },
		{ 0x220b, 28, 0, 432, 8, 8, 1.000000f, 0, 6 },
		{ 0x220c, 28, 8, 432, 8, 8, 1.000000f, 0, 6 },
		{ 0x2211, 28, 112, 432, 8, 8, 1.000000f, 0, 6 },
		{ 0x2212, 28, 0, 136, 8, 8, 1.000000f, 0, 6 },
		{ 0x2213, 28, 8, 136, 8, 8, 1.000000f, 0, 6 },
		{ 0x2219, 26, 72, 120, 8, 8, 1.000000f, 0, 6 },
		{ 0x221a, 26, 88, 120, 8, 8, 1.000000f, 0, 7 },
		{ 0x221b, 28, 56, 440, 8, 8, 1.000000f, 0, 8 },
		{ 0x221c, 28, 64, 440, 8, 8, 1.000000f, 0, 8 },
		{ 0x221d, 28, 80, 456, 8, 8, 1.000000f, 0, 7 },
		{ 0x221e, 28, 16, 136, 8, 8, 1.000000f, 0, 8 },
		{ 0x2225, 28, 88, 432, 8, 8, 1.000000f, 0, 4 },
		{ 0x2227, 28, 48, 432, 8, 8, 1.000000f, 0, 6 },
		{ 0x2228, 28, 56, 432, 8, 8, 1.000000f, 0, 6 },
		{ 0x2229, 28, 120, 160, 8, 8, 1.000000f, 0, 6 },
		{ 0x222b, 28, 64, 456, 8, 8, 1.000000f, 0, 6 },
		{ 0x222e, 28, 72, 456, 8, 8, 1.000000f, 0, 6 },
		{ 0x2234, 28, 40, 440, 8, 8, 1.000000f, 0, 6 },
		{ 0x2235, 28, 48, 440, 8, 8, 1.000000f, 0, 6 },
		{ 0x2248, 26, 56, 120, 8, 8, 1.000000f, 0, 7 },
		{ 0x2254, 28, 24, 440, 8, 8, 1.000000f, 0, 8 },
		{ 0x2260, 28, 40, 0, 8, 8, 1.000000f, 0, 6 },
		{ 0x2261, 26, 0, 120, 8, 8, 1.000000f, 0, 7 },
		{ 0x2262, 28, 96, 432, 8, 8, 1.000000f, 0, 7 },
		{ 0x2264, 26, 24, 120, 8, 8, 1.000000f, 0, 6 },
		{ 0x2265, 26, 16, 120, 8, 8, 1.000000f, 0, 6 },
		{ 0x2282, 28, 16, 432, 8, 8, 1.000000f, 0, 6 },
		{ 0x2283, 28, 24, 432, 8, 8, 1.000000f, 0, 6 },
		{ 0x2284, 28, 32, 432, 8, 8, 1.000000f, 0, 6 },
		{ 0x2285, 28, 40, 432, 8, 8, 1.000000f, 0, 6 },
		{ 0x2286, 28, 88, 440, 8, 8, 1.000000f, 0, 6 },
		{ 0x2287, 28, 96, 440, 8, 8, 1.000000f, 0, 6 },
		{ 0x22a2, 28, 8, 440, 8, 8, 1.000000f, 0, 6 },
		{ 0x22a4, 28, 120, 432, 8, 8, 1.000000f, 0, 6 },
		{ 0x22a5, 28, 0, 440, 8, 8, 1.000000f, 0, 6 },
		{ 0x22a8, 28, 16, 440, 8, 8, 1.000000f, 0, 6 },
		{ 0x22bb, 28, 64, 432, 8, 8, 1.000000f, 0, 6 },
		{ 0x22bc, 28, 72, 432, 8, 8, 1.000000f, 0, 6 },
		{ 0x22bd, 28, 80, 432, 8, 8, 1.000000f, 0, 6 },
		{ 0x22c3, 28, 80, 440, 8, 8, 1.000000f, 0, 6 },
		{ 0x22c6, 28, 104, 432, 8, 8, 1.000000f, 0, 4 },
		{ 0x2300, 28, 88, 456, 8, 8, 1.000000f, 0, 8 },
		{ 0x2302, 28, 96, 456, 8, 8, 1.000000f, 0, 8 },
		{ 0x2318, 28, 104, 456, 8, 8, 1.000000f, 0, 8 },
		{ 0x231a, 28, 64, 416, 8, 8, 1.000000f, 0, 8 },
		{ 0x231b, 28, 56, 416, 8, 8, 1.000000f, 0, 8 },
		{ 0x2320, 26, 32, 120, 8, 8, 1.000000f, 0, 8 },
		{ 0x2321, 26, 40, 120, 8, 8, 1.000000f, 0, 5 },
		{ 0x23cf, 28, 64, 224, 8, 8, 1.000000f, 0, 6 },
		{ 0x23e9, 28, 72, 224, 8, 8, 1.000000f, 0, 7 },
		{ 0x23ea, 28, 80, 224, 8, 8, 1.000000f, 0, 7 },
		{ 0x23ed, 28, 88, 224, 8, 8, 1.000000f, 0, 8 },
		{ 0x23ee, 28, 96, 224, 8, 8, 1.000000f, 0, 8 },
		{ 0x23ef, 28, 104, 224, 8, 8, 1.000000f, 0, 7 },
		{ 0x23f3, 28, 64, 512, 8, 8, 1.000000f, 0, 8 },
		{ 0x23f4, 28, 112, 224, 8, 8, 1.000000f, 0, 4 },
		{ 0x23f5, 28, 120, 224, 8, 8, 1.000000f, 0, 4 },
		{ 0x23f6, 28, 0, 232, 8, 8, 1.000000f, 0, 6 },
		{ 0x23f7, 28, 8, 232, 8, 8, 1.000000f, 0, 6 },
		{ 0x23f8, 28, 16, 232, 8, 8, 1.000000f, 0, 4 },
		{ 0x23f9, 28, 24, 232, 8, 8, 1.000000f, 0, 6 },
		{ 0x23fa, 28, 32, 232, 8, 8, 1.000000f, 0, 6 },
		{ 0x23fb, 28, 40, 232, 8, 8, 1.000000f, 0, 8 },
		{ 0x23fc, 28, 48, 232, 8, 8, 1.000000f, 0, 8 },
		{ 0x23fd, 28, 56, 232, 8, 8, 1.000000f, 0, 2 },
		{ 0x2460, 27, 63, 300, 9, 12, 1.000000f, -3, 10 },
		{ 0x2461, 27, 72, 300, 9, 12, 1.000000f, -3, 10 },
		{ 0x2462, 27, 81, 300, 9, 12, 1.000000f, -3, 10 },
		{ 0x2463, 27, 90, 300, 9, 12, 1.000000f, -3, 10 },
		{ 0x2464, 27, 99, 300, 9, 12, 1.000000f, -3, 10 },
		{ 0x2465, 27, 108, 300, 9, 12, 1.000000f, -3, 10 },
		{ 0x2466, 27, 117, 300, 9, 12, 1.000000f, -3, 10 },
		{ 0x2467, 27, 126, 300, 9, 12, 1.000000f, -3, 10 },
		{ 0x2468, 27, 135, 300, 9, 12, 1.000000f, -3, 10 },
		{ 0x2469, 27, 0, 312, 9, 12, 1.000000f, -3, 10 },
		{ 0x246a, 27, 9, 312, 9, 12, 1.000000f, -3, 10 },
		{ 0x246b, 27, 18, 312, 9, 12, 1.000000f, -3, 10 },
		{ 0x246c, 27, 27, 312, 9, 12, 1.000000f, -3, 10 },
		{ 0x246d, 27, 36, 312, 9, 12, 1.000000f, -3, 10 },
		{ 0x246e, 27, 45, 312, 9, 12, 1.000000f, -3, 10 },
		{ 0x246f, 27, 54, 312, 9, 12, 1.000000f, -3, 10 },
		{ 0x2470, 27, 63, 312, 9, 12, 1.000000f, -3, 10 },
		{ 0x2471, 27, 72, 312, 9, 12, 1.000000f, -3, 10 },
		{ 0x2472, 27, 81, 312, 9, 12, 1.000000f, -3, 10 },
		{ 0x2473, 27, 90, 312, 9, 12, 1.000000f, -3, 10 },
		{ 0x24b6, 27, 99, 312, 9, 12, 1.000000f, -3, 10 },
		{ 0x24b7, 27, 108, 312, 9, 12, 1.000000f, -3, 10 },
		{ 0x24b8, 27, 117, 312, 9, 12, 1.000000f, -3, 10 },
		{ 0x24b9, 27, 126, 312, 9, 12, 1.000000f, -3, 10 },
		{ 0x24ba, 27, 135, 312, 9, 12, 1.000000f, -3, 10 },
		{ 0x24bb, 27, 0, 324, 9, 12, 1.000000f, -3, 10 },
		{ 0x24bc, 27, 9, 324, 9, 12, 1.000000f, -3, 10 },
		{ 0x24bd, 27, 18, 324, 9, 12, 1.000000f, -3, 10 },
		{ 0x24be, 27, 27, 324, 9, 12, 1.000000f, -3, 10 },
		{ 0x24bf, 27, 36, 324, 9, 12, 1.000000f, -3, 10 },
		{ 0x24c0, 27, 45, 324, 9, 12, 1.000000f, -3, 10 },
		{ 0x24c1, 27, 54, 324, 9, 12, 1.000000f, -3, 10 },
		{ 0x24c2, 27, 63, 324, 9, 12, 1.000000f, -3, 10 },
		{ 0x24c3, 27, 72, 324, 9, 12, 1.000000f, -3, 10 },
		{ 0x24c4, 27, 81, 324, 9, 12, 1.000000f, -3, 10 },
		{ 0x24c5, 27, 90, 324, 9, 12, 1.000000f, -3, 10 },
		{ 0x24c6, 27, 99, 324, 9, 12, 1.000000f, -3, 10 },
		{ 0x24c7, 27, 108, 324, 9, 12, 1.000000f, -3, 10 },
		{ 0x24c8, 27, 117, 324, 9, 12, 1.000000f, -3, 10 },
		{ 0x24c9, 27, 126, 324, 9, 12, 1.000000f, -3, 10 },
		{ 0x24ca, 27, 135, 324, 9, 12, 1.000000f, -3, 10 },
		{ 0x24cb, 27, 0, 336, 9, 12, 1.000000f, -3, 10 },
		{ 0x24cc, 27, 9, 336, 9, 12, 1.000000f, -3, 10 },
		{ 0x24cd, 27, 18, 336, 9, 12, 1.000000f, -3, 10 },
		{ 0x24ce, 27, 27, 336, 9, 12, 1.000000f, -3, 10 },
		{ 0x24cf, 27, 36, 336, 9, 12, 1.000000f, -3, 10 },
		{ 0x24d0, 27, 45, 336, 9, 12, 1.000000f, -3, 10 },
		{ 0x24d1, 27, 54, 336, 9, 12, 1.000000f, -3, 10 },
		{ 0x24d2, 27, 63, 336, 9, 12, 1.000000f, -3, 10 },
		{ 0x24d3, 27, 72, 336, 9, 12, 1.000000f, -3, 10 },
		{ 0x24d4, 27, 81, 336, 9, 12, 1.000000f, -3, 10 },
		{ 0x24d5, 27, 90, 336, 9, 12, 1.000000f, -3, 10 },
		{ 0x24d6, 27, 99, 336, 9, 12, 1.000000f, -3, 10 },
		{ 0x24d7, 27, 108, 336, 9, 12, 1.000000f, -3, 10 },
		{ 0x24d8, 27, 117, 336, 9, 12, 1.000000f, -3, 10 },
		{ 0x24d9, 27, 126, 336, 9, 12, 1.000000f, -3, 10 },
		{ 0x24da, 27, 135, 336, 9, 12, 1.000000f, -3, 10 },
		{ 0x24db, 27, 0, 348, 9, 12, 1.000000f, -3, 10 },
		{ 0x24dc, 27, 9, 348, 9, 12, 1.000000f, -3, 10 },
		{ 0x24dd, 27, 18, 348, 9, 12, 1.000000f, -3, 10 },
		{ 0x24de, 27, 27, 348, 9, 12, 1.000000f, -3, 10 },
		{ 0x24df, 27, 36, 348, 9, 12, 1.000000f, -3, 10 },
		{ 0x24e0, 27, 45, 348, 9, 12, 1.000000f, -3, 10 },
		{ 0x24e1, 27, 54, 348, 9, 12, 1.000000f, -3, 10 },
		{ 0x24e2, 27, 63, 348, 9, 12, 1.000000f, -3, 10 },
		{ 0x24e3, 27, 72, 348, 9, 12, 1.000000f, -3, 10 },
		{ 0x24e4, 27, 81, 348, 9, 12, 1.000000f, -3, 10 },
		{ 0x24e5, 27, 90, 348, 9, 12, 1.000000f, -3, 10 },
		{ 0x24e6, 27, 99, 348, 9, 12, 1.000000f, -3, 10 },
		{ 0x24e7, 27, 108, 348, 9, 12, 1.000000f, -3, 10 },
		{ 0x24e8, 27, 117, 348, 9, 12, 1.000000f, -3, 10 },
		{ 0x24e9, 27, 126, 348, 9, 12, 1.000000f, -3, 10 },
		{ 0x24ea, 27, 54, 300, 9, 12, 1.000000f, -3, 10 },
		{ 0x2500, 26, 32, 96, 8, 8, 1.000000f, 0, 9 },
		{ 0x2502, 26, 24, 88, 8, 8, 1.000000f, 0, 6 },
		{ 0x250c, 26, 80, 104, 8, 8, 1.000000f, 0, 9 },
		{ 0x2510, 26, 120, 88, 8, 8, 1.000000f, 0, 6 },
		{ 0x2514, 26, 0, 96, 8, 8, 1.000000f, 0, 9 },
		{ 0x2518, 26, 72, 104, 8, 8, 1.000000f, 0, 6 },
		{ 0x251c, 26, 24, 96, 8, 8, 1.000000f, 0, 9 },
		{ 0x2524, 26, 32, 88, 8, 8, 1.000000f, 0, 6 },
		{ 0x252c, 26, 16, 96, 8, 8, 1.000000f, 0, 9 },
		{ 0x2534, 26, 8, 96, 8, 8, 1.000000f, 0, 9 },
		{ 0x253c, 26, 40, 96, 8, 8, 1.000000f, 0, 9 },
		{ 0x2550, 26, 104, 96, 8, 8, 1.000000f, 0, 9 },
		{ 0x2551, 26, 80, 88, 8, 8, 1.000000f, 0, 8 },
		{ 0x2552, 26, 40, 104, 8, 8, 1.000000f, 0, 9 },
		{ 0x2553, 26, 48, 104, 8, 8, 1.000000f, 0, 9 },
		{ 0x2554, 26, 72, 96, 8, 8, 1.000000f, 0, 9 },
		{ 0x2555, 26, 64, 88, 8, 8, 1.000000f, 0, 6 },
		{ 0x2556, 26, 56, 88, 8, 8, 1.000000f, 0, 8 },
		{ 0x2557, 26, 88, 88, 8, 8, 1.000000f, 0, 8 },
		{ 0x2558, 26, 32, 104, 8, 8, 1.000000f, 0, 9 },
		{ 0x2559, 26, 24, 104, 8, 8, 1.000000f, 0, 9 },
		{ 0x255a, 26, 64, 96, 8, 8, 1.000000f, 0, 9 },
		{ 0x255b, 26, 112, 88, 8, 8, 1.000000f, 0, 6 },
		{ 0x255c, 26, 104, 88, 8, 8, 1.000000f, 0, 8 },
		{ 0x255d, 26, 96, 88, 8, 8, 1.000000f, 0, 8 },
		{ 0x255e, 26, 48, 96, 8, 8, 1.000000f, 0, 9 },
		{ 0x255f, 26, 56, 96, 8, 8, 1.000000f, 0, 9 },
		{ 0x2560, 26, 96, 96, 8, 8, 1.000000f, 0, 9 },
		{ 0x2561, 26, 40, 88, 8, 8, 1.000000f, 0, 6 },
		{ 0x2562, 26, 48, 88, 8, 8, 1.000000f, 0, 8 },
		{ 0x2563, 26, 72, 88, 8, 8, 1.000000f, 0, 8 },
		{ 0x2564, 26, 8, 104, 8, 8, 1.000000f, 0, 9 },
		{ 0x2565, 26, 16, 104, 8, 8, 1.000000f, 0, 9 },
		{ 0x2566, 26, 88, 96, 8, 8, 1.000000f, 0, 9 },
		{ 0x2567, 26, 120, 96, 8, 8, 1.000000f, 0, 9 },
		{ 0x2568, 26, 0, 104, 8, 8, 1.000000f, 0, 9 },
		{ 0x2569, 26, 80, 96, 8, 8, 1.000000f, 0, 9 },
		{ 0x256a, 26, 64, 104, 8, 8, 1.000000f, 0, 9 },
		{ 0x256b, 26, 56, 104, 8, 8, 1.000000f, 0, 9 },
		{ 0x256c, 26, 112, 96, 8, 8, 1.000000f, 0, 9 },
		{ 0x2580, 26, 120, 104, 8, 8, 1.000000f, 0, 9 },
		{ 0x2584, 26, 96, 104, 8, 8, 1.000000f, 0, 9 },
		{ 0x2588, 26, 88, 104, 8, 8, 1.000000f, 0, 9 },
		{ 0x258c, 26, 104, 104, 8, 8, 1.000000f, 0, 5 },
		{ 0x2590, 26, 112, 104, 8, 8, 1.000000f, 0, 9 },
		{ 0x2591, 26, 0, 88, 8, 8, 1.000000f, 0, 8 },
		{ 0x2592, 26, 8, 88, 8, 8, 1.000000f, 0, 9 },
		{ 0x2593, 26, 16, 88, 8, 8, 1.000000f, 0, 9 },
		{ 0x25a0, 26, 112, 120, 8, 8, 1.000000f, 0, 6 },
		{ 0x25a1, 28, 104, 440, 8, 8, 1.000000f, 0, 6 },
		{ 0x25b2, 28, 72, 232, 8, 8, 1.000000f, 0, 6 },
		{ 0x25b3, 28, 112, 440, 8, 8, 1.000000f, 0, 6 },
		{ 0x25b6, 28, 80, 232, 8, 8, 1.000000f, 0, 7 },
		{ 0x25b7, 28, 120, 440, 8, 8, 1.000000f, 0, 7 },
		{ 0x25bc, 28, 88, 232, 8, 8, 1.000000f, 0, 6 },
		{ 0x25bd, 28, 0, 448, 8, 8, 1.000000f, 0, 6 },
		{ 0x25c0, 28, 96, 232, 8, 8, 1.000000f, 0, 7 },
		{ 0x25c1, 28, 8, 448, 8, 8, 1.000000f, 0, 7 },
		{ 0x25c6, 28, 16, 448, 8, 8, 1.000000f, 0, 6 },
		{ 0x25c7, 28, 24, 448, 8, 8, 1.000000f, 0, 6 },
		{ 0x25cb, 28, 32, 448, 8, 8, 1.000000f, 0, 6 },
		{ 0x25ce, 28, 40, 448, 8, 8, 1.000000f, 0, 8 },
		{ 0x25cf, 28, 104, 232, 8, 8, 1.000000f, 0, 5 },
		{ 0x25d8, 28, 120, 232, 8, 8, 1.000000f, 0, 4 },
		{ 0x25e6, 28, 112, 232, 8, 8, 1.000000f, 0, 4 },
		{ 0x2600, 28, 24, 136, 8, 8, 1.000000f, 0, 9 },
		{ 0x2601, 28, 32, 136, 8, 8, 1.000000f, 0, 9 },
		{ 0x2602, 28, 16, 416, 8, 8, 1.000000f, 0, 8 },
		{ 0x2603, 28, 48, 416, 8, 8, 1.000000f, 0, 8 },
		{ 0x2604, 28, 32, 416, 8, 8, 1.000000f, 0, 8 },
		{ 0x2605, 28, 56, 448, 8, 8, 1.000000f, 0, 8 },
		{ 0x2606, 28, 48, 448, 8, 8, 1.000000f, 0, 8 },
		{ 0x2608, 28, 40, 136, 8, 8, 1.000000f, 0, 8 },
		{ 0x2610, 27, 81, 852, 9, 12, 1.000000f, -3, 10 },
		{ 0x2611, 27, 90, 852, 9, 12, 1.000000f, -3, 10 },
		{ 0x2612, 27, 99, 852, 9, 12, 1.000000f, -3, 10 },
		{ 0x2614, 28, 24, 416, 8, 8, 1.000000f, 0, 8 },
		{ 0x261c, 27, 0, 288, 9, 12, 1.000000f, -3, 10 },
		{ 0x261e, 27, 135, 276, 9, 12, 1.000000f, -3, 10 },
		{ 0x2620, 28, 32, 96, 8, 8, 1.000000f, 0, 8 },
		{ 0x262e, 27, 9, 288, 9, 12, 1.000000f, -3, 10 },
		{ 0x262f, 27, 72, 852, 9, 12, 1.000000f, -3, 10 },
		{ 0x2630, 28, 8, 424, 8, 8, 1.000000f, 0, 6 },
		{ 0x2631, 28, 16, 424, 8, 8, 1.000000f, 0, 6 },
		{ 0x2632, 28, 56, 136, 8, 8, 1.000000f, 0, 6 },
		{ 0x2633, 28, 24, 424, 8, 8, 1.000000f, 0, 6 },
		{ 0x2634, 28, 32, 424, 8, 8, 1.000000f, 0, 6 },
		{ 0x2635, 28, 64, 136, 8, 8, 1.000000f, 0, 6 },
		{ 0x2636, 28, 40, 424, 8, 8, 1.000000f, 0, 6 },
		{ 0x2637, 28, 48, 424, 8, 8, 1.000000f, 0, 6 },
		{ 0x2639, 28, 88, 288, 8, 8, 1.000000f, 0, 6 },
		{ 0x263a, 28, 64, 288, 8, 8, 1.000000f, 0, 6 },
		{ 0x263b, 28, 72, 288, 8, 8, 1.000000f, 0, 8 },
		{ 0x263d, 28, 72, 136, 8, 8, 1.000000f, 0, 9 },
		{ 0x2640, 28, 80, 136, 8, 8, 1.000000f, 0, 4 },
		{ 0x2642, 28, 88, 136, 8, 8, 1.000000f, 0, 6 },
		{ 0x2660, 28, 104, 136, 8, 8, 1.000000f, 0, 6 },
		{ 0x2661, 28, 112, 416, 8, 8, 1.000000f, 0, 6 },
		{ 0x2662, 28, 120, 416, 8, 8, 1.000000f, 0, 6 },
		{ 0x2663, 28, 112, 136, 8, 8, 1.000000f, 0, 6 },
		{ 0x2664, 28, 96, 416, 8, 8, 1.000000f, 0, 6 },
		{ 0x2665, 28, 120, 136, 8, 8, 1.000000f, 0, 6 },
		{ 0x2666, 28, 0, 144, 8, 8, 1.000000f, 0, 6 },
		{ 0x2667, 28, 104, 416, 8, 8, 1.000000f, 0, 6 },
		{ 0x2669, 28, 8, 144, 8, 8, 1.000000f, 0, 4 },
		{ 0x266a, 28, 16, 144, 8, 8, 1.000000f, 0, 6 },
		{ 0x266b, 28, 24, 144, 8, 8, 1.000000f, 0, 8 },
		{ 0x266c, 28, 32, 144, 8, 8, 1.000000f, 0, 8 },
		{ 0x266d, 28, 40, 144, 8, 8, 1.000000f, 0, 4 },
		{ 0x266e, 28, 48, 144, 8, 8, 1.000000f, 0, 4 },
		{ 0x266f, 28, 56, 144, 8, 8, 1.000000f, 0, 6 },
		{ 0x2680, 28, 64, 144, 8, 8, 1.000000f, 0, 8 },
		{ 0x2681, 28, 72, 144, 8, 8, 1.000000f, 0, 8 },
		{ 0x2682, 28, 80, 144, 8, 8, 1.000000f, 0, 8 },
		{ 0x2683, 28, 88, 144, 8, 8, 1.000000f, 0, 8 },
		{ 0x2684, 28, 96, 144, 8, 8, 1.000000f, 0, 8 },
		{ 0x2685, 28, 104, 144, 8, 8, 1.000000f, 0, 8 },
		{ 0x2690, 28, 72, 416, 8, 8, 1.000000f, 0, 8 },
		{ 0x2691, 28, 72, 512, 8, 8, 1.000000f, 0, 8 },
		{ 0x2693, 28, 0, 240, 8, 8, 1.000000f, 0, 8 },
		{ 0x2694, 28, 24, 96, 8, 8, 1.000000f, 0, 8 },
		{ 0x2697, 28, 120, 504, 8, 8, 1.000000f, 0, 8 },
		{ 0x26a0, 27, 45, 300, 9, 12, 1.000000f, -3, 10 },
		{ 0x26a1, 28, 120, 144, 8, 8, 1.000000f, 0, 6 },
		{ 0x26a5, 28, 96, 136, 8, 8, 1.000000f, 0, 6 },
		{ 0x26c4, 28, 40, 416, 8, 8, 1.000000f, 0, 7 },
		{ 0x26c8, 28, 0, 424, 8, 8, 1.000000f, 0, 9 },
		{ 0x26cf, 28, 0, 152, 8, 8, 1.000000f, 0, 9 },
		{ 0x26e8, 28, 8, 240, 8, 8, 1.000000f, 0, 8 },
		{ 0x2702, 28, 32, 512, 8, 8, 1.000000f, 0, 8 },
		{ 0x2709, 28, 8, 416, 8, 8, 1.000000f, 0, 8 },
		{ 0x270e, 28, 80, 416, 8, 8, 1.000000f, 0, 8 },
		{ 0x2714, 28, 8, 152, 8, 8, 1.000000f, 0, 7 },
		{ 0x2718, 28, 64, 448, 8, 8, 1.000000f, 0, 7 },
		{ 0x2744, 28, 16, 152, 8, 8, 1.000000f, 0, 8 },
		{ 0x274c, 28, 24, 152, 8, 8, 1.000000f, 0, 7 },
		{ 0x2763, 28, 88, 416, 8, 8, 1.000000f, 0, 6 },
		{ 0x2764, 28, 32, 152, 8, 8, 1.000000f, 0, 8 },
		{ 0x27d8, 28, 112, 160, 8, 8, 1.000000f, 0, 6 },
		{ 0x295d, 28, 96, 152, 8, 8, 1.000000f, 0, 6 },
		{ 0x29c8, 28, 16, 96, 8, 8, 1.000000f, 0, 8 },
		{ 0x2b50, 28, 40, 152, 8, 8, 1.000000f, 0, 8 },
		{ 0x2b58, 28, 64, 232, 8, 8, 1.000000f, 0, 8 },
		{ 0x2bea, 28, 0, 512, 8, 8, 1.000000f, 0, 8 },
		{ 0x2beb, 28, 8, 512, 8, 8, 1.000000f, 0, 8 },
		{ 0x2c62, 27, 81, 420, 9, 12, 1.000000f, -3, 8 },
		{ 0x2c65, 28, 56, 472, 8, 8, 1.000000f, 0, 7 },
		{ 0x2c66, 28, 104, 472, 8, 8, 1.000000f, 0, 6 },
		{ 0x2c6d, 28, 16, 512, 8, 8, 1.000000f, 0, 6 },
		{ 0x2c6f, 28, 16, 160, 8, 8, 1.000000f, 0, 6 },
		{ 0x2c71, 28, 56, 384, 8, 8, 1.000000f, 0, 8 },
		{ 0x2c7e, 27, 126, 852, 9, 12, 1.000000f, -3, 6 },
		{ 0x2c7f, 27, 0, 864, 9, 12, 1.000000f, -3, 6 },
		{ 0x2d00, 28, 40, 392, 8, 8, 1.000000f, 0, 6 },
		{ 0x2d01, 28, 48, 392, 8, 8, 1.000000f, 0, 7 },
		{ 0x2d02, 28, 56, 392, 8, 8, 1.000000f, 0, 7 },
		{ 0x2d03, 28, 64, 392, 8, 8, 1.000000f, 0, 6 },
		{ 0x2d04, 28, 72, 392, 8, 8, 1.000000f, 0, 6 },
		{ 0x2d05, 28, 80, 392, 8, 8, 1.000000f, 0, 6 },
		{ 0x2d06, 28, 88, 392, 8, 8, 1.000000f, 0, 7 },
		{ 0x2d07, 28, 104, 392, 8, 8, 1.000000f, 0, 6 },
		{ 0x2d08, 28, 112, 392, 8, 8, 1.000000f, 0, 6 },
		{ 0x2d09, 28, 120, 392, 8, 8, 1.000000f, 0, 6 },
		{ 0x2d0a, 28, 0, 400, 8, 8, 1.000000f, 0, 6 },
		{ 0x2d0b, 28, 8, 400, 8, 8, 1.000000f, 0, 6 },
		{ 0x2d0c, 28, 16, 400, 8, 8, 1.000000f, 0, 6 },
		{ 0x2d0d, 28, 32, 400, 8, 8, 1.000000f, 0, 6 },
		{ 0x2d0e, 28, 40, 400, 8, 8, 1.000000f, 0, 7 },
		{ 0x2d0f, 28, 48, 400, 8, 8, 1.000000f, 0, 7 },
		{ 0x2d10, 28, 56, 400, 8, 8, 1.000000f, 0, 6 },
		{ 0x2d11, 28, 64, 400, 8, 8, 1.000000f, 0, 6 },
		{ 0x2d12, 28, 72, 400, 8, 8, 1.000000f, 0, 6 },
		{ 0x2d13, 28, 88, 400, 8, 8, 1.000000f, 0, 6 },
		{ 0x2d14, 28, 96, 400, 8, 8, 1.000000f, 0, 6 },
		{ 0x2d15, 28, 104, 400, 8, 8, 1.000000f, 0, 6 },
		{ 0x2d16, 28, 112, 400, 8, 8, 1.000000f, 0, 6 },
		{ 0x2d17, 28, 120, 400, 8, 8, 1.000000f, 0, 6 },
		{ 0x2d18, 28, 0, 408, 8, 8, 1.000000f, 0, 6 },
		{ 0x2d19, 28, 8, 408, 8, 8, 1.000000f, 0, 6 },
		{ 0x2d1a, 28, 16, 408, 8, 8, 1.000000f, 0, 6 },
		{ 0x2d1b, 28, 24, 408, 8, 8, 1.000000f, 0, 6 },
		{ 0x2d1c, 28, 32, 408, 8, 8, 1.000000f, 0, 6 },
		{ 0x2d1d, 28, 40, 408, 8, 8, 1.000000f, 0, 7 },
		{ 0x2d1e, 28, 48, 408, 8, 8, 1.000000f, 0, 6 },
		{ 0x2d1f, 28, 64, 408, 8, 8, 1.000000f, 0, 6 },
		{ 0x2d20, 28, 72, 408, 8, 8, 1.000000f, 0, 6 },
		{ 0x2d21, 28, 96, 392, 8, 8, 1.000000f, 0, 6 },
		{ 0x2d22, 28, 24, 400, 8, 8, 1.000000f, 0, 6 },
		{ 0x2d23, 28, 80, 400, 8, 8, 1.000000f, 0, 6 },
		{ 0x2d24, 28, 56, 408, 8, 8, 1.000000f, 0, 6 },
		{ 0x2d25, 28, 80, 408, 8, 8, 1.000000f, 0, 6 },
		{ 0x2e18, 28, 48, 152, 8, 8, 1.000000f, 0, 6 },
		{ 0x2e2e, 28, 56, 152, 8, 8, 1.000000f, 0, 6 },
		{ 0x2e35, 28, 64, 152, 8, 8, 1.000000f, 0, 2 },
		{ 0x2e38, 28, 72, 152, 8, 8, 1.000000f, 0, 6 },
		{ 0x2e41, 28, 80, 152, 8, 8, 1.000000f, 0, 2 },
		{ 0x2e4b, 28, 88, 152, 8, 8, 1.000000f, 0, 6 },
		{ 0x3012, 28, 112, 456, 8, 8, 1.000000f, 0, 6 },
		{ 0x3125, 28, 8, 160, 8, 8, 1.000000f, 0, 6 },
		{ 0xa680, 27, 99, 600, 9, 12, 1.000000f, -3, 7 },
		{ 0xa681, 27, 54, 648, 9, 12, 1.000000f, -3, 7 },
		{ 0xa682, 27, 90, 600, 9, 12, 1.000000f, -3, 6 },
		{ 0xa683, 27, 45, 648, 9, 12, 1.000000f, -3, 6 },
		{ 0xa684, 27, 135, 600, 9, 12, 1.000000f, -3, 10 },
		{ 0xa685, 27, 90, 648, 9, 12, 1.000000f, -3, 9 },
		{ 0xa686, 27, 126, 636, 9, 12, 1.000000f, -3, 6 },
		{ 0xa687, 27, 81, 684, 9, 12, 1.000000f, -3, 6 },
		{ 0xa688, 27, 108, 600, 9, 12, 1.000000f, -3, 7 },
		{ 0xa689, 27, 63, 648, 9, 12, 1.000000f, -3, 7 },
		{ 0xa68a, 27, 135, 624, 9, 12, 1.000000f, -3, 7 },
		{ 0xa68b, 27, 90, 672, 9, 12, 1.000000f, -3, 7 },
		{ 0xa68c, 27, 0, 636, 9, 12, 1.000000f, -3, 6 },
		{ 0xa68d, 27, 99, 672, 9, 12, 1.000000f, -3, 6 },
		{ 0xa68e, 27, 72, 636, 9, 12, 1.000000f, -3, 7 },
		{ 0xa68f, 27, 27, 684, 9, 12, 1.000000f, -3, 6 },
		{ 0xa690, 27, 117, 624, 9, 12, 1.000000f, -3, 6 },
		{ 0xa691, 27, 72, 672, 9, 12, 1.000000f, -3, 6 },
		{ 0xa692, 27, 108, 636, 9, 12, 1.000000f, -3, 7 },
		{ 0xa693, 27, 63, 684, 9, 12, 1.000000f, -3, 7 },
		{ 0xa694, 27, 54, 636, 9, 12, 1.000000f, -3, 6 },
		{ 0xa695, 27, 9, 684, 9, 12, 1.000000f, -3, 6 },
		{ 0xa696, 27, 117, 636, 9, 12, 1.000000f, -3, 9 },
		{ 0xa697, 27, 72, 684, 9, 12, 1.000000f, -3, 7 },
		{ 0xa726, 28, 40, 384, 8, 8, 1.000000f, 0, 6 },
		{ 0xa727, 28, 32, 384, 8, 8, 1.000000f, 0, 6 },
		{ 0xa728, 28, 40, 240, 8, 8, 1.000000f, 0, 8 },
		{ 0xa729, 28, 48, 240, 8, 8, 1.000000f, 0, 7 },
		{ 0xa730, 28, 96, 296, 8, 8, 1.000000f, 0, 6 },
		{ 0xa731, 28, 64, 304, 8, 8, 1.000000f, 0, 6 },
		{ 0xa732, 27, 18, 216, 9, 12, 1.000000f, -3, 10 },
		{ 0xa733, 27, 27, 216, 9, 12, 1.000000f, -3, 10 },
		{ 0xa734, 27, 36, 216, 9, 12, 1.000000f, -3, 10 },
		{ 0xa735, 27, 45, 216, 9, 12, 1.000000f, -3, 10 },
		{ 0xa736, 27, 54, 216, 9, 12, 1.000000f, -3, 10 },
		{ 0xa737, 27, 63, 216, 9, 12, 1.000000f, -3, 10 },
		{ 0xa738, 27, 72, 216, 9, 12, 1.000000f, -3, 10 },
		{ 0xa739, 28, 56, 240, 8, 8, 1.000000f, 0, 9 },
		{ 0xa73a, 27, 81, 216, 9, 12, 1.000000f, -3, 10 },
		{ 0xa73b, 28, 64, 240, 8, 8, 1.000000f, 0, 9 },
		{ 0xa73c, 27, 90, 216, 9, 12, 1.000000f, -3, 10 },
		{ 0xa73d, 27, 99, 216, 9, 12, 1.000000f, -3, 9 },
		{ 0xa73e, 27, 45, 516, 9, 12, 1.000000f, -3, 6 },
		{ 0xa73f, 27, 54, 516, 9, 12, 1.000000f, -3, 6 },
		{ 0xa74e, 27, 108, 216, 9, 12, 1.000000f, -3, 10 },
		{ 0xa74f, 27, 117, 216, 9, 12, 1.000000f, -3, 10 },
		{ 0xa75a, 28, 32, 224, 8, 8, 1.000000f, 0, 6 },
		{ 0xa75b, 28, 40, 224, 8, 8, 1.000000f, 0, 5 },
		{ 0xa760, 27, 126, 216, 9, 12, 1.000000f, -3, 6 },
		{ 0xa761, 27, 135, 216, 9, 12, 1.000000f, -3, 6 },
		{ 0xa779, 28, 96, 160, 8, 8, 1.000000f, 0, 6 },
		{ 0xa780, 28, 80, 160, 8, 8, 1.000000f, 0, 6 },
		{ 0xa781, 28, 88, 168, 8, 8, 1.000000f, 0, 3 },
		{ 0xa794, 27, 36, 864, 9, 12, 1.000000f, -3, 6 },
		{ 0xa795, 27, 72, 864, 9, 12, 1.000000f, -3, 7 },
		{ 0xa7a8, 28, 0, 488, 8, 8, 1.000000f, 0, 7 },
		{ 0xa7a9, 28, 8, 488, 8, 8, 1.000000f, 0, 6 },
		{ 0xa7af, 28, 48, 304, 8, 8, 1.000000f, 0, 6 },
		{ 0xa7b0, 28, 72, 160, 8, 8, 1.000000f, 0, 6 },
		{ 0xa7c4, 27, 27, 864, 9, 12, 1.000000f, -3, 6 },
		{ 0xa7c6, 27, 27, 876, 9, 12, 1.000000f, -3, 7 },
		{ 0xab50, 27, 81, 528, 9, 12, 1.000000f, -3, 6 },
		{ 0xab51, 27, 90, 528, 9, 12, 1.000000f, -3, 6 },
		{ 0xab63, 27, 117, 516, 9, 12, 1.000000f, -3, 10 },
		{ 0xfb00, 28, 72, 240, 8, 8, 1.000000f, 0, 8 },
		{ 0xfb01, 28, 80, 240, 8, 8, 1.000000f, 0, 6 },
		{ 0xfb02, 28, 88, 240, 8, 8, 1.000000f, 0, 7 },
		{ 0xfb03, 28, 96, 240, 8, 8, 1.000000f, 0, 9 },
		{ 0xfb04, 27, 0, 228, 9, 12, 1.000000f, -3, 10 },
		{ 0xfb05, 28, 104, 240, 8, 8, 1.000000f, 0, 6 },
		{ 0xfb06, 27, 9, 228, 9, 12, 1.000000f, -3, 10 },
		{ 0xfb13, 27, 90, 564, 9, 12, 1.000000f, -3, 10 },
		{ 0xfb14, 27, 54, 564, 9, 12, 1.000000f, -3, 10 },
		{ 0xfb15, 27, 63, 564, 9, 12, 1.000000f, -3, 10 },
		{ 0xfb16, 27, 81, 564, 9, 12, 1.000000f, -3, 10 },
		{ 0xfb17, 27, 72, 564, 9, 12, 1.000000f, -3, 10 },
		{ 0xfb1d, 28, 120, 376, 8, 8, 1.000000f, 0, 2 },
		{ 0xfb1f, 28, 112, 376, 8, 8, 1.000000f, 0, 4 },
		{ 0xfb2b, 28, 80, 376, 8, 8, 1.000000f, 0, 6 },
		{ 0xfb2e, 27, 117, 528, 9, 12, 1.000000f, -3, 6 },
		{ 0xfb2f, 27, 126, 528, 9, 12, 1.000000f, -3, 6 },
		{ 0xfb31, 28, 24, 384, 8, 8, 1.000000f, 0, 6 },
		{ 0xfb35, 28, 8, 384, 8, 8, 1.000000f, 0, 4 },
		{ 0xfb3b, 28, 104, 376, 8, 8, 1.000000f, 0, 5 },
		{ 0xfb44, 28, 96, 376, 8, 8, 1.000000f, 0, 6 },
		{ 0xfb4a, 28, 72, 376, 8, 8, 1.000000f, 0, 6 },
		{ 0xfb4b, 28, 0, 384, 8, 8, 1.000000f, 0, 3 },
		{ 0xfb4c, 28, 16, 384, 8, 8, 1.000000f, 0, 6 },
		{ 0xfb4e, 28, 88, 376, 8, 8, 1.000000f, 0, 6 },
		{ 0xff0b, 28, 64, 72, 8, 8, 1.000000f, 0, 6 },
		{ 0xfffd, 28, 112, 240, 8, 8, 1.000000f, 0, 8 },
		{ 0x10330, 28, 16, 488, 8, 8, 1.000000f, 0, 6 },
		{ 0x10331, 28, 24, 488, 8, 8, 1.000000f, 0, 6 },
		{ 0x10332, 28, 32, 488, 8, 8, 1.000000f, 0, 6 },
		{ 0x10333, 28, 40, 488, 8, 8, 1.000000f, 0, 6 },
		{ 0x10334, 28, 48, 488, 8, 8, 1.000000f, 0, 6 },
		{ 0x10335, 28, 56, 488, 8, 8, 1.000000f, 0, 6 },
		{ 0x10336, 28, 64, 488, 8, 8, 1.000000f, 0, 6 },
		{ 0x10337, 28, 72, 488, 8, 8, 1.000000f, 0, 6 },
		{ 0x10338, 28, 80, 488, 8, 8, 1.000000f, 0, 6 },
		{ 0x10339, 28, 88, 488, 8, 8, 1.000000f, 0, 2 },
		{ 0x1033a, 28, 96, 488, 8, 8, 1.000000f, 0, 6 },
		{ 0x1033b, 28, 104, 488, 8, 8, 1.000000f, 0, 6 },
		{ 0x1033c, 28, 112, 488, 8, 8, 1.000000f, 0, 6 },
		{ 0x1033d, 28, 120, 488, 8, 8, 1.000000f, 0, 6 },
		{ 0x1033e, 28, 0, 496, 8, 8, 1.000000f, 0, 6 },
		{ 0x1033f, 28, 8, 496, 8, 8, 1.000000f, 0, 6 },
		{ 0x10340, 28, 16, 496, 8, 8, 1.000000f, 0, 6 },
		{ 0x10341, 28, 24, 496, 8, 8, 1.000000f, 0, 6 },
		{ 0x10342, 28, 32, 496, 8, 8, 1.000000f, 0, 6 },
		{ 0x10343, 28, 40, 496, 8, 8, 1.000000f, 0, 6 },
		{ 0x10344, 28, 48, 496, 8, 8, 1.000000f, 0, 6 },
		{ 0x10345, 28, 56, 496, 8, 8, 1.000000f, 0, 6 },
		{ 0x10346, 28, 64, 496, 8, 8, 1.000000f, 0, 6 },
		{ 0x10347, 28, 72, 496, 8, 8, 1.000000f, 0, 6 },
		{ 0x10348, 28, 80, 496, 8, 8, 1.000000f, 0, 6 },
		{ 0x10349, 28, 88, 496, 8, 8, 1.000000f, 0, 6 },
		{ 0x1034a, 28, 96, 496, 8, 8, 1.000000f, 0, 6 },
		{ 0x1f30a, 28, 120, 496, 8, 8, 1.000000f, 0, 9 },
		{ 0x1f327, 28, 104, 496, 8, 8, 1.000000f, 0, 9 },
		{ 0x1f356, 28, 40, 512, 8, 8, 1.000000f, 0, 9 },
		{ 0x1f3a3, 28, 104, 504, 8, 8, 1.000000f, 0, 9 },
		{ 0x1f3f9, 28, 80, 504, 8, 8, 1.000000f, 0, 9 },
		{ 0x1f514, 28, 56, 512, 8, 8, 1.000000f, 0, 8 },
		{ 0x1f525, 28, 112, 496, 8, 8, 1.000000f, 0, 7 },
		{ 0x1f531, 28, 96, 504, 8, 8, 1.000000f, 0, 9 },
		{ 0x1f5e1, 28, 72, 504, 8, 8, 1.000000f, 0, 9 },
		{ 0x1f6e1, 28, 24, 512, 8, 8, 1.000000f, 0, 8 },
		{ 0x1f9ea, 28, 112, 504, 8, 8, 1.000000f, 0, 8 },
		{ 0x1fa93, 28, 88, 504, 8, 8, 1.000000f, 0, 7 },
		{ 0x1faa3, 28, 48, 512, 8, 8, 1.000000f, 0, 8 },
	};

	// tnt in a 16x16 slot: block.json gui transform + Lighting ITEMS_3D, corners x y (slot px) u v
	struct face_t {
		int m_sprite;
		float m_corner[ 4 ][ 4 ];
		float m_shade;
	};

	inline constexpr face_t k_tnt_faces[] = {
		{ 24, { { 15.0711f, 3.6699f, 0.0000f, 0.0000f }, { 8.0000f, 0.1343f, 0.0000f, 1.0000f }, { 0.9289f, 3.6699f, 1.0000f, 1.0000f }, { 8.0000f, 7.2054f, 1.0000f, 0.0000f } }, 1.0000f }, // up
		{ 25, { { 8.0000f, 7.2054f, 0.0000f, 0.0000f }, { 8.0000f, 15.8657f, 0.0000f, 1.0000f }, { 15.0711f, 12.3301f, 1.0000f, 1.0000f }, { 15.0711f, 3.6699f, 1.0000f, 0.0000f } }, 0.4000f }, // north
		{ 25, { { 0.9289f, 3.6699f, 0.0000f, 0.0000f }, { 0.9289f, 12.3301f, 0.0000f, 1.0000f }, { 8.0000f, 15.8657f, 1.0000f, 1.0000f }, { 8.0000f, 7.2054f, 1.0000f, 0.0000f } }, 0.6505f }, // east
	};
}
